n_leaves,n_colors,n_edges,max_cross_pairs,non_edges,non_edge_ratio,mean_out_degree,std_out_degree,max_out_degree,mean_in_degree,std_in_degree,max_in_degree,n_isolated_leaves,max_color_class_size,mean_color_class_size,std_color_class_size,n_singleton_colors,n_reciprocal_edges,reciprocal_ratio,density,reciprocity,n_nontrivial_scc,n_base_cherry_nodes,n_extension_edges,n_chain_nodes,has_chain,max_chain_length,extension_edges_per_cherry,n_false_positive_edges,n_false_negative_edges,num_species,num_hybridizations,mismatch
3,3,6,6,0,0.0,2.0,0.0,2,2.0,0.0,2,0,1,1.0,0.0,3,3,0.5,1.0,1.0,1,3,0,0,False,0,0.0,0,0,3,1,False
10,5,56,76,20,0.2631578947368421,5.6,0.8,7,5.6,2.8000000000000003,9,0,3,2.0,0.8944271909999159,2,24,0.42857142857142855,0.6222222222222222,0.8571428571428571,1,38,20,0,False,1,0.5263157894736842,0,0,5,3,False
7,3,20,32,12,0.375,2.857142857142857,0.6388765649999399,4,2.857142857142857,1.4568627181693672,4,0,3,2.3333333333333335,0.4714045207910317,0,6,0.3,0.47619047619047616,0.6,2,16,12,2,True,2,0.75,0,0,3,4,False
13,8,118,146,28,0.1917808219178082,9.076923076923077,0.8284868934053085,10,9.076923076923077,3.5617959700893,12,0,2,1.625,0.4841229182759271,3,49,0.4152542372881356,0.7564102564102564,0.8305084745762712,2,73,28,2,True,2,0.3835616438356164,0,0,8,4,False
15,7,133,190,57,0.3,8.866666666666667,2.4997777679003566,14,8.866666666666667,2.1561282171728307,14,0,3,2.142857142857143,0.6388765649999399,1,65,0.48872180451127817,0.6333333333333333,0.9774436090225563,1,95,57,0,False,1,0.6,0,0,7,5,False
9,7,64,68,4,0.058823529411764705,7.111111111111111,0.8748897637790901,8,7.111111111111111,1.0999438818457405,8,0,2,1.2857142857142858,0.45175395145262565,5,30,0.46875,0.8888888888888888,0.9375,1,34,4,1,True,2,0.11764705882352941,0,0,7,5,False
9,7,60,66,6,0.09090909090909091,6.666666666666667,0.4714045207910317,7,6.666666666666667,2.494438257849294,8,0,3,1.2857142857142858,0.6998542122237652,6,27,0.45,0.8333333333333334,0.9,1,33,6,0,False,1,0.18181818181818182,0,0,7,4,False
7,6,37,40,3,0.075,5.285714285714286,0.4517539514526256,6,5.285714285714286,1.3850513878332367,6,0,2,1.1666666666666667,0.3726779962499649,5,17,0.4594594594594595,0.8809523809523809,0.918918918918919,1,20,3,0,False,1,0.15,0,0,6,8,False
10,8,75,84,9,0.10714285714285714,7.5,0.806225774829855,9,7.5,2.4186773244895647,9,0,3,1.25,0.6614378277661477,7,33,0.44,0.8333333333333334,0.88,1,42,9,0,False,1,0.21428571428571427,0,0,8,5,False
4,3,9,10,1,0.1,2.25,0.4330127018922193,3,2.25,0.82915619758885,3,0,2,1.3333333333333333,0.4714045207910317,2,4,0.4444444444444444,0.75,0.8888888888888888,1,5,1,0,False,1,0.2,0,0,3,4,False
8,6,50,50,0,0.0,6.25,0.9682458365518543,7,6.25,0.9682458365518543,7,0,3,1.3333333333333333,0.74535599249993,5,25,0.5,0.8928571428571429,1.0,1,25,0,0,False,0,0.0,0,0,6,3,False
14,7,128,162,34,0.20987654320987653,9.142857142857142,2.1333120747240115,13,9.142857142857142,3.136356914300021,13,0,3,2.0,0.9258200997725514,3,53,0.4140625,0.7032967032967034,0.828125,1,81,34,2,True,2,0.41975308641975306,0,0,7,4,False
19,8,251,308,57,0.18506493506493507,13.210526315789474,2.8391797808970898,18,13.210526315789474,4.033790790812573,18,0,4,2.375,0.9921567416492215,2,107,0.4262948207171315,0.7339181286549707,0.852589641434263,1,154,57,6,True,2,0.37012987012987014,0,0,8,2,False
37,10,839,1226,387,0.31566068515497553,22.675675675675677,2.68181114733101,28,22.675675675675677,4.5443999042126935,28,0,5,3.7,0.7810249675906654,0,394,0.4696066746126341,0.6298798798798799,0.9392133492252682,1,613,387,9,True,2,0.6313213703099511,0,0,10,1,False
7,6,40,40,0,0.0,5.714285714285714,0.4517539514526256,6,5.714285714285714,0.4517539514526256,6,0,2,1.1666666666666667,0.3726779962499649,5,20,0.5,0.9523809523809523,1.0,1,20,0,0,False,0,0.0,0,0,6,6,False
8,6,52,52,0,0.0,6.5,0.5,7,6.5,0.5,7,0,2,1.3333333333333333,0.47140452079103173,4,26,0.5,0.9285714285714286,1.0,1,26,0,0,False,0,0.0,0,0,6,4,False
3,3,6,6,0,0.0,2.0,0.0,2,2.0,0.0,2,0,1,1.0,0.0,3,3,0.5,1.0,1.0,1,3,0,0,False,0,0.0,0,0,3,6,False
6,4,22,26,4,0.15384615384615385,3.6666666666666665,0.7453559924999298,5,3.6666666666666665,1.3743685418725538,5,0,2,1.5,0.5,2,9,0.4090909090909091,0.7333333333333333,0.8181818181818182,1,13,4,0,False,1,0.3076923076923077,0,0,4,3,False
12,10,125,128,3,0.0234375,10.416666666666666,0.759202798262025,11,10.416666666666666,1.114924013354971,11,0,2,1.2,0.4,8,61,0.488,0.946969696969697,0.976,1,64,3,0,False,1,0.046875,0,0,10,4,False
12,9,124,124,0,0.0,10.333333333333334,0.8498365855987975,11,10.333333333333334,0.8498365855987975,11,0,3,1.3333333333333333,0.6666666666666666,7,62,0.5,0.9393939393939394,1.0,1,62,0,0,False,0,0.0,0,0,9,2,False
12,10,122,126,4,0.031746031746031744,10.166666666666666,0.9860132971832694,11,10.166666666666666,1.51840559652405,11,0,3,1.2,0.6000000000000001,9,59,0.48360655737704916,0.9242424242424242,0.9672131147540983,1,63,4,0,False,1,0.06349206349206349,0,0,10,4,False
10,3,28,58,30,0.5172413793103449,2.8,2.08806130178211,9,2.8,2.08806130178211,9,0,5,3.3333333333333335,1.699673171197595,1,14,0.5,0.3111111111111111,1.0,1,29,30,0,False,1,1.0344827586206897,0,0,3,1,False
27,10,409,588,179,0.304421768707483,15.148148148148149,3.950655864009153,22,15.148148148148149,7.245451721233038,26,0,9,2.7,2.6095976701399777,6,171,0.4180929095354523,0.5826210826210826,0.8361858190709046,1,294,179,9,True,3,0.608843537414966,2,0,10,4,True
16,9,162,214,52,0.24299065420560748,10.125,1.4947825928876748,12,10.125,5.134138194478212,15,0,5,1.7777777777777777,1.227262335243029,5,66,0.4074074074074074,0.675,0.8148148148148148,1,107,52,8,True,2,0.48598130841121495,0,0,9,4,False
35,8,490,1058,568,0.5368620037807184,14.0,2.1908902300206643,19,14.0,10.687776729917754,31,0,7,4.375,1.3169567191065923,0,145,0.29591836734693877,0.4117647058823529,0.5918367346938775,2,529,568,60,True,3,1.0737240075614367,0,0,8,8,False
10,5,52,76,24,0.3157894736842105,5.2,1.8330302779823362,8,5.2,2.638181191654584,9,0,3,2.0,0.8944271909999159,2,20,0.38461538461538464,0.5777777777777777,0.7692307692307693,1,38,24,4,True,2,0.631578947368421,0,0,5,2,False
4,2,4,6,2,0.3333333333333333,1.0,0.0,1,1.0,1.224744871391589,3,0,3,2.0,1.0,1,1,0.25,0.3333333333333333,0.5,1,3,2,0,False,1,0.6666666666666666,0,0,2,2,False
14,9,156,170,14,0.08235294117647059,11.142857142857142,0.9147320339189784,13,11.142857142857142,1.921946292439102,13,0,3,1.5555555555555556,0.6849348892187752,5,74,0.47435897435897434,0.8571428571428571,0.9487179487179487,1,85,14,0,False,1,0.16470588235294117,0,0,9,4,False
7,6,38,40,2,0.05,5.428571428571429,0.4948716593053935,6,5.428571428571429,1.0497813183356477,6,0,2,1.1666666666666667,0.3726779962499649,5,18,0.47368421052631576,0.9047619047619048,0.9473684210526315,1,20,2,0,False,1,0.1,0,0,6,7,False
26,7,324,570,246,0.43157894736842106,12.461538461538462,4.226571343943432,19,12.461538461538462,3.754287489819209,18,0,6,3.7142857142857144,1.1605769149479943,0,159,0.49074074074074076,0.49846153846153846,0.9814814814814815,1,285,246,3,True,2,0.8631578947368421,0,0,7,1,False
17,9,192,252,60,0.23809523809523808,11.294117647058824,1.871291025951396,16,11.294117647058824,4.1126019512820085,16,0,3,1.8888888888888888,0.7370277311900889,3,86,0.4479166666666667,0.7058823529411765,0.8958333333333334,1,126,60,0,False,1,0.47619047619047616,0,0,9,3,False
9,8,70,70,0,0.0,7.777777777777778,0.41573970964154905,8,7.777777777777778,0.41573970964154905,8,0,2,1.125,0.33071891388307384,7,35,0.5,0.9722222222222222,1.0,1,35,0,0,False,0,0.0,0,0,8,2,False
8,8,56,56,0,0.0,7.0,0.0,7,7.0,0.0,7,0,1,1.0,0.0,8,28,0.5,1.0,1.0,1,28,0,0,False,0,0.0,0,0,8,6,False
8,3,28,40,12,0.3,3.5,1.118033988749895,5,3.5,1.118033988749895,5,0,4,2.6666666666666665,0.9428090415820634,0,14,0.5,0.5,1.0,1,20,12,0,False,1,0.6,0,0,3,1,False
3,3,6,6,0,0.0,2.0,0.0,2,2.0,0.0,2,0,1,1.0,0.0,3,3,0.5,1.0,1.0,1,3,0,0,False,0,0.0,0,0,3,2,False
10,7,75,78,3,0.038461538461538464,7.5,1.5,9,7.5,1.857417562100671,9,0,4,1.4285714285714286,1.0497813183356477,6,36,0.48,0.8333333333333334,0.96,1,39,3,0,False,1,0.07692307692307693,0,0,7,2,False
13,9,138,144,6,0.041666666666666664,10.615384615384615,1.2113858267710478,12,10.615384615384615,1.942973990817706,12,0,3,1.4444444444444444,0.8314794192830981,7,66,0.4782608695652174,0.8846153846153846,0.9565217391304348,1,72,6,0,False,1,0.08333333333333333,0,0,9,5,False
3,3,6,6,0,0.0,2.0,0.0,2,2.0,0.0,2,0,1,1.0,0.0,3,3,0.5,1.0,1.0,1,3,0,0,False,0,0.0,0,0,3,2,False
17,5,135,206,71,0.3446601941747573,7.9411764705882355,1.211250604822,10,7.9411764705882355,5.417516125389765,16,0,7,3.4,2.2449944320643644,2,50,0.37037037037037035,0.4963235294117647,0.7407407407407407,1,103,71,7,True,2,0.6893203883495146,0,0,5,6,False
14,7,139,164,25,0.1524390243902439,9.928571428571429,1.386891988496257,12,9.928571428571429,2.6849923041732144,13,0,3,2.0,0.7559289460184544,2,63,0.45323741007194246,0.7637362637362637,0.9064748201438849,1,82,25,1,True,2,0.3048780487804878,0,0,7,3,False
11,10,108,108,0,0.0,9.818181818181818,0.385694607919935,10,9.818181818181818,0.385694607919935,10,0,2,1.1,0.3,9,54,0.5,0.9818181818181818,1.0,1,54,0,0,False,0,0.0,0,0,10,1,False
4,4,12,12,0,0.0,3.0,0.0,3,3.0,0.0,3,0,1,1.0,0.0,4,6,0.5,1.0,1.0,1,6,0,0,False,0,0.0,0,0,4,1,False
23,10,348,460,112,0.24347826086956523,15.130434782608695,3.60319119219142,22,15.130434782608695,5.589620410430677,22,0,4,2.3,1.2688577540449522,4,144,0.41379310344827586,0.6877470355731226,0.8275862068965517,1,230,112,8,True,2,0.48695652173913045,0,0,10,3,False
11,7,83,98,15,0.15306122448979592,7.545454545454546,1.8763424945954814,10,7.545454545454546,2.2709083630539633,10,0,3,1.5714285714285714,0.9035079029052513,5,39,0.46987951807228917,0.7545454545454545,0.9397590361445783,1,49,15,1,True,2,0.30612244897959184,0,0,7,4,False
7,5,31,38,7,0.18421052631578946,4.428571428571429,0.7284313590846836,6,4.428571428571429,1.9166296949998198,6,0,2,1.4,0.4898979485566356,3,12,0.3870967741935484,0.7380952380952381,0.7741935483870968,1,19,7,1,True,2,0.3684210526315789,0,0,5,3,False
11,5,80,92,12,0.13043478260869565,7.2727272727272725,1.2128785512842122,9,7.2727272727272725,1.9582417480489107,10,0,4,2.2,0.9797958971132712,1,38,0.475,0.7272727272727273,0.95,1,46,12,0,False,1,0.2608695652173913,0,0,5,5,False
6,6,30,30,0,0.0,5.0,0.0,5,5.0,0.0,5,0,1,1.0,0.0,6,15,0.5,1.0,1.0,1,15,0,0,False,0,0.0,0,0,6,4,False
13,6,93,140,47,0.3357142857142857,7.153846153846154,1.2917581249035897,10,7.153846153846154,2.9831876045638945,10,0,3,2.1666666666666665,0.3726779962499649,0,33,0.3548387096774194,0.5961538461538461,0.7096774193548387,1,70,47,6,True,2,0.6714285714285714,0,0,6,6,False
7,6,40,40,0,0.0,5.714285714285714,0.4517539514526256,6,5.714285714285714,0.4517539514526256,6,0,2,1.1666666666666667,0.3726779962499649,5,20,0.5,0.9523809523809523,1.0,1,20,0,0,False,0,0.0,0,0,6,1,False
22,8,243,418,175,0.41866028708133973,11.045454545454545,2.8520689894638167,16,11.045454545454545,4.809812628435869,18,0,4,2.75,0.82915619758885,0,101,0.4156378600823045,0.525974025974026,0.831275720164609,2,209,175,17,True,2,0.8373205741626795,2,0,8,6,True
2,2,2,2,0,0.0,1.0,0.0,1,1.0,0.0,1,0,1,1.0,0.0,2,1,0.5,1.0,1.0,1,0,0,0,False,0,,0,0,2,4,False
54,10,881,2598,1717,0.6608929946112394,16.314814814814813,5.188391865587221,46,16.314814814814813,4.681816971101244,39,0,9,5.4,1.624807680927192,0,406,0.4608399545970488,0.30782669461914747,0.9216799091940976,1,1299,1717,27,True,3,1.3217859892224788,1,0,10,5,True
15,8,159,192,33,0.171875,10.6,2.6783079235467557,14,10.6,2.65329983228432,14,0,3,1.875,0.7806247497997998,3,75,0.4716981132075472,0.7571428571428571,0.9433962264150944,1,96,33,1,True,2,0.34375,0,0,8,3,False
6,6,30,30,0,0.0,5.0,0.0,5,5.0,0.0,5,0,1,1.0,0.0,6,15,0.5,1.0,1.0,1,15,0,0,False,0,0.0,0,0,6,4,False
22,9,247,428,181,0.42289719626168226,11.227272727272727,2.4850794423339355,18,11.227272727272727,3.356565048620365,19,0,3,2.4444444444444446,0.49690399499995325,0,118,0.4777327935222672,0.5346320346320347,0.9554655870445344,1,214,181,8,True,2,0.8457943925233645,1,0,9,3,True
11,7,100,102,2,0.0196078431372549,9.090909090909092,0.6680426571226848,10,9.090909090909092,0.6680426571226848,10,0,2,1.5714285714285714,0.4948716593053935,3,50,0.5,0.9090909090909091,1.0,1,51,2,0,False,1,0.0392156862745098,0,0,7,2,False
10,4,41,66,25,0.3787878787878788,4.1,1.5132745950421556,8,4.1,1.7578395831246947,9,0,5,2.5,1.5,1,20,0.4878048780487805,0.45555555555555555,0.975609756097561,1,33,25,0,False,1,0.7575757575757576,0,0,4,1,False
12,9,123,126,3,0.023809523809523808,10.25,0.82915619758885,11,10.25,0.924211375534118,11,0,2,1.3333333333333333,0.4714045207910317,6,60,0.4878048780487805,0.9318181818181818,0.975609756097561,1,63,3,1,True,2,0.047619047619047616,0,0,9,2,False
20,5,142,264,122,0.4621212121212121,7.1,2.808914381037628,13,7.1,5.965735495309862,19,0,9,4.0,3.3466401061363023,2,55,0.3873239436619718,0.3736842105263158,0.7746478873239436,1,132,122,4,True,2,0.9242424242424242,0,0,5,7,False
2,2,2,2,0,0.0,1.0,0.0,1,1.0,0.0,1,0,1,1.0,0.0,2,1,0.5,1.0,1.0,1,0,0,0,False,0,,0,0,2,4,False
13,10,130,150,20,0.13333333333333333,10.0,1.1766968108291043,12,10.0,2.511511956509924,12,0,2,1.3,0.45825756949558394,7,61,0.46923076923076923,0.8333333333333334,0.9384615384615385,1,75,20,0,False,1,0.26666666666666666,0,0,10,7,False
8,6,43,52,9,0.17307692307692307,5.375,0.4841229182759271,6,5.375,2.117634293262177,7,0,2,1.3333333333333333,0.47140452079103173,4,17,0.3953488372093023,0.7678571428571429,0.7906976744186046,1,26,9,1,True,2,0.34615384615384615,0,0,6,8,False
13,8,131,144,13,0.09027777777777778,10.076923076923077,0.9166442529086912,12,10.076923076923077,1.8589301497837805,12,0,3,1.625,0.6959705453537527,4,61,0.46564885496183206,0.8397435897435898,0.9312977099236641,1,72,13,0,False,1,0.18055555555555555,0,0,8,7,False
13,8,120,144,24,0.16666666666666666,9.23076923076923,1.3674145257408596,11,9.23076923076923,3.3547634595933116,12,0,3,1.625,0.6959705453537527,4,54,0.45,0.7692307692307693,0.9,1,72,24,6,True,2,0.3333333333333333,0,0,8,7,False
10,7,83,84,1,0.011904761904761904,8.3,0.45825756949558394,9,8.3,0.6403124237432849,9,0,2,1.4285714285714286,0.4948716593053935,4,41,0.4939759036144578,0.9222222222222223,0.9879518072289156,1,42,1,0,False,1,0.023809523809523808,0,0,7,7,False
27,9,293,640,347,0.5421875,10.851851851851851,1.1451573950918745,14,10.851851851851851,2.824544587398166,14,0,5,3.0,0.9428090415820634,0,134,0.45733788395904434,0.41737891737891736,0.9146757679180887,2,320,347,16,True,3,1.084375,0,0,9,3,False
13,7,124,142,18,0.1267605633802817,9.538461538461538,0.8426500884694864,12,9.538461538461538,2.2741146921683817,12,0,3,1.8571428571428572,0.6388765649999399,2,55,0.4435483870967742,0.7948717948717948,0.8870967741935484,1,71,18,0,False,1,0.2535211267605634,0,0,7,6,False
5,5,20,20,0,0.0,4.0,0.0,4,4.0,0.0,4,0,1,1.0,0.0,5,10,0.5,1.0,1.0,1,10,0,0,False,0,0.0,0,0,5,2,False
9,5,54,64,10,0.15625,6.0,1.1547005383792515,8,6.0,1.4142135623730951,8,0,2,1.8,0.4,1,24,0.4444444444444444,0.75,0.8888888888888888,1,32,10,2,True,2,0.3125,0,0,5,1,False
7,4,27,34,7,0.20588235294117646,3.857142857142857,0.8329931278350429,5,3.857142857142857,1.6413036132965795,6,0,3,1.75,0.82915619758885,2,11,0.4074074074074074,0.6428571428571429,0.8148148148148148,1,17,7,0,False,1,0.4117647058823529,0,0,4,8,False
9,3,20,54,34,0.6296296296296297,2.2222222222222223,0.628539361054709,4,2.2222222222222223,0.6285393610547089,3,0,3,3.0,0.0,0,9,0.45,0.2777777777777778,0.9,2,27,34,2,True,2,1.2592592592592593,0,0,3,1,False
11,8,95,98,3,0.030612244897959183,8.636363636363637,1.4937887931959075,10,8.636363636363637,1.822721605069402,10,0,4,1.375,0.9921567416492215,7,46,0.4842105263157895,0.8636363636363636,0.968421052631579,1,49,3,0,False,1,0.061224489795918366,0,0,8,7,False
11,7,90,100,10,0.1,8.181818181818182,1.113404428537808,10,8.181818181818182,1.945539505366609,10,0,3,1.5714285714285714,0.7284313590846836,4,42,0.4666666666666667,0.8181818181818182,0.9333333333333333,1,50,10,1,True,2,0.2,0,0,7,2,False
24,9,324,508,184,0.36220472440944884,13.5,2.140872096444188,16,13.5,4.58257569495584,19,0,4,2.6666666666666665,0.6666666666666666,0,146,0.4506172839506173,0.5869565217391305,0.9012345679012346,1,254,184,7,True,2,0.7244094488188977,0,0,9,2,False
14,4,78,144,66,0.4583333333333333,5.571428571428571,1.498298354528788,8,5.571428571428571,3.619674131234265,10,0,5,3.5,0.8660254037844386,0,18,0.23076923076923078,0.42857142857142855,0.46153846153846156,1,72,66,7,True,2,0.9166666666666666,0,0,4,7,False
10,9,88,88,0,0.0,8.8,0.4,9,8.8,0.4,9,0,2,1.1111111111111112,0.3142696805273545,8,44,0.5,0.9777777777777777,1.0,1,44,0,0,False,0,0.0,0,0,9,4,False
17,5,82,228,146,0.6403508771929824,4.823529411764706,1.2478354962115543,8,4.823529411764706,0.9843059135695007,6,0,5,3.4,0.8000000000000002,0,38,0.4634146341463415,0.3014705882352941,0.926829268292683,2,114,146,6,True,2,1.280701754385965,0,0,5,6,False
16,9,162,214,52,0.24299065420560748,10.125,1.899835519196333,15,10.125,5.441449714919729,15,0,5,1.7777777777777777,1.227262335243029,5,61,0.3765432098765432,0.675,0.7530864197530864,1,107,52,0,False,1,0.48598130841121495,0,0,9,8,False
12,10,127,128,1,0.0078125,10.583333333333334,0.4930066485916347,11,10.583333333333334,0.6400954789890507,11,0,2,1.2,0.4,8,63,0.49606299212598426,0.9621212121212122,0.9921259842519685,1,64,1,0,False,1,0.015625,0,0,10,6,False
5,4,16,18,2,0.1111111111111111,3.2,0.39999999999999997,4,3.2,1.16619037896906,4,0,2,1.25,0.4330127018922193,3,7,0.4375,0.8,0.875,1,9,2,0,False,1,0.2222222222222222,0,0,4,4,False
14,3,33,130,97,0.7461538461538462,2.357142857142857,1.0424656799518874,6,2.357142857142857,0.8949974347244047,4,0,5,4.666666666666667,0.4714045207910317,0,12,0.36363636363636365,0.1813186813186813,0.7272727272727273,4,65,97,6,True,3,1.4923076923076923,0,0,3,4,False
21,6,164,364,200,0.5494505494505495,7.809523809523809,2.574953492303957,18,7.809523809523809,2.53769763704271,12,0,5,3.5,0.7637626158259734,0,74,0.45121951219512196,0.3904761904761905,0.9024390243902439,1,182,200,4,True,2,1.098901098901099,0,0,6,1,False
6,6,30,30,0,0.0,5.0,0.0,5,5.0,0.0,5,0,1,1.0,0.0,6,15,0.5,1.0,1.0,1,15,0,0,False,0,0.0,0,0,6,3,False
16,9,182,224,42,0.1875,11.375,2.027159342528357,15,11.375,3.6206870894900596,15,0,3,1.7777777777777777,0.6285393610547089,3,77,0.4230769230769231,0.7583333333333333,0.8461538461538461,1,112,42,4,True,2,0.375,0,0,9,8,False
6,6,30,30,0,0.0,5.0,0.0,5,5.0,0.0,5,0,1,1.0,0.0,6,15,0.5,1.0,1.0,1,15,0,0,False,0,0.0,0,0,6,2,False
5,5,20,20,0,0.0,4.0,0.0,4,4.0,0.0,4,0,1,1.0,0.0,5,10,0.5,1.0,1.0,1,10,0,0,False,0,0.0,0,0,5,7,False
8,5,44,44,0,0.0,5.5,1.5,7,5.5,1.5,7,0,4,1.6,1.2000000000000002,4,22,0.5,0.7857142857142857,1.0,1,22,0,0,False,0,0.0,0,0,5,3,False
10,9,88,88,0,0.0,8.8,0.4,9,8.8,0.4,9,0,2,1.1111111111111112,0.3142696805273545,8,44,0.5,0.9777777777777777,1.0,1,44,0,0,False,0,0.0,0,0,9,5,False
8,6,52,52,0,0.0,6.5,0.5,7,6.5,0.5,7,0,2,1.3333333333333333,0.4714045207910317,4,26,0.5,0.9285714285714286,1.0,1,26,0,0,False,0,0.0,0,0,6,4,False
14,4,68,146,78,0.5342465753424658,4.857142857142857,1.1248582677159729,6,4.857142857142857,2.3861847269271523,8,0,4,3.5,0.5,0,25,0.36764705882352944,0.37362637362637363,0.7352941176470589,2,73,78,10,True,3,1.0684931506849316,0,0,4,5,False
6,6,30,30,0,0.0,5.0,0.0,5,5.0,0.0,5,0,1,1.0,0.0,6,15,0.5,1.0,1.0,1,15,0,0,False,0,0.0,0,0,6,8,False
8,2,13,24,11,0.4583333333333333,1.625,0.9921567416492215,4,1.625,1.3169567191065923,5,0,6,4.0,2.0,0,6,0.46153846153846156,0.23214285714285715,0.9230769230769231,2,12,11,0,False,1,0.9166666666666666,0,0,2,5,False
21,9,340,384,44,0.11458333333333333,16.19047619047619,1.7625481450782616,19,16.19047619047619,2.9377517743213675,20,0,4,2.3333333333333335,0.9428090415820634,2,156,0.4588235294117647,0.8095238095238095,0.9176470588235294,1,192,44,4,True,2,0.22916666666666666,0,0,9,2,False
17,7,151,238,87,0.36554621848739494,8.882352941176471,3.1037425784171573,16,8.882352941176471,3.233689441619942,16,0,5,2.4285714285714284,1.178030178747903,1,69,0.45695364238410596,0.5551470588235294,0.9139072847682119,1,119,87,5,True,2,0.7310924369747899,0,0,7,2,False
27,6,218,564,346,0.6134751773049646,8.074074074074074,3.45259887005079,16,8.074074074074074,4.454925912223673,22,0,8,4.5,2.692582403567252,0,90,0.41284403669724773,0.31054131054131057,0.8256880733944955,1,282,346,20,True,3,1.2269503546099292,0,0,6,7,False
16,8,146,222,76,0.34234234234234234,9.125,2.2878756522153907,15,9.125,3.4977671449083054,15,0,3,2.0,0.5,1,61,0.4178082191780822,0.6083333333333333,0.8356164383561644,1,111,76,8,True,2,0.6846846846846847,0,0,8,1,False
13,7,92,136,44,0.3235294117647059,7.076923076923077,1.7742403991801226,11,7.076923076923077,4.322775790223728,12,0,4,1.8571428571428572,1.1248582677159729,4,30,0.32608695652173914,0.5897435897435898,0.6521739130434783,1,68,44,5,True,2,0.6470588235294118,1,0,7,8,True
24,6,152,480,328,0.6833333333333333,6.333333333333333,1.1055415967851332,9,6.333333333333333,1.4337208778404378,9,0,4,4.0,0.0,0,74,0.4868421052631579,0.2753623188405797,0.9736842105263158,3,240,328,4,True,2,1.3666666666666667,0,0,6,1,False
22,3,62,322,260,0.8074534161490683,2.8181818181818183,1.3016200966614866,6,2.8181818181818183,1.1535070491317745,5,0,8,7.333333333333333,0.4714045207910317,0,25,0.4032258064516129,0.1341991341991342,0.8064516129032258,5,161,260,8,True,2,1.6149068322981366,0,0,3,4,False
14,10,156,174,18,0.10344827586206896,11.142857142857142,1.1248582677159729,13,11.142857142857142,1.9948914348241347,13,0,2,1.4,0.48989794855663565,6,72,0.46153846153846156,0.8571428571428571,0.9230769230769231,1,87,18,2,True,2,0.20689655172413793,0,0,10,5,False
3,3,6,6,0,0.0,2.0,0.0,2,2.0,0.0,2,0,1,1.0,0.0,3,3,0.5,1.0,1.0,1,3,0,0,False,0,0.0,0,0,3,5,False
16,9,204,222,18,0.08108108108108109,12.75,1.479019945774904,15,12.75,2.0463381929681126,15,0,3,1.7777777777777777,0.7856742013183862,4,98,0.4803921568627451,0.85,0.9607843137254902,1,111,18,0,False,1,0.16216216216216217,0,0,9,3,False
13,10,137,150,13,0.08666666666666667,10.538461538461538,0.49851851526214314,11,10.538461538461538,2.951280937423212,12,0,2,1.3,0.45825756949558405,7,63,0.45985401459854014,0.8782051282051282,0.9197080291970803,1,75,13,0,False,1,0.17333333333333334,0,0,10,7,False
32,4,171,668,497,0.7440119760479041,5.34375,1.3136155973114814,8,5.34375,8.01798515448239,29,0,13,8.0,5.0,0,23,0.13450292397660818,0.17237903225806453,0.26900584795321636,7,334,497,54,True,4,1.4880239520958083,0,0,4,8,False
8,6,50,52,2,0.038461538461538464,6.25,0.82915619758885,7,6.25,0.9682458365518543,7,0,2,1.3333333333333333,0.4714045207910317,4,24,0.48,0.8928571428571429,0.96,1,26,2,0,False,1,0.07692307692307693,0,0,6,6,False
18,9,276,280,4,0.014285714285714285,15.333333333333334,1.0,17,15.333333333333334,1.0,17,0,4,2.0,0.9428090415820634,3,138,0.5,0.9019607843137255,1.0,1,140,4,0,False,1,0.02857142857142857,0,0,9,1,False
9,6,64,66,2,0.030303030303030304,7.111111111111111,0.3142696805273545,8,7.111111111111111,0.8748897637790902,8,0,2,1.5,0.5,3,31,0.484375,0.8888888888888888,0.96875,1,33,2,0,False,1,0.06060606060606061,0,0,6,4,False
3,2,4,4,0,0.0,1.3333333333333333,0.4714045207910317,2,1.3333333333333333,0.4714045207910317,2,0,2,1.5,0.5,1,2,0.5,0.6666666666666666,1.0,1,2,0,0,False,0,0.0,0,0,2,1,False
6,6,30,30,0,0.0,5.0,0.0,5,5.0,0.0,5,0,1,1.0,0.0,6,15,0.5,1.0,1.0,1,15,0,0,False,0,0.0,0,0,6,6,False
6,5,26,28,2,0.07142857142857142,4.333333333333333,0.4714045207910317,5,4.333333333333333,1.1055415967851332,5,0,2,1.2,0.4000000000000001,4,12,0.46153846153846156,0.8666666666666667,0.9230769230769231,1,14,2,0,False,1,0.14285714285714285,0,0,5,8,False
13,7,111,138,27,0.1956521739130435,8.538461538461538,2.3407883161081444,12,8.538461538461538,2.9251005141279296,12,0,4,1.8571428571428572,0.989743318610787,3,47,0.42342342342342343,0.7115384615384616,0.8468468468468469,1,69,27,7,True,2,0.391304347826087,0,0,7,5,False
6,3,17,22,5,0.22727272727272727,2.8333333333333335,1.2133516482134197,5,2.8333333333333335,1.3437096247164249,5,0,3,2.0,0.816496580927726,1,6,0.35294117647058826,0.5666666666666667,0.7058823529411765,1,11,5,2,True,2,0.45454545454545453,0,0,3,4,False
10,2,19,50,31,0.62,1.9,1.374772708486752,4,1.9,1.57797338380595,4,0,5,5.0,0.0,0,2,0.10526315789473684,0.2111111111111111,0.21052631578947367,2,25,31,6,True,3,1.24,0,0,2,1,False
29,5,237,628,391,0.6226114649681529,8.172413793103448,2.1506849833810584,12,8.172413793103448,3.815295582323787,16,0,11,5.8,2.993325909419153,0,92,0.3881856540084388,0.291871921182266,0.7763713080168776,2,314,391,28,True,3,1.2452229299363058,0,0,5,6,False
8,7,54,54,0,0.0,6.75,0.4330127018922193,7,6.75,0.4330127018922193,7,0,2,1.1428571428571428,0.34992710611188266,6,27,0.5,0.9642857142857143,1.0,1,27,0,0,False,0,0.0,0,0,7,3,False
4,4,12,12,0,0.0,3.0,0.0,3,3.0,0.0,3,0,1,1.0,0.0,4,6,0.5,1.0,1.0,1,6,0,0,False,0,0.0,0,0,4,6,False
4,4,12,12,0,0.0,3.0,0.0,3,3.0,0.0,3,0,1,1.0,0.0,4,6,0.5,1.0,1.0,1,6,0,0,False,0,0.0,0,0,4,4,False
22,10,364,412,48,0.11650485436893204,16.545454545454547,1.3726971700492272,20,16.545454545454547,4.499770425732575,21,0,5,2.2,1.5362291495737217,5,168,0.46153846153846156,0.7878787878787878,0.9230769230769231,1,206,48,0,False,1,0.23300970873786409,0,0,10,2,False
12,8,108,122,14,0.11475409836065574,9.0,1.0,11,9.0,2.9154759474226504,11,0,3,1.5,0.7071067811865476,5,47,0.4351851851851852,0.8181818181818182,0.8703703703703703,1,61,14,0,False,1,0.22950819672131148,0,0,8,6,False
14,6,105,162,57,0.35185185185185186,7.5,1.2955969390869324,9,7.5,2.796681707207413,10,0,3,2.3333333333333335,0.4714045207910317,0,47,0.44761904761904764,0.5769230769230769,0.8952380952380953,2,81,57,8,True,2,0.7037037037037037,0,0,6,7,False
25,10,351,554,203,0.3664259927797834,14.04,4.47642714673209,22,14.04,5.758333092136994,24,0,4,2.5,0.9219544457292888,2,142,0.4045584045584046,0.585,0.8091168091168092,1,277,203,22,True,2,0.7328519855595668,0,0,10,7,False
17,7,181,240,59,0.24583333333333332,10.647058823529411,1.9982691472309446,15,10.647058823529411,4.588235294117647,16,0,4,2.4285714285714284,1.049781318335648,2,68,0.3756906077348066,0.6654411764705882,0.7513812154696132,1,120,59,8,True,2,0.49166666666666664,0,0,7,4,False
20,8,292,336,44,0.13095238095238096,14.6,1.9849433241279208,19,14.6,3.916631205513228,19,0,5,2.5,1.3228756555322954,2,134,0.4589041095890411,0.7684210526315789,0.9178082191780822,1,168,44,0,False,1,0.2619047619047619,0,0,8,5,False
17,2,21,144,123,0.8541666666666666,1.2352941176470589,0.5455069703232767,3,1.2352941176470589,0.7299808027053445,3,0,9,8.5,0.5,0,8,0.38095238095238093,0.07720588235294118,0.7619047619047619,6,72,123,3,True,3,1.7083333333333333,0,0,2,6,False
4,2,5,6,1,0.16666666666666666,1.25,0.4330127018922193,2,1.25,1.0897247358851685,3,0,3,2.0,1.0,1,2,0.4,0.4166666666666667,0.8,1,3,1,0,False,1,0.3333333333333333,0,0,2,5,False
2,2,2,2,0,0.0,1.0,0.0,1,1.0,0.0,1,0,1,1.0,0.0,2,1,0.5,1.0,1.0,1,0,0,0,False,0,,0,0,2,6,False
13,9,131,148,17,0.11486486486486487,10.076923076923077,1.1409536133993328,12,10.076923076923077,2.2000537917038603,12,0,2,1.4444444444444444,0.4969039949999533,5,63,0.48091603053435117,0.8397435897435898,0.9618320610687023,1,74,17,0,False,1,0.22972972972972974,0,0,9,6,False
10,8,83,86,3,0.03488372093023256,8.3,0.7810249675906655,9,8.3,1.004987562112089,9,0,2,1.25,0.4330127018922193,6,40,0.4819277108433735,0.9222222222222223,0.963855421686747,1,43,3,0,False,1,0.06976744186046512,0,0,8,7,False
11,6,80,94,14,0.14893617021276595,7.2727272727272725,0.44536177141512334,8,7.2727272727272725,3.5698461665585204,10,0,4,1.8333333333333333,1.0671873729054748,3,33,0.4125,0.7272727272727273,0.825,1,47,14,0,False,1,0.2978723404255319,0,0,6,8,False
19,8,254,302,48,0.15894039735099338,13.368421052631579,1.3459696686888867,16,13.368421052631579,3.1323528455508445,18,0,5,2.375,1.3169567191065923,2,113,0.4448818897637795,0.7426900584795322,0.889763779527559,1,151,48,6,True,2,0.31788079470198677,0,0,8,2,False
14,7,126,168,42,0.25,9.0,1.8516401995451028,12,9.0,1.8516401995451028,12,0,2,2.0,0.0,0,63,0.5,0.6923076923076923,1.0,1,84,42,0,False,1,0.5,0,0,7,3,False
5,3,14,16,2,0.125,2.8,0.7483314773547882,4,2.8,0.9797958971132712,4,0,2,1.6666666666666667,0.4714045207910317,1,6,0.42857142857142855,0.7,0.8571428571428571,1,8,2,0,False,1,0.25,0,0,3,6,False
5,2,7,12,5,0.4166666666666667,1.4,0.4898979485566356,2,1.4,1.019803902718557,3,0,3,2.5,0.5,0,2,0.2857142857142857,0.35,0.5714285714285714,1,6,5,2,True,3,0.8333333333333334,1,0,2,5,True
25,7,227,532,305,0.5733082706766918,9.08,2.448182999695897,15,9.08,3.979145636942684,16,0,5,3.5714285714285716,0.7284313590846836,0,87,0.3832599118942731,0.37833333333333335,0.7665198237885462,1,266,305,24,True,4,1.1466165413533835,2,0,7,6,True
27,10,469,648,179,0.2762345679012346,17.37037037037037,3.5709543090945037,23,17.37037037037037,3.6428331276849786,25,0,4,2.7,0.9,0,231,0.4925373134328358,0.6680911680911681,0.9850746268656716,1,324,179,2,True,2,0.5524691358024691,0,0,10,1,False
15,6,122,172,50,0.29069767441860467,8.133333333333333,3.095516470998373,14,8.133333333333333,3.159465496286076,14,0,5,2.5,1.6072751268321592,3,58,0.47540983606557374,0.580952380952381,0.9508196721311475,1,86,50,0,False,1,0.5813953488372093,0,0,6,1,False
10,6,70,76,6,0.07894736842105263,7.0,1.6733200530681511,9,7.0,2.1447610589527217,9,0,4,1.6666666666666667,1.1055415967851332,4,32,0.45714285714285713,0.7777777777777778,0.9142857142857143,1,38,6,0,False,1,0.15789473684210525,0,0,6,6,False
12,10,114,128,14,0.109375,9.5,0.8660254037844386,11,9.5,2.565800719723442,11,0,2,1.2,0.4,8,52,0.45614035087719296,0.8636363636363636,0.9122807017543859,1,64,14,0,False,1,0.21875,0,0,10,4,False
7,7,42,42,0,0.0,6.0,0.0,6,6.0,0.0,6,0,1,1.0,0.0,7,21,0.5,1.0,1.0,1,21,0,0,False,0,0.0,0,0,7,2,False
2,2,2,2,0,0.0,1.0,0.0,1,1.0,0.0,1,0,1,1.0,0.0,2,1,0.5,1.0,1.0,1,0,0,0,False,0,,0,0,2,2,False
21,9,263,382,119,0.31151832460732987,12.523809523809524,1.8674925286788169,16,12.523809523809524,6.716142938005327,20,0,4,2.3333333333333335,1.0540925533894598,2,91,0.34600760456273766,0.6261904761904762,0.6920152091254753,1,191,119,15,True,2,0.6230366492146597,0,0,9,7,False
11,2,15,60,45,0.75,1.3636363636363635,0.642824346533225,3,1.3636363636363635,0.9791208740244554,3,0,6,5.5,0.5,0,4,0.26666666666666666,0.13636363636363635,0.5333333333333333,3,30,45,4,True,3,1.5,0,0,2,4,False
7,6,40,40,0,0.0,5.714285714285714,0.45175395145262565,6,5.714285714285714,0.45175395145262565,6,0,2,1.1666666666666667,0.3726779962499649,5,20,0.5,0.9523809523809523,1.0,1,20,0,0,False,0,0.0,0,0,6,5,False
8,5,38,50,12,0.24,4.75,1.299038105676658,7,4.75,1.299038105676658,7,0,2,1.6,0.4898979485566356,2,19,0.5,0.6785714285714286,1.0,1,25,12,0,False,1,0.48,0,0,5,6,False
10,8,80,84,4,0.047619047619047616,8.0,1.0,9,8.0,1.61245154965971,9,0,3,1.25,0.6614378277661477,7,38,0.475,0.8888888888888888,0.95,1,42,4,0,False,1,0.09523809523809523,0,0,8,5,False
9,7,66,66,0,0.0,7.333333333333333,0.9428090415820634,8,7.333333333333333,0.9428090415820634,8,0,3,1.2857142857142858,0.6998542122237652,6,33,0.5,0.9166666666666666,1.0,1,33,0,0,False,0,0.0,0,0,7,2,False
14,8,126,166,40,0.24096385542168675,9.0,2.2677868380553634,13,9.0,2.7774602993176543,13,0,3,1.75,0.82915619758885,4,59,0.46825396825396826,0.6923076923076923,0.9365079365079365,1,83,40,2,True,2,0.4819277108433735,0,0,8,7,False
21,10,211,396,185,0.4671717171717172,10.047619047619047,2.1263917677872484,19,10.047619047619047,0.9988655696858585,12,0,3,2.1,0.3,0,102,0.4834123222748815,0.5023809523809524,0.966824644549763,1,198,185,0,False,1,0.9343434343434344,0,0,10,4,False
10,4,49,66,17,0.25757575757575757,4.9,2.118962010041709,9,4.9,2.3000000000000003,9,0,4,2.5,1.5,2,22,0.4489795918367347,0.5444444444444444,0.8979591836734694,1,33,17,2,True,2,0.5151515151515151,0,0,4,2,False
12,9,113,120,7,0.058333333333333334,9.416666666666666,1.2555432644432805,11,9.416666666666666,2.3614378858841256,11,0,4,1.3333333333333333,0.9428090415820635,8,53,0.4690265486725664,0.8560606060606061,0.9380530973451328,1,60,7,0,False,1,0.11666666666666667,0,0,9,6,False
22,10,353,424,71,0.16745283018867924,16.045454545454547,2.8520689894638176,21,16.045454545454547,3.309453027139527,21,0,4,2.2,1.077032961426901,4,167,0.4730878186968839,0.7640692640692641,0.9461756373937678,1,212,71,7,True,2,0.33490566037735847,0,0,10,2,False
2,2,2,2,0,0.0,1.0,0.0,1,1.0,0.0,1,0,1,1.0,0.0,2,1,0.5,1.0,1.0,1,0,0,0,False,0,,0,0,2,6,False
19,9,275,316,41,0.12974683544303797,14.473684210526315,1.6973174206944315,18,14.473684210526315,2.6030027408164713,18,0,3,2.111111111111111,0.7370277311900889,2,130,0.4727272727272727,0.804093567251462,0.9454545454545454,1,158,41,2,True,2,0.25949367088607594,0,0,9,3,False
10,4,49,74,25,0.33783783783783783,4.9,1.1357816691600546,7,4.9,1.0440306508910548,6,0,3,2.5,0.5,0,23,0.46938775510204084,0.5444444444444444,0.9387755102040817,1,37,25,1,True,2,0.6756756756756757,0,0,4,1,False
17,9,186,238,52,0.2184873949579832,10.941176470588236,2.436742962024468,16,10.941176470588236,4.940476140846132,16,0,5,1.8888888888888888,1.4487116456005886,6,82,0.44086021505376344,0.6838235294117647,0.8817204301075269,1,119,52,0,False,1,0.4369747899159664,0,0,9,3,False
7,7,42,42,0,0.0,6.0,0.0,6,6.0,0.0,6,0,1,1.0,0.0,7,21,0.5,1.0,1.0,1,21,0,0,False,0,0.0,0,0,7,2,False
26,8,305,570,265,0.4649122807017544,11.73076923076923,5.331745942268762,25,11.73076923076923,6.676927507974425,25,0,6,3.25,1.6393596310755,2,100,0.32786885245901637,0.46923076923076923,0.6557377049180327,1,285,265,44,True,2,0.9298245614035088,12,0,8,5,True
5,4,16,18,2,0.1111111111111111,3.2,0.39999999999999997,4,3.2,1.16619037896906,4,0,2,1.25,0.4330127018922193,3,7,0.4375,0.8,0.875,1,9,2,0,False,1,0.2222222222222222,0,0,4,6,False
10,4,39,72,33,0.4583333333333333,3.9,0.9433981132056604,5,3.9,2.773084924772409,8,0,4,2.5,0.8660254037844386,0,7,0.1794871794871795,0.43333333333333335,0.358974358974359,2,36,33,7,True,2,0.9166666666666666,0,0,4,2,False
13,7,127,140,13,0.09285714285714286,9.76923076923077,0.42132504423474315,10,9.76923076923077,1.8873606379054306,12,0,3,1.8571428571428572,0.8329931278350429,3,59,0.4645669291338583,0.8141025641025641,0.9291338582677166,1,70,13,0,False,1,0.18571428571428572,0,0,7,5,False
12,6,112,112,0,0.0,9.333333333333334,1.178511301977579,11,9.333333333333334,1.178511301977579,11,0,4,2.0,1.1547005383792515,3,56,0.5,0.8484848484848485,1.0,1,56,0,0,False,0,0.0,0,0,6,2,False
6,2,10,18,8,0.4444444444444444,1.6666666666666667,0.7453559924999299,3,1.6666666666666667,1.1055415967851334,3,0,3,3.0,0.0,0,1,0.1,0.3333333333333333,0.2,1,9,8,3,True,3,0.8888888888888888,0,0,2,6,False
8,5,43,50,7,0.14,5.375,0.6959705453537527,7,5.375,1.7275343701356567,7,0,2,1.6,0.4898979485566356,2,18,0.4186046511627907,0.7678571428571429,0.8372093023255814,1,25,7,1,True,2,0.28,0,0,5,8,False
27,10,406,646,240,0.3715170278637771,15.037037037037036,3.605361044040876,23,15.037037037037036,7.490643454937541,26,0,4,2.7,1.004987562112089,1,126,0.3103448275862069,0.5783475783475783,0.6206896551724138,1,323,240,38,True,2,0.7430340557275542,0,0,10,7,False
14,3,52,128,76,0.59375,3.7142857142857144,1.7899948694488097,7,3.7142857142857144,2.962348764761103,10,0,6,4.666666666666667,0.9428090415820634,0,20,0.38461538461538464,0.2857142857142857,0.7692307692307693,1,64,76,6,True,4,1.1875,0,0,3,3,False
4,3,8,10,2,0.2,2.0,0.0,2,2.0,1.224744871391589,3,0,2,1.3333333333333333,0.4714045207910317,2,3,0.375,0.6666666666666666,0.75,1,5,2,0,False,1,0.4,0,0,3,4,False
5,5,20,20,0,0.0,4.0,0.0,4,4.0,0.0,4,0,1,1.0,0.0,5,10,0.5,1.0,1.0,1,10,0,0,False,0,0.0,0,0,5,7,False
14,9,133,170,37,0.21764705882352942,9.5,1.546886273407694,13,9.5,3.1339158526400435,13,0,3,1.5555555555555556,0.6849348892187752,5,59,0.44360902255639095,0.7307692307692307,0.8872180451127819,1,85,37,1,True,2,0.43529411764705883,0,0,9,8,False
2,2,2,2,0,0.0,1.0,0.0,1,1.0,0.0,1,0,1,1.0,0.0,2,1,0.5,1.0,1.0,1,0,0,0,False,0,,0,0,2,4,False
10,10,90,90,0,0.0,9.0,0.0,9,9.0,0.0,9,0,1,1.0,0.0,10,45,0.5,1.0,1.0,1,45,0,0,False,0,0.0,0,0,10,4,False
10,8,85,86,1,0.011627906976744186,8.5,0.5,9,8.5,0.6708203932499369,9,0,2,1.25,0.4330127018922193,6,42,0.49411764705882355,0.9444444444444444,0.9882352941176471,1,43,1,0,False,1,0.023255813953488372,0,0,8,3,False
14,10,172,172,0,0.0,12.285714285714286,0.7953949089757174,13,12.285714285714286,0.7953949089757174,13,0,3,1.4,0.66332495807108,7,86,0.5,0.945054945054945,1.0,1,86,0,0,False,0,0.0,0,0,10,1,False
3,2,3,4,1,0.25,1.0,0.0,1,1.0,0.816496580927726,2,0,2,1.5,0.5,1,1,0.3333333333333333,0.5,0.6666666666666666,1,2,1,0,False,1,0.5,0,0,2,7,False
10,7,71,84,13,0.15476190476190477,7.1,0.7000000000000001,9,7.1,2.118962010041709,9,0,2,1.4285714285714286,0.4948716593053935,4,31,0.43661971830985913,0.7888888888888889,0.8732394366197183,1,42,13,1,True,2,0.30952380952380953,0,0,7,6,False
3,2,4,4,0,0.0,1.3333333333333333,0.4714045207910317,2,1.3333333333333333,0.4714045207910317,2,0,2,1.5,0.5,1,2,0.5,0.6666666666666666,1.0,1,2,0,0,False,0,0.0,0,0,2,4,False
4,2,6,6,0,0.0,1.5,0.8660254037844386,3,1.5,0.8660254037844386,3,0,3,2.0,1.0,1,3,0.5,0.5,1.0,1,3,0,0,False,0,0.0,0,0,2,4,False
18,8,179,280,101,0.3607142857142857,9.944444444444445,2.0942307583300845,15,9.944444444444445,3.5193468810470794,17,0,3,2.25,0.6614378277661477,1,75,0.41899441340782123,0.5849673202614379,0.8379888268156425,1,140,101,7,True,2,0.7214285714285714,0,0,8,7,False
18,10,248,290,42,0.14482758620689656,13.777777777777779,1.0304020550550783,16,13.777777777777779,3.779411411487766,17,0,2,1.8,0.4,2,112,0.45161290322580644,0.8104575163398693,0.9032258064516129,1,145,42,4,True,2,0.2896551724137931,0,0,10,5,False
11,4,57,78,21,0.2692307692307692,5.181818181818182,2.3671302847802793,10,5.181818181818182,2.917601188342039,10,0,5,2.75,1.7853571071357126,2,18,0.3157894736842105,0.5181818181818182,0.631578947368421,1,39,21,3,True,2,0.5384615384615384,0,0,4,8,False
26,9,476,588,112,0.19047619047619047,18.307692307692307,2.568585824163692,25,18.307692307692307,2.568585824163692,25,0,5,2.888888888888889,1.1967032904743342,1,238,0.5,0.7323076923076923,1.0,1,294,112,0,False,1,0.38095238095238093,0,0,9,1,False
7,5,29,36,7,0.19444444444444445,4.142857142857143,0.3499271061118826,5,4.142857142857143,2.4159335036125373,6,0,3,1.4,0.8,4,11,0.3793103448275862,0.6904761904761905,0.7586206896551724,1,18,7,0,False,1,0.3888888888888889,0,0,5,6,False
15,10,191,200,9,0.045,12.733333333333333,0.6798692684790381,14,12.733333333333333,1.9482185594936607,14,0,2,1.5,0.5,5,91,0.47643979057591623,0.9095238095238095,0.9528795811518325,1,100,9,0,False,1,0.09,0,0,10,6,False
15,3,47,150,103,0.6866666666666666,3.1333333333333333,1.9955506062794357,8,3.1333333333333333,2.0612833111653743,8,0,5,5.0,0.0,0,10,0.2127659574468085,0.22380952380952382,0.425531914893617,3,75,103,12,True,2,1.3733333333333333,0,0,3,5,False
7,3,19,32,13,0.40625,2.7142857142857144,0.880630571852711,4,2.7142857142857144,1.8294640678379568,5,0,3,2.3333333333333335,0.4714045207910317,0,6,0.3157894736842105,0.4523809523809524,0.631578947368421,1,16,13,4,True,2,0.8125,0,0,3,8,False
13,10,150,150,0,0.0,11.538461538461538,0.49851851526214314,12,11.538461538461538,0.49851851526214314,12,0,2,1.3,0.45825756949558394,7,75,0.5,0.9615384615384616,1.0,1,75,0,0,False,0,0.0,0,0,10,4,False
13,7,110,140,30,0.21428571428571427,8.461538461538462,1.7371676600978792,12,8.461538461538462,2.762813076318149,12,0,3,1.8571428571428572,0.8329931278350429,3,51,0.4636363636363636,0.7051282051282052,0.9272727272727272,1,70,30,2,True,2,0.42857142857142855,0,0,7,6,False
11,8,104,104,0,0.0,9.454545454545455,0.49792959773196915,10,9.454545454545455,0.49792959773196915,10,0,2,1.375,0.4841229182759271,5,52,0.5,0.9454545454545454,1.0,1,52,0,0,False,0,0.0,0,0,8,2,False
22,9,223,384,161,0.4192708333333333,10.136363636363637,1.139994200362223,12,10.136363636363637,8.53493065714737,21,0,7,2.4444444444444446,2.2662308949301266,6,65,0.2914798206278027,0.48268398268398266,0.5829596412556054,3,192,161,4,True,3,0.8385416666666666,0,0,9,8,False
6,4,19,26,7,0.2692307692307692,3.1666666666666665,0.3726779962499649,4,3.1666666666666665,1.9507833184532706,5,0,2,1.5,0.5,2,6,0.3157894736842105,0.6333333333333333,0.631578947368421,1,13,7,1,True,2,0.5384615384615384,0,0,4,5,False
11,5,76,90,14,0.15555555555555556,6.909090909090909,1.8317674254190803,10,6.909090909090909,1.975050998400039,10,0,4,2.2,1.16619037896906,2,37,0.4868421052631579,0.6909090909090909,0.9736842105263158,1,45,14,1,True,2,0.3111111111111111,0,0,5,5,False
12,7,118,122,4,0.03278688524590164,9.833333333333334,0.6871842709362769,11,9.833333333333334,0.6871842709362769,11,0,2,1.7142857142857142,0.45175395145262565,2,59,0.5,0.8939393939393939,1.0,1,61,4,0,False,1,0.06557377049180328,0,0,7,1,False
5,2,7,12,5,0.4166666666666667,1.4,0.4898979485566356,2,1.4,1.2,3,0,3,2.5,0.5,0,1,0.14285714285714285,0.35,0.2857142857142857,1,6,5,1,True,2,0.8333333333333334,0,0,2,5,False
7,6,39,40,1,0.025,5.571428571428571,0.4948716593053935,6,5.571428571428571,0.7284313590846835,6,0,2,1.1666666666666667,0.3726779962499649,5,19,0.48717948717948717,0.9285714285714286,0.9743589743589743,1,20,1,0,False,1,0.05,0,0,6,8,False
8,7,53,54,1,0.018518518518518517,6.625,0.4841229182759271,7,6.625,0.6959705453537527,7,0,2,1.1428571428571428,0.34992710611188266,6,26,0.49056603773584906,0.9464285714285714,0.9811320754716981,1,27,1,0,False,1,0.037037037037037035,0,0,7,6,False
3,3,6,6,0,0.0,2.0,0.0,2,2.0,0.0,2,0,1,1.0,0.0,3,3,0.5,1.0,1.0,1,3,0,0,False,0,0.0,0,0,3,1,False
11,8,96,104,8,0.07692307692307693,8.727272727272727,1.212878551284212,10,8.727272727272727,1.4826824027545535,10,0,2,1.375,0.4841229182759271,5,46,0.4791666666666667,0.8727272727272727,0.9583333333333334,1,52,8,0,False,1,0.15384615384615385,0,0,8,4,False
10,10,90,90,0,0.0,9.0,0.0,9,9.0,0.0,9,0,1,1.0,0.0,10,45,0.5,1.0,1.0,1,45,0,0,False,0,0.0,0,0,10,8,False
16,9,168,220,52,0.23636363636363636,10.5,0.9354143466934853,13,10.5,5.18411033833193,15,0,4,1.7777777777777777,0.9162456945817024,4,62,0.36904761904761907,0.7,0.7380952380952381,1,110,52,2,True,2,0.4727272727272727,0,0,9,5,False
22,8,261,394,133,0.33756345177664976,11.863636363636363,4.202763750259567,21,11.863636363636363,4.245804930061228,21,0,7,2.75,1.920286436967152,3,129,0.4942528735632184,0.564935064935065,0.9885057471264368,1,197,133,2,True,2,0.6751269035532995,0,0,8,1,False
10,5,48,72,24,0.3333333333333333,4.8,1.4000000000000001,8,4.8,3.4,9,0,4,2.0,1.2649110640673518,3,15,0.3125,0.5333333333333333,0.625,1,36,24,3,True,2,0.6666666666666666,0,0,5,6,False
5,3,14,16,2,0.125,2.8,0.39999999999999997,3,2.8,0.7483314773547882,4,0,2,1.6666666666666667,0.4714045207910317,1,6,0.42857142857142855,0.7,0.8571428571428571,1,8,2,0,False,1,0.25,0,0,3,7,False
8,7,54,54,0,0.0,6.75,0.4330127018922193,7,6.75,0.4330127018922193,7,0,2,1.1428571428571428,0.3499271061118826,6,27,0.5,0.9642857142857143,1.0,1,27,0,0,False,0,0.0,0,0,7,8,False
2,2,2,2,0,0.0,1.0,0.0,1,1.0,0.0,1,0,1,1.0,0.0,2,1,0.5,1.0,1.0,1,0,0,0,False,0,,0,0,2,6,False
12,9,120,126,6,0.047619047619047616,10.0,0.816496580927726,11,10.0,1.4719601443879744,11,0,2,1.3333333333333333,0.4714045207910317,6,58,0.48333333333333334,0.9090909090909091,0.9666666666666667,1,63,6,1,True,2,0.09523809523809523,0,0,9,3,False
20,8,210,312,102,0.3269230769230769,10.5,2.0124611797498106,13,10.5,7.130918594402828,19,0,8,2.5,2.179449471770337,3,69,0.32857142857142857,0.5526315789473685,0.6571428571428571,1,156,102,0,False,1,0.6538461538461539,0,0,8,3,False
42,9,614,1546,932,0.6028460543337646,14.619047619047619,4.281479389140766,28,14.619047619047619,7.797900758269988,33,0,8,4.666666666666667,1.5634719199411433,0,252,0.41042345276872966,0.35656213704994194,0.8208469055374593,1,773,932,60,True,3,1.2056921086675292,6,0,9,6,True
17,10,197,248,51,0.2056451612903226,11.588235294117647,2.9913369729626162,16,11.588235294117647,3.866276876507055,16,0,4,1.7,1.1,7,93,0.4720812182741117,0.7242647058823529,0.9441624365482234,1,124,51,0,False,1,0.4112903225806452,0,0,10,4,False
7,7,42,42,0,0.0,6.0,0.0,6,6.0,0.0,6,0,1,1.0,0.0,7,21,0.5,1.0,1.0,1,21,0,0,False,0,0.0,0,0,7,6,False
15,6,132,168,36,0.21428571428571427,8.8,2.8565713714171403,14,8.8,3.6733272837215765,14,0,5,2.5,1.8027756377319946,3,62,0.4696969696969697,0.6285714285714286,0.9393939393939394,1,84,36,1,True,2,0.42857142857142855,0,0,6,5,False
11,3,51,78,27,0.34615384615384615,4.636363636363637,1.0679400113155209,6,4.636363636363637,1.9666643320712665,7,0,5,3.6666666666666665,0.9428090415820634,0,23,0.45098039215686275,0.4636363636363636,0.9019607843137255,1,39,27,3,True,2,0.6923076923076923,0,0,3,7,False
12,10,121,128,7,0.0546875,10.083333333333334,0.759202798262025,11,10.083333333333334,1.5523280008497629,11,0,2,1.2,0.4,8,57,0.47107438016528924,0.9166666666666666,0.9421487603305785,1,64,7,0,False,1,0.109375,0,0,10,5,False
28,10,547,676,129,0.1908284023668639,19.535714285714285,5.361783704122717,27,19.535714285714285,5.703896806176477,27,0,6,2.8,1.7204650534085255,2,243,0.44424131627056673,0.7235449735449735,0.8884826325411335,1,338,129,18,True,2,0.3816568047337278,0,0,10,4,False
5,3,14,14,0,0.0,2.8,0.9797958971132712,4,2.8,0.9797958971132712,4,0,3,1.6666666666666667,0.9428090415820634,2,7,0.5,0.7,1.0,1,7,0,0,False,0,0.0,0,0,3,3,False
17,9,180,252,72,0.2857142857142857,10.588235294117647,2.9716072800741387,16,10.588235294117647,3.413792500834567,16,0,3,1.8888888888888888,0.7370277311900889,3,72,0.4,0.6617647058823529,0.8,1,126,72,12,True,2,0.5714285714285714,0,0,9,4,False
5,2,10,12,2,0.16666666666666666,2.0,0.6324555320336759,3,2.0,0.6324555320336759,3,0,3,2.5,0.5,0,5,0.5,0.5,1.0,1,6,2,0,False,1,0.3333333333333333,0,0,2,3,False
14,9,158,172,14,0.08139534883720931,11.285714285714286,1.3324827218698305,13,11.285714285714286,1.577908716741037,13,0,2,1.5555555555555556,0.4969039949999533,4,76,0.4810126582278481,0.8681318681318682,0.9620253164556962,1,86,14,2,True,2,0.16279069767441862,0,0,9,3,False
4,3,9,10,1,0.1,2.25,0.4330127018922193,3,2.25,0.82915619758885,3,0,2,1.3333333333333333,0.4714045207910317,2,4,0.4444444444444444,0.75,0.8888888888888888,1,5,1,0,False,1,0.2,0,0,3,6,False
16,9,174,214,40,0.18691588785046728,10.875,1.899835519196333,15,10.875,4.7549316504025585,15,0,5,1.7777777777777777,1.227262335243029,5,69,0.39655172413793105,0.725,0.7931034482758621,1,107,40,0,False,1,0.37383177570093457,0,0,9,5,False
19,7,229,306,77,0.25163398692810457,12.052631578947368,1.0989796325169001,15,12.052631578947368,4.071385180171309,18,0,3,2.7142857142857144,0.6998542122237652,1,104,0.45414847161572053,0.6695906432748538,0.9082969432314411,1,153,77,0,False,1,0.5032679738562091,0,0,7,2,False
10,9,83,88,5,0.056818181818181816,8.3,0.45825756949558394,9,8.3,1.5524174696260022,9,0,2,1.1111111111111112,0.3142696805273545,8,39,0.46987951807228917,0.9222222222222223,0.9397590361445783,1,44,5,0,False,1,0.11363636363636363,0,0,9,6,False
8,7,54,54,0,0.0,6.75,0.4330127018922193,7,6.75,0.4330127018922193,7,0,2,1.1428571428571428,0.34992710611188266,6,27,0.5,0.9642857142857143,1.0,1,27,0,0,False,0,0.0,0,0,7,4,False
15,10,184,198,14,0.0707070707070707,12.266666666666667,1.18133634311129,14,12.266666666666667,2.462158041682585,14,0,3,1.5,0.6708203932499369,6,89,0.483695652173913,0.8761904761904762,0.967391304347826,1,99,14,2,True,2,0.1414141414141414,0,0,10,5,False
37,9,451,1214,763,0.628500823723229,12.18918918918919,3.6155657315006797,21,12.18918918918919,6.4591767437848215,27,0,5,4.111111111111111,0.5665577237325317,0,169,0.37472283813747226,0.3385885885885886,0.7494456762749445,1,607,763,64,True,3,1.257001647446458,3,0,9,6,True
7,3,28,32,4,0.125,4.0,0.0,4,4.0,0.0,4,0,3,2.3333333333333335,0.4714045207910317,0,14,0.5,0.6666666666666666,1.0,1,16,4,0,False,1,0.25,0,0,3,2,False
18,5,175,258,83,0.32170542635658916,9.722222222222221,2.824605293085814,14,9.722222222222221,3.211188003692983,14,0,4,3.6,0.4898979485566356,0,83,0.4742857142857143,0.5718954248366013,0.9485714285714286,1,129,83,4,True,2,0.6434108527131783,0,0,5,3,False
17,9,204,254,50,0.1968503937007874,12.0,1.8149704259460602,15,12.0,3.3254809470829576,16,0,3,1.8888888888888888,0.5665577237325317,2,88,0.43137254901960786,0.75,0.8627450980392157,1,127,50,3,True,2,0.3937007874015748,0,0,9,2,False
34,10,539,910,371,0.4076923076923077,15.852941176470589,5.63148895231707,31,15.852941176470589,12.412357108806521,33,0,11,3.4,3.6110940170535577,4,180,0.3339517625231911,0.4803921568627451,0.6679035250463822,1,455,371,3,True,2,0.8153846153846154,0,0,10,7,False
6,3,18,24,6,0.25,3.0,0.0,3,3.0,1.0,4,0,2,2.0,0.0,0,8,0.4444444444444444,0.6,0.8888888888888888,1,12,6,0,False,1,0.5,0,0,3,1,False
2,2,2,2,0,0.0,1.0,0.0,1,1.0,0.0,1,0,1,1.0,0.0,2,1,0.5,1.0,1.0,1,0,0,0,False,0,,0,0,2,5,False
28,10,447,678,231,0.3407079646017699,15.964285714285714,6.1323622974298235,27,15.964285714285714,6.461325288963241,27,0,6,2.8,1.661324772583615,4,213,0.47651006711409394,0.5912698412698413,0.9530201342281879,1,339,231,12,True,2,0.6814159292035398,0,0,10,3,False
14,10,150,172,22,0.12790697674418605,10.714285714285714,0.45175395145262565,11,10.714285714285714,4.414724897246412,13,0,3,1.4,0.66332495807108,7,64,0.4266666666666667,0.8241758241758241,0.8533333333333334,1,86,22,0,False,1,0.2558139534883721,0,0,10,3,False
15,9,151,196,45,0.22959183673469388,10.066666666666666,1.3399834161494522,12,10.066666666666666,4.388874824168743,14,0,3,1.6666666666666667,0.6666666666666666,4,59,0.39072847682119205,0.719047619047619,0.7814569536423841,1,98,45,3,True,2,0.45918367346938777,0,0,9,7,False
2,2,2,2,0,0.0,1.0,0.0,1,1.0,0.0,1,0,1,1.0,0.0,2,1,0.5,1.0,1.0,1,0,0,0,False,0,,0,0,2,4,False
10,5,40,80,40,0.5,4.0,0.0,4,4.0,0.0,4,0,2,2.0,0.0,0,20,0.5,0.4444444444444444,1.0,2,40,40,0,False,1,1.0,0,0,5,1,False
7,5,33,38,5,0.13157894736842105,4.714285714285714,0.880630571852711,6,4.714285714285714,1.4846149779161804,6,0,2,1.4,0.4898979485566356,3,14,0.42424242424242425,0.7857142857142857,0.8484848484848485,1,19,5,1,True,2,0.2631578947368421,0,0,5,4,False
9,7,58,68,10,0.14705882352941177,6.444444444444445,0.8314794192830981,8,6.444444444444445,2.006163342807532,8,0,2,1.2857142857142858,0.45175395145262565,5,26,0.4482758620689655,0.8055555555555556,0.896551724137931,1,34,10,0,False,1,0.29411764705882354,0,0,7,4,False
4,2,4,8,4,0.5,1.0,0.0,1,1.0,1.0,2,0,2,2.0,0.0,0,1,0.25,0.3333333333333333,0.5,1,4,4,2,True,2,1.0,0,0,2,3,False
22,8,287,414,127,0.30676328502415456,13.045454545454545,3.8076152489842667,21,13.045454545454545,4.597205403357692,21,0,4,2.75,1.0897247358851685,1,122,0.4250871080139373,0.6212121212121212,0.8501742160278746,1,207,127,17,True,2,0.6135265700483091,0,0,8,6,False
5,4,16,18,2,0.1111111111111111,3.2,0.39999999999999997,4,3.2,1.16619037896906,4,0,2,1.25,0.4330127018922193,3,7,0.4375,0.8,0.875,1,9,2,0,False,1,0.2222222222222222,0,0,4,8,False
15,7,135,184,49,0.266304347826087,9.0,2.1908902300206643,13,9.0,3.5777087639996634,14,0,4,2.142857142857143,1.124858267715973,3,63,0.4666666666666667,0.6428571428571429,0.9333333333333333,1,92,49,0,False,1,0.532608695652174,0,0,7,2,False
2,2,2,2,0,0.0,1.0,0.0,1,1.0,0.0,1,0,1,1.0,0.0,2,1,0.5,1.0,1.0,1,0,0,0,False,0,,0,0,2,5,False
15,5,102,168,66,0.39285714285714285,6.8,2.7616420236277306,13,6.8,2.9933259094191533,13,0,6,3.0,1.5491933384829668,0,49,0.4803921568627451,0.4857142857142857,0.9607843137254902,1,84,66,4,True,2,0.7857142857142857,0,0,5,4,False
9,5,44,58,14,0.2413793103448276,4.888888888888889,1.286204100310025,7,4.888888888888889,2.8458329944145997,8,0,4,1.8,1.1661903789690602,3,18,0.4090909090909091,0.6111111111111112,0.8181818181818182,1,29,14,4,True,2,0.4827586206896552,0,0,5,6,False
10,9,88,88,0,0.0,8.8,0.4,9,8.8,0.4,9,0,2,1.1111111111111112,0.3142696805273545,8,44,0.5,0.9777777777777777,1.0,1,44,0,0,False,0,0.0,0,0,9,2,False
15,7,130,182,52,0.2857142857142857,8.666666666666666,0.47140452079103173,9,8.666666666666666,5.324993479390895,14,0,5,2.142857142857143,1.2453996981544784,2,44,0.3384615384615385,0.6190476190476191,0.676923076923077,2,91,52,3,True,2,0.5714285714285714,0,0,7,7,False
12,5,60,88,28,0.3181818181818182,5.0,1.9578900207451218,11,5.0,4.143267631552018,11,0,7,2.4,2.33238075793812,3,22,0.36666666666666664,0.45454545454545453,0.7333333333333333,1,44,28,6,True,2,0.6363636363636364,0,0,5,7,False
34,10,467,1006,539,0.5357852882703777,13.735294117647058,3.0225507686040487,26,13.735294117647058,2.842004507276011,17,0,7,3.4,1.8547236990991407,0,216,0.4625267665952891,0.41622103386809267,0.9250535331905781,2,503,539,17,True,3,1.0715705765407555,0,0,10,8,False
24,7,202,484,282,0.5826446280991735,8.416666666666666,1.4976833963009524,11,8.416666666666666,2.6757657263337205,11,0,5,3.4285714285714284,1.178030178747903,0,92,0.45544554455445546,0.36594202898550726,0.9108910891089109,3,242,282,12,True,3,1.165289256198347,0,0,7,1,False
15,9,175,194,19,0.0979381443298969,11.666666666666666,1.2995725793078619,14,11.666666666666666,2.8440972010268717,14,0,3,1.6666666666666667,0.816496580927726,5,81,0.46285714285714286,0.8333333333333334,0.9257142857142857,1,97,19,2,True,3,0.1958762886597938,1,0,9,8,True
8,3,20,42,22,0.5238095238095238,2.5,1.3228756555322954,6,2.5,1.5811388300841898,6,0,3,2.6666666666666665,0.4714045207910317,0,5,0.25,0.35714285714285715,0.5,3,21,22,4,True,2,1.0476190476190477,0,0,3,2,False
15,10,169,196,27,0.1377551020408163,11.266666666666667,1.1234866364235145,14,11.266666666666667,4.138706185378335,14,0,3,1.5,0.806225774829855,7,75,0.4437869822485207,0.8047619047619048,0.8875739644970414,1,98,27,1,True,2,0.2755102040816326,0,0,10,5,False
5,5,20,20,0,0.0,4.0,0.0,4,4.0,0.0,4,0,1,1.0,0.0,5,10,0.5,1.0,1.0,1,10,0,0,False,0,0.0,0,0,5,4,False
17,10,215,250,35,0.14,12.647058823529411,1.8768301333580961,16,12.647058823529411,3.894810672293376,16,0,4,1.7,1.004987562112089,6,98,0.4558139534883721,0.7904411764705882,0.9116279069767442,1,125,35,0,False,1,0.28,0,0,10,8,False
7,6,40,40,0,0.0,5.714285714285714,0.4517539514526256,6,5.714285714285714,0.4517539514526256,6,0,2,1.1666666666666667,0.3726779962499649,5,20,0.5,0.9523809523809523,1.0,1,20,0,0,False,0,0.0,0,0,6,1,False
22,6,144,400,256,0.64,6.545454545454546,1.3047909176733932,10,6.545454545454546,1.3726971700492274,10,0,5,3.6666666666666665,0.7453559924999298,0,70,0.4861111111111111,0.3116883116883117,0.9722222222222222,2,200,256,3,True,3,1.28,0,0,6,1,False
3,2,3,4,1,0.25,1.0,0.0,1,1.0,0.816496580927726,2,0,2,1.5,0.5,1,1,0.3333333333333333,0.5,0.6666666666666666,1,2,1,0,False,1,0.5,0,0,2,4,False
11,5,58,84,26,0.30952380952380953,5.2727272727272725,1.7104443383842527,10,5.2727272727272725,3.5952218060518524,10,0,5,2.2,1.6,3,22,0.3793103448275862,0.5272727272727272,0.7586206896551724,1,42,26,3,True,2,0.6190476190476191,0,0,5,7,False
17,7,156,232,76,0.3275862068965517,9.176470588235293,2.549170432943582,15,9.176470588235293,4.300961508336685,16,0,6,2.4285714285714284,1.4982983545287878,1,57,0.36538461538461536,0.5735294117647058,0.7307692307692307,1,116,76,9,True,2,0.6551724137931034,0,0,7,7,False
15,8,158,196,38,0.19387755102040816,10.533333333333333,1.3597385369580761,14,10.533333333333333,3.159465496286076,14,0,2,1.875,0.33071891388307384,1,69,0.43670886075949367,0.7523809523809524,0.8734177215189873,1,98,38,6,True,2,0.3877551020408163,0,0,8,2,False
12,5,98,108,10,0.09259259259259259,8.166666666666666,1.674979270186815,11,8.166666666666666,1.5184055965240497,11,0,4,2.4,1.2000000000000002,2,48,0.4897959183673469,0.7424242424242424,0.9795918367346939,1,54,10,0,False,1,0.18518518518518517,0,0,5,2,False
6,4,19,26,7,0.2692307692307692,3.1666666666666665,0.3726779962499649,4,3.1666666666666665,1.7716909687891083,5,0,2,1.5,0.5,2,6,0.3157894736842105,0.6333333333333333,0.631578947368421,1,13,7,1,True,2,0.5384615384615384,0,0,4,7,False
16,9,187,222,35,0.15765765765765766,11.6875,1.757795138803154,14,11.6875,3.635222654803967,15,0,3,1.7777777777777777,0.7856742013183862,4,83,0.44385026737967914,0.7791666666666667,0.8877005347593583,1,111,35,5,True,2,0.3153153153153153,0,0,9,7,False
17,10,216,256,40,0.15625,12.705882352941176,1.871291025951396,16,12.705882352941176,3.7221863575426766,16,0,3,1.7,0.6403124237432849,4,96,0.4444444444444444,0.7941176470588235,0.8888888888888888,1,128,40,4,True,2,0.3125,0,0,10,4,False
6,4,22,26,4,0.15384615384615385,3.6666666666666665,0.9428090415820634,5,3.6666666666666665,0.9428090415820634,5,0,2,1.5,0.5,2,11,0.5,0.7333333333333333,1.0,1,13,4,0,False,1,0.3076923076923077,0,0,4,2,False
13,6,82,140,58,0.4142857142857143,6.3076923076923075,1.7709022204955907,11,6.3076923076923075,1.6817854699288803,10,0,3,2.1666666666666665,0.3726779962499649,0,38,0.4634146341463415,0.5256410256410257,0.926829268292683,1,70,58,3,True,2,0.8285714285714286,0,0,6,8,False
36,8,580,1124,544,0.48398576512455516,16.11111111111111,6.371716050805997,33,16.11111111111111,6.208317797643997,33,0,6,4.5,1.118033988749895,0,275,0.47413793103448276,0.4603174603174603,0.9482758620689655,1,562,544,5,True,2,0.9679715302491103,0,0,8,6,False
16,7,108,218,110,0.5045871559633027,6.75,1.5612494995995996,12,6.75,2.8613807855648994,14,0,3,2.2857142857142856,0.4517539514526256,0,47,0.4351851851851852,0.45,0.8703703703703703,1,109,110,12,True,2,1.0091743119266054,2,0,7,5,True
26,5,147,504,357,0.7083333333333334,5.653846153846154,0.7816308243423683,7,5.653846153846154,6.955586065515465,25,0,8,5.2,2.7129319932501073,1,41,0.2789115646258503,0.22615384615384615,0.5578231292517006,6,252,357,1,True,2,1.4166666666666667,0,0,5,3,False
8,5,38,48,10,0.20833333333333334,4.75,0.4330127018922193,5,4.75,2.817356917396161,7,0,3,1.6,0.8,3,14,0.3684210526315789,0.6785714285714286,0.7368421052631579,1,24,10,0,False,1,0.4166666666666667,0,0,5,8,False
9,9,72,72,0,0.0,8.0,0.0,8,8.0,0.0,8,0,1,1.0,0.0,9,36,0.5,1.0,1.0,1,36,0,0,False,0,0.0,0,0,9,7,False
8,2,14,30,16,0.5333333333333333,1.75,1.299038105676658,5,1.75,1.3919410907075054,5,0,5,4.0,1.0,0,3,0.21428571428571427,0.25,0.42857142857142855,2,15,16,2,True,2,1.0666666666666667,0,0,2,7,False
8,7,52,54,2,0.037037037037037035,6.5,0.5,7,6.5,1.0,7,0,2,1.1428571428571428,0.34992710611188266,6,25,0.4807692307692308,0.9285714285714286,0.9615384615384616,1,27,2,0,False,1,0.07407407407407407,0,0,7,7,False
13,6,92,130,38,0.2923076923076923,7.076923076923077,1.3278981924332363,10,7.076923076923077,3.8121574441119592,12,0,4,2.1666666666666665,1.3437096247164249,3,37,0.40217391304347827,0.5897435897435898,0.8043478260869565,1,65,38,1,True,2,0.5846153846153846,0,0,6,6,False
3,2,4,4,0,0.0,1.3333333333333333,0.4714045207910317,2,1.3333333333333333,0.4714045207910317,2,0,2,1.5,0.5,1,2,0.5,0.6666666666666666,1.0,1,2,0,0,False,0,0.0,0,0,2,2,False
6,4,22,26,4,0.15384615384615385,3.6666666666666665,0.4714045207910317,4,3.6666666666666665,1.247219128924647,5,0,2,1.5,0.5,2,9,0.4090909090909091,0.7333333333333333,0.8181818181818182,1,13,4,0,False,1,0.3076923076923077,0,0,4,4,False
5,5,20,20,0,0.0,4.0,0.0,4,4.0,0.0,4,0,1,1.0,0.0,5,10,0.5,1.0,1.0,1,10,0,0,False,0,0.0,0,0,5,7,False
8,5,42,50,8,0.16,5.25,0.6614378277661477,6,5.25,1.1989578808281798,7,0,2,1.6,0.4898979485566356,2,19,0.4523809523809524,0.75,0.9047619047619048,1,25,8,0,False,1,0.32,0,0,5,5,False
3,3,6,6,0,0.0,2.0,0.0,2,2.0,0.0,2,0,1,1.0,0.0,3,3,0.5,1.0,1.0,1,3,0,0,False,0,0.0,0,0,3,5,False
12,7,87,102,15,0.14705882352941177,7.25,2.165063509461097,11,7.25,3.788689307223102,11,0,6,1.7142857142857142,1.749635530559413,6,36,0.41379310344827586,0.6590909090909091,0.8275862068965517,1,51,15,0,False,1,0.29411764705882354,0,0,7,8,False
9,7,66,66,0,0.0,7.333333333333333,0.9428090415820634,8,7.333333333333333,0.9428090415820634,8,0,3,1.2857142857142858,0.6998542122237652,6,33,0.5,0.9166666666666666,1.0,1,33,0,0,False,0,0.0,0,0,7,3,False
31,9,357,846,489,0.5780141843971631,11.516129032258064,1.7756592186481142,16,11.516129032258064,3.608868715083095,18,0,5,3.4444444444444446,0.9558139185602919,0,159,0.44537815126050423,0.38387096774193546,0.8907563025210085,2,423,489,25,True,3,1.1560283687943262,0,0,9,3,False
12,7,108,114,6,0.05263157894736842,9.0,1.224744871391589,11,9.0,2.0,11,0,4,1.7142857142857142,1.1605769149479943,5,51,0.4722222222222222,0.8181818181818182,0.9444444444444444,1,57,6,0,False,1,0.10526315789473684,0,0,7,8,False
7,4,32,36,4,0.1111111111111111,4.571428571428571,0.7284313590846836,6,4.571428571428571,0.7284313590846836,6,0,2,1.75,0.4330127018922193,1,16,0.5,0.7619047619047619,1.0,1,18,4,0,False,1,0.2222222222222222,0,0,4,2,False
6,5,28,28,0,0.0,4.666666666666667,0.4714045207910317,5,4.666666666666667,0.4714045207910317,5,0,2,1.2,0.4000000000000001,4,14,0.5,0.9333333333333333,1.0,1,14,0,0,False,0,0.0,0,0,5,5,False
5,3,14,16,2,0.125,2.8,0.7483314773547882,4,2.8,0.7483314773547882,4,0,2,1.6666666666666667,0.4714045207910317,1,7,0.5,0.7,1.0,1,8,2,0,False,1,0.25,0,0,3,2,False
22,10,390,422,32,0.07582938388625593,17.727272727272727,2.396622968448012,21,17.727272727272727,2.396622968448012,21,0,5,2.2,1.1661903789690602,3,195,0.5,0.8441558441558441,1.0,1,211,32,0,False,1,0.15165876777251186,0,0,10,1,False
23,5,153,404,251,0.6212871287128713,6.6521739130434785,3.618896008119098,18,6.6521739130434785,6.224835919976029,20,0,7,4.6,1.9595917942265424,0,26,0.16993464052287582,0.30237154150197626,0.33986928104575165,6,202,251,31,True,2,1.2425742574257426,0,0,5,7,False
6,5,26,28,2,0.07142857142857142,4.333333333333333,0.4714045207910317,5,4.333333333333333,1.1055415967851332,5,0,2,1.2,0.4,4,12,0.46153846153846156,0.8666666666666667,0.9230769230769231,1,14,2,0,False,1,0.14285714285714285,0,0,5,4,False
12,5,56,106,50,0.4716981132075472,4.666666666666667,0.4714045207910316,5,4.666666666666667,4.089281382128433,11,0,4,2.4,1.3564659966250538,2,15,0.26785714285714285,0.42424242424242425,0.5357142857142857,4,53,50,2,True,2,0.9433962264150944,0,0,5,1,False
13,10,145,150,5,0.03333333333333333,11.153846153846153,0.6617173282340483,12,11.153846153846153,1.5613679330911108,12,0,2,1.3,0.45825756949558394,7,70,0.4827586206896552,0.9294871794871795,0.9655172413793104,1,75,5,0,False,1,0.06666666666666667,0,0,10,5,False
16,4,100,188,88,0.46808510638297873,6.25,1.1989578808281798,8,6.25,3.526683994916471,11,0,5,4.0,1.0,0,36,0.36,0.4166666666666667,0.72,3,94,88,12,True,3,0.9361702127659575,0,0,4,7,False
11,6,79,94,15,0.1595744680851064,7.181818181818182,1.1922615498730909,9,7.181818181818182,2.289032420366213,10,0,4,1.8333333333333333,1.0671873729054748,3,36,0.45569620253164556,0.7181818181818181,0.9113924050632911,1,47,15,0,False,1,0.3191489361702128,0,0,6,7,False
4,2,5,8,3,0.375,1.25,0.4330127018922193,2,1.25,0.82915619758885,2,0,2,2.0,0.0,0,1,0.2,0.4166666666666667,0.4,1,4,3,1,True,2,0.75,0,0,2,2,False
13,10,144,150,6,0.04,11.076923076923077,0.9166442529086912,12,11.076923076923077,1.1409536133993328,12,0,2,1.3,0.45825756949558405,7,71,0.4930555555555556,0.9230769230769231,0.9861111111111112,1,75,6,0,False,1,0.08,0,0,10,7,False
8,7,54,54,0,0.0,6.75,0.4330127018922193,7,6.75,0.4330127018922193,7,0,2,1.1428571428571428,0.3499271061118826,6,27,0.5,0.9642857142857143,1.0,1,27,0,0,False,0,0.0,0,0,7,1,False
9,9,72,72,0,0.0,8.0,0.0,8,8.0,0.0,8,0,1,1.0,0.0,9,36,0.5,1.0,1.0,1,36,0,0,False,0,0.0,0,0,9,1,False
5,4,18,18,0,0.0,3.6,0.4898979485566356,4,3.6,0.4898979485566356,4,0,2,1.25,0.4330127018922193,3,9,0.5,0.9,1.0,1,9,0,0,False,0,0.0,0,0,4,8,False
5,4,17,18,1,0.05555555555555555,3.4,0.4898979485566356,4,3.4,0.8,4,0,2,1.25,0.4330127018922193,3,8,0.47058823529411764,0.85,0.9411764705882353,1,9,1,0,False,1,0.1111111111111111,0,0,4,1,False
16,6,152,208,56,0.2692307692307692,9.5,2.3717082451262845,15,9.5,3.824264635194589,15,0,4,2.6666666666666665,0.9428090415820634,1,65,0.4276315789473684,0.6333333333333333,0.8552631578947368,1,104,56,4,True,2,0.5384615384615384,0,0,6,4,False
5,4,18,18,0,0.0,3.6,0.4898979485566356,4,3.6,0.4898979485566356,4,0,2,1.25,0.4330127018922193,3,9,0.5,0.9,1.0,1,9,0,0,False,0,0.0,0,0,4,4,False
11,9,92,106,14,0.1320754716981132,8.363636363636363,0.77138921583987,10,8.363636363636363,2.6379305688267105,10,0,2,1.2222222222222223,0.41573970964154905,7,41,0.44565217391304346,0.8363636363636363,0.8913043478260869,1,53,14,0,False,1,0.2641509433962264,0,0,9,2,False
3,3,6,6,0,0.0,2.0,0.0,2,2.0,0.0,2,0,1,1.0,0.0,3,3,0.5,1.0,1.0,1,3,0,0,False,0,0.0,0,0,3,6,False
11,7,98,100,2,0.02,8.909090909090908,0.899954085146515,10,8.909090909090908,1.1642044068059723,10,0,3,1.5714285714285714,0.7284313590846835,4,48,0.4897959183673469,0.8909090909090909,0.9795918367346939,1,50,2,0,False,1,0.04,0,0,7,4,False
3,3,6,6,0,0.0,2.0,0.0,2,2.0,0.0,2,0,1,1.0,0.0,3,3,0.5,1.0,1.0,1,3,0,0,False,0,0.0,0,0,3,3,False
12,7,96,122,26,0.21311475409836064,8.0,0.7071067811865476,9,8.0,3.1885210782848317,11,0,2,1.7142857142857142,0.45175395145262565,2,40,0.4166666666666667,0.7272727272727273,0.8333333333333334,1,61,26,4,True,2,0.4262295081967213,0,0,7,3,False
12,6,103,114,11,0.09649122807017543,8.583333333333334,1.3202482931462383,11,8.583333333333334,1.7057907908715597,11,0,4,2.0,1.0,2,48,0.46601941747572817,0.7803030303030303,0.9320388349514563,1,57,11,1,True,2,0.19298245614035087,0,0,6,1,False
5,5,20,20,0,0.0,4.0,0.0,4,4.0,0.0,4,0,1,1.0,0.0,5,10,0.5,1.0,1.0,1,10,0,0,False,0,0.0,0,0,5,4,False
20,8,277,340,63,0.18529411764705883,13.85,2.688401011754013,18,13.85,3.7319565913874184,19,0,4,2.5,1.118033988749895,2,129,0.4657039711191336,0.7289473684210527,0.9314079422382672,1,170,63,8,True,2,0.37058823529411766,0,0,8,2,False
3,3,6,6,0,0.0,2.0,0.0,2,2.0,0.0,2,0,1,1.0,0.0,3,3,0.5,1.0,1.0,1,3,0,0,False,0,0.0,0,0,3,1,False
4,4,12,12,0,0.0,3.0,0.0,3,3.0,0.0,3,0,1,1.0,0.0,4,6,0.5,1.0,1.0,1,6,0,0,False,0,0.0,0,0,4,7,False
17,10,208,258,50,0.1937984496124031,12.235294117647058,1.8951769051278837,16,12.235294117647058,3.5896814829158488,16,0,2,1.7,0.45825756949558405,3,88,0.4230769230769231,0.7647058823529411,0.8461538461538461,1,129,50,5,True,2,0.3875968992248062,0,0,10,5,False
12,10,122,128,6,0.046875,10.166666666666666,0.9860132971832694,11,10.166666666666666,1.21335164821342,11,0,2,1.2,0.4,8,60,0.4918032786885246,0.9242424242424242,0.9836065573770492,1,64,6,0,False,1,0.09375,0,0,10,4,False
3,3,6,6,0,0.0,2.0,0.0,2,2.0,0.0,2,0,1,1.0,0.0,3,3,0.5,1.0,1.0,1,3,0,0,False,0,0.0,0,0,3,5,False
2,2,2,2,0,0.0,1.0,0.0,1,1.0,0.0,1,0,1,1.0,0.0,2,1,0.5,1.0,1.0,1,0,0,0,False,0,,0,0,2,5,False
11,6,88,94,6,0.06382978723404255,8.0,1.5374122295716148,10,8.0,2.0,10,0,4,1.8333333333333333,1.0671873729054748,3,41,0.4659090909090909,0.8,0.9318181818181818,1,47,6,0,False,1,0.1276595744680851,0,0,6,3,False
10,7,80,82,2,0.024390243902439025,8.0,0.7745966692414834,9,8.0,1.0954451150103321,9,0,3,1.4285714285714286,0.7284313590846836,5,39,0.4875,0.8888888888888888,0.975,1,41,2,0,False,1,0.04878048780487805,0,0,7,7,False
24,4,134,426,292,0.6854460093896714,5.583333333333333,2.23451461296532,11,5.583333333333333,3.1347071456340045,13,0,8,6.0,1.224744871391589,0,47,0.35074626865671643,0.2427536231884058,0.7014925373134329,4,213,292,12,True,3,1.3708920187793427,2,0,4,6,True
9,2,14,28,14,0.5,1.5555555555555556,1.5713484026367723,6,1.5555555555555556,1.5713484026367723,6,0,7,4.5,2.5,0,7,0.5,0.19444444444444445,1.0,2,14,14,0,False,1,1.0,0,0,2,4,False
24,8,222,502,280,0.5577689243027888,9.25,3.491060010942235,19,9.25,4.205650960315181,21,0,4,3.0,0.5,0,84,0.3783783783783784,0.40217391304347827,0.7567567567567568,2,251,280,15,True,3,1.1155378486055776,2,0,8,4,True
14,7,163,166,3,0.018072289156626505,11.642857142857142,0.4791574237499549,12,11.642857142857142,0.894997434724405,13,0,3,2.0,0.5345224838248488,1,80,0.49079754601226994,0.8956043956043956,0.9815950920245399,1,83,3,0,False,1,0.03614457831325301,0,0,7,2,False
9,4,36,60,24,0.4,4.0,1.1547005383792515,6,4.0,0.816496580927726,5,0,3,2.25,0.4330127018922193,0,15,0.4166666666666667,0.5,0.8333333333333334,1,30,24,0,False,1,0.8,0,0,4,4,False
12,9,124,124,0,0.0,10.333333333333334,0.8498365855987975,11,10.333333333333334,0.8498365855987975,11,0,3,1.3333333333333333,0.6666666666666666,7,62,0.5,0.9393939393939394,1.0,1,62,0,0,False,0,0.0,0,0,9,1,False
7,6,39,40,1,0.025,5.571428571428571,0.4948716593053935,6,5.571428571428571,0.7284313590846835,6,0,2,1.1666666666666667,0.3726779962499649,5,19,0.48717948717948717,0.9285714285714286,0.9743589743589743,1,20,1,0,False,1,0.05,0,0,6,5,False
3,2,4,4,0,0.0,1.3333333333333333,0.4714045207910317,2,1.3333333333333333,0.4714045207910317,2,0,2,1.5,0.5,1,2,0.5,0.6666666666666666,1.0,1,2,0,0,False,0,0.0,0,0,2,7,False
6,5,26,28,2,0.07142857142857142,4.333333333333333,0.4714045207910317,5,4.333333333333333,1.1055415967851332,5,0,2,1.2,0.4000000000000001,4,12,0.46153846153846156,0.8666666666666667,0.9230769230769231,1,14,2,0,False,1,0.14285714285714285,0,0,5,7,False
6,3,17,22,5,0.22727272727272727,2.8333333333333335,1.2133516482134197,5,2.8333333333333335,1.3437096247164249,5,0,3,2.0,0.816496580927726,1,6,0.35294117647058826,0.5666666666666667,0.7058823529411765,1,11,5,2,True,2,0.45454545454545453,0,0,3,2,False
3,3,6,6,0,0.0,2.0,0.0,2,2.0,0.0,2,0,1,1.0,0.0,3,3,0.5,1.0,1.0,1,3,0,0,False,0,0.0,0,0,3,1,False
6,4,21,24,3,0.125,3.5,0.7637626158259734,5,3.5,1.6072751268321592,5,0,3,1.5,0.8660254037844386,3,9,0.42857142857142855,0.7,0.8571428571428571,1,12,3,0,False,1,0.25,0,0,4,4,False
14,5,75,154,79,0.512987012987013,5.357142857142857,0.8949974347244047,7,5.357142857142857,0.9715336077668173,7,0,4,2.8,0.7483314773547882,0,36,0.48,0.41208791208791207,0.96,2,77,79,2,True,2,1.025974025974026,0,0,5,2,False
8,3,38,38,0,0.0,4.75,0.9682458365518543,7,4.75,0.9682458365518543,7,0,4,2.6666666666666665,1.247219128924647,1,19,0.5,0.6785714285714286,1.0,1,19,0,0,False,0,0.0,0,0,3,3,False
4,3,8,10,2,0.2,2.0,0.0,2,2.0,1.224744871391589,3,0,2,1.3333333333333333,0.4714045207910317,2,3,0.375,0.6666666666666666,0.75,1,5,2,0,False,1,0.4,0,0,3,6,False
6,4,24,24,0,0.0,4.0,1.0,5,4.0,1.0,5,0,3,1.5,0.8660254037844386,3,12,0.5,0.8,1.0,1,12,0,0,False,0,0.0,0,0,4,2,False
6,2,10,16,6,0.375,1.6666666666666667,1.1055415967851332,4,1.6666666666666667,1.1055415967851332,4,0,4,3.0,1.0,0,5,0.5,0.3333333333333333,1.0,1,8,6,0,False,1,0.75,0,0,2,5,False
12,3,24,96,72,0.75,2.0,0.0,2,2.0,0.0,2,0,4,4.0,0.0,0,12,0.5,0.18181818181818182,1.0,4,48,72,0,False,1,1.5,0,0,3,3,False
7,5,32,38,6,0.15789473684210525,4.571428571428571,0.4948716593053935,5,4.571428571428571,1.761261143705422,6,0,2,1.4,0.4898979485566356,3,14,0.4375,0.7619047619047619,0.875,1,19,6,0,False,1,0.3157894736842105,0,0,5,7,False
4,3,9,10,1,0.1,2.25,0.4330127018922193,3,2.25,0.82915619758885,3,0,2,1.3333333333333333,0.4714045207910317,2,4,0.4444444444444444,0.75,0.8888888888888888,1,5,1,0,False,1,0.2,0,0,3,6,False
23,8,283,462,179,0.3874458874458874,12.304347826086957,3.013517121941471,20,12.304347826086957,5.008121947819802,20,0,3,2.875,0.33071891388307384,0,109,0.38515901060070673,0.5592885375494071,0.7703180212014135,1,231,179,21,True,3,0.7748917748917749,1,0,8,3,True
8,4,31,44,13,0.29545454545454547,3.875,1.2686114456365274,7,3.875,1.899835519196333,7,0,3,2.0,1.0,2,14,0.45161290322580644,0.5535714285714286,0.9032258064516129,1,22,13,0,False,1,0.5909090909090909,0,0,4,1,False
6,5,27,28,1,0.03571428571428571,4.5,0.5,5,4.5,0.7637626158259734,5,0,2,1.2,0.4000000000000001,4,13,0.48148148148148145,0.9,0.9629629629629629,1,14,1,0,False,1,0.07142857142857142,0,0,5,5,False
17,5,111,224,113,0.5044642857142857,6.529411764705882,1.913347760857717,10,6.529411764705882,3.957385456836273,14,0,5,3.4,1.2000000000000002,0,42,0.3783783783783784,0.40808823529411764,0.7567567567567568,1,112,113,11,True,2,1.0089285714285714,0,0,5,4,False
14,10,144,174,30,0.1724137931034483,10.285714285714286,0.7953949089757175,12,10.285714285714286,4.130523512800274,13,0,2,1.4,0.48989794855663565,6,59,0.4097222222222222,0.7912087912087912,0.8194444444444444,1,87,30,1,True,2,0.3448275862068966,0,0,10,6,False
7,5,30,36,6,0.16666666666666666,4.285714285714286,0.6998542122237652,6,4.285714285714286,2.1852940772540506,6,0,3,1.4,0.8000000000000002,4,12,0.4,0.7142857142857143,0.8,1,18,6,0,False,1,0.3333333333333333,0,0,5,3,False
9,5,47,64,17,0.265625,5.222222222222222,0.9162456945817024,7,5.222222222222222,2.199887763691481,8,0,2,1.8,0.4,1,18,0.3829787234042553,0.6527777777777778,0.7659574468085106,1,32,17,3,True,2,0.53125,0,0,5,7,False
6,4,20,26,6,0.23076923076923078,3.3333333333333335,0.7453559924999298,5,3.3333333333333335,1.247219128924647,5,0,2,1.5,0.5,2,9,0.45,0.6666666666666666,0.9,1,13,6,0,False,1,0.46153846153846156,0,0,4,4,False
7,5,32,38,6,0.15789473684210525,4.571428571428571,0.4948716593053935,5,4.571428571428571,1.498298354528788,6,0,2,1.4,0.4898979485566356,3,13,0.40625,0.7619047619047619,0.8125,1,19,6,1,True,2,0.3157894736842105,0,0,5,4,False
4,4,12,12,0,0.0,3.0,0.0,3,3.0,0.0,3,0,1,1.0,0.0,4,6,0.5,1.0,1.0,1,6,0,0,False,0,0.0,0,0,4,6,False
9,3,22,54,32,0.5925925925925926,2.4444444444444446,1.257078722109418,6,2.4444444444444446,1.7069212773041351,6,0,3,3.0,0.0,0,9,0.4090909090909091,0.3055555555555556,0.8181818181818182,1,27,32,4,True,2,1.1851851851851851,0,0,3,6,False
12,10,117,128,11,0.0859375,9.75,0.5951190357119042,11,9.75,2.277608394786075,11,0,2,1.2,0.4,8,55,0.4700854700854701,0.8863636363636364,0.9401709401709402,1,64,11,0,False,1,0.171875,0,0,10,6,False
13,8,105,140,35,0.25,8.076923076923077,0.9970370305242863,9,8.076923076923077,3.8523027770919738,12,0,4,1.625,0.9921567416492215,5,45,0.42857142857142855,0.6730769230769231,0.8571428571428571,1,70,35,0,False,1,0.5,0,0,8,1,False
8,7,52,54,2,0.037037037037037035,6.5,0.5,7,6.5,1.0,7,0,2,1.1428571428571428,0.34992710611188266,6,25,0.4807692307692308,0.9285714285714286,0.9615384615384616,1,27,2,0,False,1,0.07407407407407407,0,0,7,4,False
21,7,205,370,165,0.44594594594594594,9.761904761904763,3.702055566776535,20,9.761904761904763,5.126074910780148,20,0,5,3.0,1.0690449676496976,1,59,0.28780487804878047,0.4880952380952381,0.5756097560975609,1,185,165,26,True,3,0.8918918918918919,0,0,7,6,False
12,7,110,122,12,0.09836065573770492,9.166666666666666,1.2133516482134197,11,9.166666666666666,1.2133516482134197,11,0,2,1.7142857142857142,0.45175395145262565,2,55,0.5,0.8333333333333334,1.0,1,61,12,0,False,1,0.19672131147540983,0,0,7,5,False
16,8,148,218,70,0.3211009174311927,9.25,2.358495283014151,15,9.25,3.473110997362451,15,0,3,2.0,0.8660254037844386,3,58,0.3918918918918919,0.6166666666666667,0.7837837837837838,1,109,70,4,True,2,0.6422018348623854,0,0,8,6,False
11,6,73,98,25,0.25510204081632654,6.636363636363637,0.8813963377120598,8,6.636363636363637,2.307014098263549,10,0,3,1.8333333333333333,0.6871842709362769,2,32,0.4383561643835616,0.6636363636363637,0.8767123287671232,1,49,25,1,True,2,0.5102040816326531,0,0,6,2,False
6,4,22,24,2,0.08333333333333333,3.6666666666666665,0.9428090415820634,5,3.6666666666666665,1.3743685418725535,5,0,3,1.5,0.8660254037844386,3,10,0.45454545454545453,0.7333333333333333,0.9090909090909091,1,12,2,0,False,1,0.16666666666666666,0,0,4,2,False
61,9,896,3282,2386,0.7269957343083485,14.688524590163935,3.8942622088188497,31,14.688524590163935,4.051071437333453,27,0,9,6.777777777777778,1.6850834320114558,0,431,0.4810267857142857,0.2448087431693989,0.9620535714285714,2,1641,2386,18,True,2,1.453991468616697,0,0,9,1,False
4,4,12,12,0,0.0,3.0,0.0,3,3.0,0.0,3,0,1,1.0,0.0,4,6,0.5,1.0,1.0,1,6,0,0,False,0,0.0,0,0,4,7,False
5,2,8,12,4,0.3333333333333333,1.6,0.8,3,1.6,1.019803902718557,3,0,3,2.5,0.5,0,2,0.25,0.4,0.5,1,6,4,1,True,2,0.6666666666666666,0,0,2,7,False
4,4,12,12,0,0.0,3.0,0.0,3,3.0,0.0,3,0,1,1.0,0.0,4,6,0.5,1.0,1.0,1,6,0,0,False,0,0.0,0,0,4,5,False
17,10,192,248,56,0.22580645161290322,11.294117647058824,3.1204205199705517,16,11.294117647058824,4.025867913474982,16,0,4,1.7,1.1,7,90,0.46875,0.7058823529411765,0.9375,1,124,56,1,True,2,0.45161290322580644,0,0,10,7,False
2,2,2,2,0,0.0,1.0,0.0,1,1.0,0.0,1,0,1,1.0,0.0,2,1,0.5,1.0,1.0,1,0,0,0,False,0,,0,0,2,3,False
3,2,4,4,0,0.0,1.3333333333333333,0.4714045207910317,2,1.3333333333333333,0.4714045207910317,2,0,2,1.5,0.5,1,2,0.5,0.6666666666666666,1.0,1,2,0,0,False,0,0.0,0,0,2,7,False
6,4,26,26,0,0.0,4.333333333333333,0.4714045207910317,5,4.333333333333333,0.4714045207910317,5,0,2,1.5,0.5,2,13,0.5,0.8666666666666667,1.0,1,13,0,0,False,0,0.0,0,0,4,2,False
10,5,51,78,27,0.34615384615384615,5.1,1.5132745950421556,8,5.1,2.3430749027719964,9,0,3,2.0,0.6324555320336759,1,23,0.45098039215686275,0.5666666666666667,0.9019607843137255,1,39,27,3,True,2,0.6923076923076923,0,0,5,3,False
14,4,79,138,59,0.427536231884058,5.642857142857143,1.836422876026063,9,5.642857142857143,3.393421005777058,11,0,6,3.5,1.5,0,21,0.26582278481012656,0.4340659340659341,0.5316455696202531,1,69,59,18,True,3,0.855072463768116,0,0,4,5,False
27,9,369,628,259,0.4124203821656051,13.666666666666666,4.618802153517006,24,13.666666666666666,5.062571444397563,26,0,6,3.0,1.4907119849998598,1,181,0.4905149051490515,0.5256410256410257,0.981029810298103,1,314,259,1,True,2,0.8248407643312102,0,0,9,1,False
20,10,256,348,92,0.26436781609195403,12.8,2.5019992006393608,19,12.8,5.104899607240087,19,0,4,2.0,1.0954451150103321,5,104,0.40625,0.6736842105263158,0.8125,1,174,92,4,True,2,0.5287356321839081,0,0,10,7,False
9,7,67,68,1,0.014705882352941176,7.444444444444445,0.49690399499995325,8,7.444444444444445,0.6849348892187751,8,0,2,1.2857142857142858,0.45175395145262565,5,33,0.4925373134328358,0.9305555555555556,0.9850746268656716,1,34,1,0,False,1,0.029411764705882353,0,0,7,7,False
19,8,135,312,177,0.5673076923076923,7.105263157894737,0.30689220499185793,8,7.105263157894737,2.881789225685015,10,0,4,2.375,0.6959705453537527,0,56,0.4148148148148148,0.39473684210526316,0.8296296296296296,2,156,177,21,True,3,1.1346153846153846,0,0,8,6,False
8,3,25,38,13,0.34210526315789475,3.125,1.6153559979150107,7,3.125,1.964529205687714,7,0,4,2.6666666666666665,1.247219128924647,1,9,0.36,0.44642857142857145,0.72,1,19,13,4,True,2,0.6842105263157895,0,0,3,4,False
5,3,16,16,0,0.0,3.2,0.39999999999999997,4,3.2,0.39999999999999997,4,0,2,1.6666666666666667,0.4714045207910317,1,8,0.5,0.8,1.0,1,8,0,0,False,0,0.0,0,0,3,4,False
21,10,284,394,110,0.27918781725888325,13.523809523809524,3.141413809994408,20,13.523809523809524,3.20147358361364,20,0,3,2.1,0.5385164807134504,1,136,0.4788732394366197,0.6761904761904762,0.9577464788732394,1,197,110,6,True,2,0.5583756345177665,0,0,10,3,False
2,2,2,2,0,0.0,1.0,0.0,1,1.0,0.0,1,0,1,1.0,0.0,2,1,0.5,1.0,1.0,1,0,0,0,False,0,,0,0,2,3,False
3,2,3,4,1,0.25,1.0,0.0,1,1.0,0.816496580927726,2,0,2,1.5,0.5,1,1,0.3333333333333333,0.5,0.6666666666666666,1,2,1,0,False,1,0.5,0,0,2,6,False
20,9,284,352,68,0.19318181818181818,14.2,2.0880613017821097,18,14.2,4.154515615568197,19,0,3,2.2222222222222223,0.6285393610547089,1,119,0.41901408450704225,0.7473684210526316,0.8380281690140845,1,176,68,9,True,2,0.38636363636363635,0,0,9,3,False
11,6,88,96,8,0.08333333333333333,8.0,1.5374122295716148,10,8.0,1.5374122295716148,10,0,3,1.8333333333333333,0.8975274678557508,3,44,0.5,0.8,1.0,1,48,8,0,False,1,0.16666666666666666,0,0,6,2,False
4,4,12,12,0,0.0,3.0,0.0,3,3.0,0.0,3,0,1,1.0,0.0,4,6,0.5,1.0,1.0,1,6,0,0,False,0,0.0,0,0,4,4,False
8,2,10,32,22,0.6875,1.25,0.4330127018922193,2,1.25,0.82915619758885,3,0,4,4.0,0.0,0,4,0.4,0.17857142857142858,0.8,3,16,22,2,True,2,1.375,0,0,2,8,False
5,5,20,20,0,0.0,4.0,0.0,4,4.0,0.0,4,0,1,1.0,0.0,5,10,0.5,1.0,1.0,1,10,0,0,False,0,0.0,0,0,5,8,False
6,3,15,22,7,0.3181818181818182,2.5,0.7637626158259734,4,2.5,1.707825127659933,5,0,3,2.0,0.816496580927726,1,4,0.26666666666666666,0.5,0.5333333333333333,1,11,7,2,True,2,0.6363636363636364,0,0,3,8,False
4,2,6,6,0,0.0,1.5,0.8660254037844386,3,1.5,0.8660254037844386,3,0,3,2.0,1.0,1,3,0.5,0.5,1.0,1,3,0,0,False,0,0.0,0,0,2,7,False
21,5,144,346,202,0.5838150289017341,6.857142857142857,1.8070158058105026,11,6.857142857142857,5.0169779775489225,16,0,6,4.2,1.16619037896906,0,36,0.25,0.34285714285714286,0.5,3,173,202,35,True,3,1.1676300578034682,1,0,5,6,True
14,6,111,148,37,0.25,7.928571428571429,2.0861545523586047,11,7.928571428571429,3.7695070862739315,13,0,5,2.3333333333333335,1.5986105077709065,3,48,0.43243243243243246,0.6098901098901099,0.8648648648648649,1,74,37,3,True,2,0.5,0,0,6,2,False
23,10,282,474,192,0.4050632911392405,12.26086956521739,1.7989705100501912,18,12.26086956521739,4.6738624870875425,18,0,3,2.3,0.45825756949558405,0,106,0.375886524822695,0.5573122529644269,0.75177304964539,1,237,192,25,True,2,0.810126582278481,0,0,10,3,False
6,5,25,28,3,0.10714285714285714,4.166666666666667,0.37267799624996495,5,4.166666666666667,1.462494064565354,5,0,2,1.2,0.4000000000000001,4,11,0.44,0.8333333333333334,0.88,1,14,3,0,False,1,0.21428571428571427,0,0,5,5,False
3,3,6,6,0,0.0,2.0,0.0,2,2.0,0.0,2,0,1,1.0,0.0,3,3,0.5,1.0,1.0,1,3,0,0,False,0,0.0,0,0,3,8,False
35,9,425,1072,647,0.6035447761194029,12.142857142857142,6.736437622121554,34,12.142857142857142,7.099870651308101,34,0,5,3.888888888888889,1.3698697784375504,1,195,0.4588235294117647,0.35714285714285715,0.9176470588235294,1,536,647,30,True,2,1.2070895522388059,0,0,9,3,False
7,7,42,42,0,0.0,6.0,0.0,6,6.0,0.0,6,0,1,1.0,0.0,7,21,0.5,1.0,1.0,1,21,0,0,False,0,0.0,0,0,7,1,False
13,6,86,134,48,0.3582089552238806,6.615384615384615,2.527950265408459,12,6.615384615384615,3.0009860312509473,12,0,4,2.1666666666666665,1.0671873729054748,2,39,0.45348837209302323,0.5512820512820513,0.9069767441860465,1,67,48,6,True,2,0.7164179104477612,0,0,6,4,False
11,8,94,104,10,0.09615384615384616,8.545454545454545,0.7820295697311479,10,8.545454545454545,1.827250112931071,10,0,2,1.375,0.4841229182759271,5,44,0.46808510638297873,0.8545454545454545,0.9361702127659575,1,52,10,0,False,1,0.19230769230769232,0,0,8,7,False
2,2,2,2,0,0.0,1.0,0.0,1,1.0,0.0,1,0,1,1.0,0.0,2,1,0.5,1.0,1.0,1,0,0,0,False,0,,0,0,2,4,False
16,6,109,206,97,0.470873786407767,6.8125,2.1569292408421745,11,6.8125,3.0458732327528013,10,0,5,2.6666666666666665,1.1055415967851334,0,44,0.4036697247706422,0.45416666666666666,0.8073394495412844,1,103,97,12,True,2,0.941747572815534,0,0,6,3,False
12,10,120,128,8,0.0625,10.0,0.5773502691896257,11,10.0,2.1984843263788196,11,0,2,1.2,0.4,8,56,0.4666666666666667,0.9090909090909091,0.9333333333333333,1,64,8,0,False,1,0.125,0,0,10,6,False
9,5,43,58,15,0.25862068965517243,4.777777777777778,0.41573970964154905,5,4.777777777777778,3.4889596595794625,8,0,4,1.8,1.1661903789690602,3,14,0.32558139534883723,0.5972222222222222,0.6511627906976745,1,29,15,0,False,1,0.5172413793103449,0,0,5,3,False
16,7,127,204,77,0.37745098039215685,7.9375,3.4363634484728185,15,7.9375,4.1453098496976075,15,0,4,2.2857142857142856,1.4846149779161804,4,59,0.4645669291338583,0.5291666666666667,0.9291338582677166,1,102,77,0,False,1,0.7549019607843137,0,0,7,1,False
14,6,142,146,4,0.0273972602739726,10.142857142857142,1.9587584572574417,13,10.142857142857142,1.9587584572574417,13,0,6,2.3333333333333335,1.699673171197595,2,71,0.5,0.7802197802197802,1.0,1,73,4,0,False,1,0.0547945205479452,0,0,6,1,False
4,3,10,10,0,0.0,2.5,0.5,3,2.5,0.5,3,0,2,1.3333333333333333,0.4714045207910317,2,5,0.5,0.8333333333333334,1.0,1,5,0,0,False,0,0.0,0,0,3,1,False
11,8,84,104,20,0.19230769230769232,7.636363636363637,0.8813963377120598,10,7.636363636363637,3.310389355642386,10,0,2,1.375,0.4841229182759271,5,34,0.40476190476190477,0.7636363636363637,0.8095238095238095,1,52,20,2,True,2,0.38461538461538464,0,0,8,8,False
6,4,20,26,6,0.23076923076923078,3.3333333333333335,0.4714045207910317,4,3.3333333333333335,1.7950549357115013,5,0,2,1.5,0.5,2,8,0.4,0.6666666666666666,0.8,1,13,6,2,True,2,0.46153846153846156,0,0,4,7,False
16,10,189,224,35,0.15625,11.8125,2.855230945125105,15,11.8125,3.1268744378372473,15,0,3,1.6,0.8,6,83,0.43915343915343913,0.7875,0.8783068783068783,1,112,35,9,True,2,0.3125,0,0,10,4,False
6,5,28,28,0,0.0,4.666666666666667,0.4714045207910317,5,4.666666666666667,0.4714045207910317,5,0,2,1.2,0.4000000000000001,4,14,0.5,0.9333333333333333,1.0,1,14,0,0,False,0,0.0,0,0,5,8,False
15,6,120,184,64,0.34782608695652173,8.0,2.4765567494675613,12,8.0,4.016632088371218,12,0,4,2.5,0.7637626158259734,0,35,0.2916666666666667,0.5714285714285714,0.5833333333333334,3,92,64,9,True,2,0.6956521739130435,0,0,6,4,False
7,6,35,40,5,0.125,5.0,0.0,5,5.0,2.0701966780270626,6,0,2,1.1666666666666667,0.3726779962499649,5,15,0.42857142857142855,0.8333333333333334,0.8571428571428571,1,20,5,0,False,1,0.25,0,0,6,6,False
7,7,42,42,0,0.0,6.0,0.0,6,6.0,0.0,6,0,1,1.0,0.0,7,21,0.5,1.0,1.0,1,21,0,0,False,0,0.0,0,0,7,6,False
6,6,30,30,0,0.0,5.0,0.0,5,5.0,0.0,5,0,1,1.0,0.0,6,15,0.5,1.0,1.0,1,15,0,0,False,0,0.0,0,0,6,7,False
10,9,88,88,0,0.0,8.8,0.4,9,8.8,0.4,9,0,2,1.1111111111111112,0.3142696805273545,8,44,0.5,0.9777777777777777,1.0,1,44,0,0,False,0,0.0,0,0,9,3,False
12,4,57,98,41,0.41836734693877553,4.75,2.6180463454008347,11,4.75,2.8613807855648994,11,0,5,3.0,1.5811388300841898,1,20,0.3508771929824561,0.4318181818181818,0.7017543859649122,1,49,41,7,True,2,0.8367346938775511,0,0,4,8,False
23,10,391,446,55,0.12331838565022421,17.0,2.6865202966565924,22,17.0,5.9927492420641855,22,0,6,2.3,1.7349351572897471,5,168,0.4296675191815857,0.7727272727272727,0.8593350383631714,1,223,55,0,False,1,0.24663677130044842,0,0,10,2,False
13,9,126,146,20,0.136986301369863,9.692307692307692,1.4349813927828945,12,9.692307692307692,3.36005071812947,12,0,3,1.4444444444444444,0.6849348892187752,6,53,0.42063492063492064,0.8076923076923077,0.8412698412698413,1,73,20,2,True,2,0.273972602739726,0,0,9,6,False
5,4,16,18,2,0.1111111111111111,3.2,0.39999999999999997,4,3.2,1.16619037896906,4,0,2,1.25,0.4330127018922193,3,7,0.4375,0.8,0.875,1,9,2,0,False,1,0.2222222222222222,0,0,4,2,False
11,6,77,100,23,0.23,7.0,0.8528028654224418,9,7.0,1.8090680674665818,10,0,2,1.8333333333333333,0.3726779962499649,1,35,0.45454545454545453,0.7,0.9090909090909091,1,50,23,2,True,2,0.46,0,0,6,1,False
10,10,90,90,0,0.0,9.0,0.0,9,9.0,0.0,9,0,1,1.0,0.0,10,45,0.5,1.0,1.0,1,45,0,0,False,0,0.0,0,0,10,7,False
4,2,6,8,2,0.25,1.5,0.5,2,1.5,0.5,2,0,2,2.0,0.0,0,3,0.5,0.5,1.0,1,4,2,0,False,1,0.5,0,0,2,2,False
8,3,25,26,1,0.038461538461538464,3.125,1.964529205687714,7,3.125,2.2603926650031405,7,0,6,2.6666666666666665,2.3570226039551585,2,12,0.48,0.44642857142857145,0.96,1,13,1,0,False,1,0.07692307692307693,0,0,3,5,False
25,10,311,550,239,0.43454545454545457,12.44,3.868643173000063,24,12.44,5.337265217318697,24,0,4,2.5,1.118033988749895,2,135,0.4340836012861736,0.5183333333333333,0.8681672025723473,1,275,239,16,True,3,0.8690909090909091,0,0,10,8,False
6,3,18,18,0,0.0,3.0,1.4142135623730951,5,3.0,1.4142135623730951,5,0,4,2.0,1.4142135623730951,2,9,0.5,0.6,1.0,1,9,0,0,False,0,0.0,0,0,3,1,False
13,4,59,120,61,0.5083333333333333,4.538461538461538,1.6923076923076925,7,4.538461538461538,2.845114155216451,10,0,5,3.25,1.299038105676658,0,21,0.3559322033898305,0.3782051282051282,0.711864406779661,2,60,61,11,True,2,1.0166666666666666,0,0,4,7,False
7,3,22,22,0,0.0,3.142857142857143,1.8070158058105024,6,3.142857142857143,1.8070158058105024,6,0,5,2.3333333333333335,1.8856180831641267,2,11,0.5,0.5238095238095238,1.0,1,11,0,0,False,0,0.0,0,0,3,8,False
14,4,57,144,87,0.6041666666666666,4.071428571428571,1.6241167144145818,8,4.071428571428571,2.282363615524351,8,0,5,3.5,0.8660254037844386,0,20,0.3508771929824561,0.3131868131868132,0.7017543859649122,2,72,87,10,True,2,1.2083333333333333,0,0,4,3,False
11,8,95,104,9,0.08653846153846154,8.636363636363637,1.1499191491521379,10,8.636363636363637,2.0123585110162416,10,0,2,1.375,0.4841229182759271,5,43,0.45263157894736844,0.8636363636363636,0.9052631578947369,1,52,9,1,True,2,0.17307692307692307,0,0,8,4,False
13,10,141,150,9,0.06,10.846153846153847,0.7692307692307693,12,10.846153846153847,1.9153691689213435,12,0,2,1.3,0.45825756949558394,7,67,0.475177304964539,0.9038461538461539,0.950354609929078,1,75,9,0,False,1,0.12,0,0,10,5,False
16,7,117,218,101,0.463302752293578,7.3125,1.8946882989030147,12,7.3125,3.0149367737980843,11,0,3,2.2857142857142856,0.45175395145262565,0,50,0.42735042735042733,0.4875,0.8547008547008547,1,109,101,12,True,2,0.926605504587156,0,0,7,3,False
5,3,14,14,0,0.0,2.8,0.9797958971132712,4,2.8,0.9797958971132712,4,0,3,1.6666666666666667,0.9428090415820634,2,7,0.5,0.7,1.0,1,7,0,0,False,0,0.0,0,0,3,6,False
9,8,68,70,2,0.02857142857142857,7.555555555555555,0.49690399499995325,8,7.555555555555555,0.9558139185602919,8,0,2,1.125,0.33071891388307384,7,33,0.4852941176470588,0.9444444444444444,0.9705882352941176,1,35,2,0,False,1,0.05714285714285714,0,0,8,3,False
14,6,91,136,45,0.33088235294117646,6.5,0.823754471047914,7,6.5,5.815619362667107,13,0,7,2.3333333333333335,2.134374745810949,3,24,0.26373626373626374,0.5,0.5274725274725275,1,68,45,1,True,2,0.6617647058823529,0,0,6,5,False
11,3,37,78,41,0.5256410256410257,3.3636363636363638,1.1499191491521379,5,3.3636363636363638,1.36666330712481,5,0,5,3.6666666666666665,0.9428090415820634,0,16,0.43243243243243246,0.33636363636363636,0.8648648648648649,2,39,41,2,True,2,1.0512820512820513,0,0,3,4,False
2,2,2,2,0,0.0,1.0,0.0,1,1.0,0.0,1,0,1,1.0,0.0,2,1,0.5,1.0,1.0,1,0,0,0,False,0,,0,0,2,7,False
28,10,445,690,245,0.35507246376811596,15.892857142857142,2.7299828062551934,22,15.892857142857142,6.2868302580774,23,0,5,2.8,1.2489995996796797,0,182,0.40898876404494383,0.5886243386243386,0.8179775280898877,1,345,245,5,True,2,0.7101449275362319,0,0,10,4,False
4,3,9,10,1,0.1,2.25,0.4330127018922193,3,2.25,0.82915619758885,3,0,2,1.3333333333333333,0.4714045207910317,2,4,0.4444444444444444,0.75,0.8888888888888888,1,5,1,0,False,1,0.2,0,0,3,3,False
6,6,30,30,0,0.0,5.0,0.0,5,5.0,0.0,5,0,1,1.0,0.0,6,15,0.5,1.0,1.0,1,15,0,0,False,0,0.0,0,0,6,5,False
8,7,54,54,0,0.0,6.75,0.4330127018922193,7,6.75,0.4330127018922193,7,0,2,1.1428571428571428,0.34992710611188266,6,27,0.5,0.9642857142857143,1.0,1,27,0,0,False,0,0.0,0,0,7,1,False
28,6,291,626,335,0.5351437699680511,10.392857142857142,2.623237989779122,19,10.392857142857142,6.2412183203641405,23,0,8,4.666666666666667,2.1343747458109497,0,108,0.3711340206185567,0.38492063492063494,0.7422680412371134,1,313,335,17,True,3,1.0702875399361023,0,0,6,8,False
30,10,416,806,390,0.4838709677419355,13.866666666666667,3.8099285499278794,26,13.866666666666667,5.064473209415653,26,0,4,3.0,0.6324555320336759,0,159,0.38221153846153844,0.4781609195402299,0.7644230769230769,1,403,390,46,True,3,0.967741935483871,10,4,10,7,True
6,3,22,22,0,0.0,3.6666666666666665,0.7453559924999298,5,3.6666666666666665,0.7453559924999298,5,0,3,2.0,0.816496580927726,1,11,0.5,0.7333333333333333,1.0,1,11,0,0,False,0,0.0,0,0,3,6,False
9,6,64,64,0,0.0,7.111111111111111,0.8748897637790901,8,7.111111111111111,0.8748897637790901,8,0,3,1.5,0.7637626158259734,4,32,0.5,0.8888888888888888,1.0,1,32,0,0,False,0,0.0,0,0,6,1,False
27,10,376,644,268,0.4161490683229814,13.925925925925926,4.233253944364311,20,13.925925925925926,7.981116258723072,26,0,4,2.7,1.1,2,111,0.29521276595744683,0.5356125356125356,0.5904255319148937,4,322,268,31,True,3,0.8322981366459627,0,0,10,8,False
8,5,42,48,6,0.125,5.25,1.0897247358851685,7,5.25,1.920286436967152,7,0,3,1.6,0.8,3,18,0.42857142857142855,0.75,0.8571428571428571,1,24,6,1,True,2,0.25,0,0,5,7,False
6,5,24,28,4,0.14285714285714285,4.0,0.0,4,4.0,1.8257418583505538,5,0,2,1.2,0.4,4,10,0.4166666666666667,0.8,0.8333333333333334,1,14,4,0,False,1,0.2857142857142857,0,0,5,5,False
3,3,6,6,0,0.0,2.0,0.0,2,2.0,0.0,2,0,1,1.0,0.0,3,3,0.5,1.0,1.0,1,3,0,0,False,0,0.0,0,0,3,1,False
4,2,5,8,3,0.375,1.25,0.4330127018922193,2,1.25,0.82915619758885,2,0,2,2.0,0.0,0,1,0.2,0.4166666666666667,0.4,1,4,3,1,True,2,0.75,0,0,2,2,False
6,6,30,30,0,0.0,5.0,0.0,5,5.0,0.0,5,0,1,1.0,0.0,6,15,0.5,1.0,1.0,1,15,0,0,False,0,0.0,0,0,6,2,False
2,2,2,2,0,0.0,1.0,0.0,1,1.0,0.0,1,0,1,1.0,0.0,2,1,0.5,1.0,1.0,1,0,0,0,False,0,,0,0,2,8,False
6,2,10,10,0,0.0,1.6666666666666667,1.4907119849998596,5,1.6666666666666667,1.4907119849998596,5,0,5,3.0,2.0,1,5,0.5,0.3333333333333333,1.0,1,5,0,0,False,0,0.0,0,0,2,1,False
39,10,602,1364,762,0.5586510263929618,15.435897435897436,3.0110469411465997,27,15.435897435897436,2.447341538254361,20,0,5,3.9,0.7,0,292,0.4850498338870432,0.40620782726045884,0.9700996677740864,1,682,762,5,True,3,1.1173020527859236,0,0,10,2,False
8,8,56,56,0,0.0,7.0,0.0,7,7.0,0.0,7,0,1,1.0,0.0,8,28,0.5,1.0,1.0,1,28,0,0,False,0,0.0,0,0,8,3,False
8,4,36,48,12,0.25,4.5,0.8660254037844386,6,4.5,0.8660254037844386,6,0,2,2.0,0.0,0,18,0.5,0.6428571428571429,1.0,1,24,12,0,False,1,0.5,0,0,4,1,False
16,10,183,214,31,0.14485981308411214,11.4375,1.9029171684547912,15,11.4375,4.860153675553891,15,0,5,1.6,1.2806248474865698,8,76,0.41530054644808745,0.7625,0.8306010928961749,1,107,31,0,False,1,0.2897196261682243,0,0,10,8,False
13,3,41,112,71,0.6339285714285714,3.1538461538461537,1.2307692307692308,5,3.1538461538461537,2.741312258646994,6,0,5,4.333333333333333,0.4714045207910317,0,7,0.17073170731707318,0.26282051282051283,0.34146341463414637,3,56,71,12,True,2,1.2678571428571428,0,0,3,5,False
8,7,54,54,0,0.0,6.75,0.4330127018922193,7,6.75,0.4330127018922193,7,0,2,1.1428571428571428,0.3499271061118826,6,27,0.5,0.9642857142857143,1.0,1,27,0,0,False,0,0.0,0,0,7,7,False
30,9,393,790,397,0.5025316455696203,13.1,5.374941860150675,29,13.1,6.543953952568228,29,0,5,3.3333333333333335,1.0540925533894598,1,154,0.39185750636132316,0.4517241379310345,0.7837150127226463,1,395,397,40,True,4,1.0050632911392405,5,0,9,6,True
3,3,6,6,0,0.0,2.0,0.0,2,2.0,0.0,2,0,1,1.0,0.0,3,3,0.5,1.0,1.0,1,3,0,0,False,0,0.0,0,0,3,2,False
8,8,56,56,0,0.0,7.0,0.0,7,7.0,0.0,7,0,1,1.0,0.0,8,28,0.5,1.0,1.0,1,28,0,0,False,0,0.0,0,0,8,4,False
12,6,85,116,31,0.2672413793103448,7.083333333333333,1.8008485654145256,11,7.083333333333333,2.6601482832520613,11,0,3,2.0,0.816496580927726,2,38,0.4470588235294118,0.6439393939393939,0.8941176470588236,1,58,31,1,True,2,0.5344827586206896,0,0,6,3,False
30,10,482,790,308,0.389873417721519,16.066666666666666,6.06043636126054,29,16.066666666666666,6.06043636126054,29,0,5,3.0,1.4142135623730951,2,241,0.5,0.5540229885057472,1.0,1,395,308,0,False,1,0.779746835443038,0,0,10,1,False
5,4,18,18,0,0.0,3.6,0.4898979485566356,4,3.6,0.4898979485566356,4,0,2,1.25,0.4330127018922193,3,9,0.5,0.9,1.0,1,9,0,0,False,0,0.0,0,0,4,3,False
9,4,35,58,23,0.39655172413793105,3.888888888888889,1.5234788000891208,8,3.888888888888889,2.3306863292670035,8,0,3,2.25,0.82915619758885,1,14,0.4,0.4861111111111111,0.8,1,29,23,6,True,2,0.7931034482758621,0,0,4,8,False
16,9,166,226,60,0.26548672566371684,10.375,2.394655507583502,15,10.375,2.394655507583502,15,0,2,1.7777777777777777,0.41573970964154905,2,83,0.5,0.6916666666666667,1.0,1,113,60,0,False,1,0.5309734513274337,0,0,9,1,False
52,7,407,2302,1895,0.8231972198088618,7.826923076923077,1.8263156885059166,15,7.826923076923077,1.6138958340963672,14,0,10,7.428571428571429,1.498298354528788,0,196,0.48157248157248156,0.15346907993966818,0.9631449631449631,4,1151,1895,5,True,2,1.6463944396177237,0,0,7,2,False
7,6,36,40,4,0.1,5.142857142857143,0.3499271061118826,6,5.142857142857143,1.7261494247992246,6,0,2,1.1666666666666667,0.3726779962499649,5,16,0.4444444444444444,0.8571428571428571,0.8888888888888888,1,20,4,0,False,1,0.2,0,0,6,3,False
8,6,47,50,3,0.06,5.875,0.7806247497997998,7,5.875,1.6909686573085854,7,0,3,1.3333333333333333,0.74535599249993,5,22,0.46808510638297873,0.8392857142857143,0.9361702127659575,1,25,3,0,False,1,0.12,0,0,6,7,False
15,5,138,162,24,0.14814814814814814,9.2,2.5086516962969045,14,9.2,2.5086516962969045,14,0,6,3.0,1.8973665961010275,2,69,0.5,0.6571428571428571,1.0,1,81,24,0,False,1,0.2962962962962963,0,0,5,2,False
7,4,24,36,12,0.3333333333333333,3.4285714285714284,1.049781318335648,6,3.4285714285714284,1.049781318335648,6,0,2,1.75,0.4330127018922193,1,12,0.5,0.5714285714285714,1.0,1,18,12,0,False,1,0.6666666666666666,0,0,4,3,False
9,8,63,70,7,0.1,7.0,0.0,7,7.0,2.494438257849294,8,0,2,1.125,0.33071891388307384,7,28,0.4444444444444444,0.875,0.8888888888888888,1,35,7,0,False,1,0.2,0,0,8,6,False
4,2,5,8,3,0.375,1.25,0.4330127018922193,2,1.25,0.82915619758885,2,0,2,2.0,0.0,0,2,0.4,0.4166666666666667,0.8,1,4,3,1,True,2,0.75,0,0,2,3,False
2,2,2,2,0,0.0,1.0,0.0,1,1.0,0.0,1,0,1,1.0,0.0,2,1,0.5,1.0,1.0,1,0,0,0,False,0,,0,0,2,3,False
2,2,2,2,0,0.0,1.0,0.0,1,1.0,0.0,1,0,1,1.0,0.0,2,1,0.5,1.0,1.0,1,0,0,0,False,0,,0,0,2,5,False
6,4,20,26,6,0.23076923076923078,3.3333333333333335,0.4714045207910317,4,3.3333333333333335,1.7950549357115013,5,0,2,1.5,0.5,2,7,0.35,0.6666666666666666,0.7,1,13,6,0,False,1,0.46153846153846156,0,0,4,5,False
3,2,3,4,1,0.25,1.0,0.0,1,1.0,0.816496580927726,2,0,2,1.5,0.5,1,1,0.3333333333333333,0.5,0.6666666666666666,1,2,1,0,False,1,0.5,0,0,2,4,False
12,2,15,72,57,0.7916666666666666,1.25,0.5951190357119042,3,1.25,0.7216878364870323,3,0,6,6.0,0.0,0,5,0.3333333333333333,0.11363636363636363,0.6666666666666666,5,36,57,3,True,2,1.5833333333333333,0,0,2,2,False
12,10,126,126,0,0.0,10.5,0.8660254037844386,11,10.5,0.8660254037844386,11,0,3,1.2,0.6000000000000001,9,63,0.5,0.9545454545454546,1.0,1,63,0,0,False,0,0.0,0,0,10,1,False
28,8,300,682,382,0.5601173020527859,10.714285714285714,2.998298837402194,17,10.714285714285714,4.095791767666128,18,0,5,3.5,0.7071067811865476,0,112,0.37333333333333335,0.3968253968253968,0.7466666666666667,1,341,382,35,True,3,1.1202346041055717,1,0,8,7,True
27,6,347,596,249,0.41778523489932884,12.851851851851851,3.439462745553748,23,12.851851851851851,6.2757835792518915,23,0,7,4.5,1.3844373104863459,0,92,0.26512968299711814,0.4943019943019943,0.5302593659942363,1,298,249,34,True,2,0.8355704697986577,0,0,6,8,False
3,2,4,4,0,0.0,1.3333333333333333,0.4714045207910317,2,1.3333333333333333,0.4714045207910317,2,0,2,1.5,0.5,1,2,0.5,0.6666666666666666,1.0,1,2,0,0,False,0,0.0,0,0,2,7,False
23,8,232,434,202,0.46543778801843316,10.08695652173913,3.322035042590098,17,10.08695652173913,5.64079121399195,22,0,6,2.875,1.899835519196333,2,95,0.40948275862068967,0.45849802371541504,0.8189655172413793,1,217,202,15,True,3,0.9308755760368663,2,0,8,6,True
8,7,53,54,1,0.018518518518518517,6.625,0.4841229182759271,7,6.625,0.6959705453537527,7,0,2,1.1428571428571428,0.3499271061118826,6,26,0.49056603773584906,0.9464285714285714,0.9811320754716981,1,27,1,0,False,1,0.037037037037037035,0,0,7,8,False
16,4,68,190,122,0.6421052631578947,4.25,2.5860201081971503,11,4.25,2.9261749776799064,9,0,5,4.0,0.7071067811865476,0,14,0.20588235294117646,0.2833333333333333,0.4117647058823529,2,95,122,16,True,2,1.2842105263157895,0,0,4,7,False
11,8,93,104,11,0.10576923076923077,8.454545454545455,1.2331509060227759,10,8.454545454545455,1.827250112931071,10,0,2,1.375,0.4841229182759271,5,45,0.4838709677419355,0.8454545454545455,0.967741935483871,1,52,11,1,True,2,0.21153846153846154,0,0,8,7,False
20,6,148,324,176,0.5432098765432098,7.4,2.437211521390788,13,7.4,4.565084884205331,18,0,6,3.3333333333333335,1.247219128924647,0,41,0.27702702702702703,0.3894736842105263,0.5540540540540541,2,162,176,32,True,2,1.0864197530864197,11,0,6,4,True
8,7,54,54,0,0.0,6.75,0.4330127018922193,7,6.75,0.4330127018922193,7,0,2,1.1428571428571428,0.3499271061118826,6,27,0.5,0.9642857142857143,1.0,1,27,0,0,False,0,0.0,0,0,7,4,False
26,8,329,582,253,0.43470790378006874,12.653846153846153,3.0501236758318213,23,12.653846153846153,8.29709081403424,24,0,5,3.25,1.0897247358851685,0,71,0.21580547112462006,0.5061538461538462,0.4316109422492401,1,291,253,47,True,3,0.8694158075601375,0,0,8,7,False
20,5,155,304,149,0.4901315789473684,7.75,3.0475399915341552,12,7.75,3.832427429188973,14,0,7,4.0,1.7888543819998317,0,44,0.2838709677419355,0.40789473684210525,0.567741935483871,2,152,149,18,True,3,0.9802631578947368,2,0,5,4,True
3,3,6,6,0,0.0,2.0,0.0,2,2.0,0.0,2,0,1,1.0,0.0,3,3,0.5,1.0,1.0,1,3,0,0,False,0,0.0,0,0,3,2,False
34,6,374,948,574,0.6054852320675106,11.0,3.8501336875184875,18,11.0,7.108404305095897,25,0,9,5.666666666666667,1.5986105077709065,0,124,0.3315508021390374,0.3333333333333333,0.6631016042780749,4,474,574,42,True,2,1.2109704641350212,0,0,6,5,False
9,6,56,64,8,0.125,6.222222222222222,0.9162456945817024,7,6.222222222222222,2.4393887111222385,8,0,3,1.5,0.7637626158259734,4,24,0.42857142857142855,0.7777777777777778,0.8571428571428571,1,32,8,1,True,2,0.25,0,0,6,2,False
20,7,200,332,132,0.39759036144578314,10.0,3.082207001484488,19,10.0,5.310367218940701,19,0,4,2.857142857142857,1.2453996981544782,2,81,0.405,0.5263157894736842,0.81,1,166,132,4,True,3,0.7951807228915663,0,0,7,7,False
13,10,142,150,8,0.05333333333333334,10.923076923076923,0.6153846153846153,12,10.923076923076923,1.5913969896597848,12,0,2,1.3,0.45825756949558394,7,67,0.47183098591549294,0.9102564102564102,0.9436619718309859,1,75,8,1,True,2,0.10666666666666667,0,0,10,3,False
12,6,86,120,34,0.2833333333333333,7.166666666666667,1.0671873729054748,8,7.166666666666667,2.4438130497691963,10,0,2,2.0,0.0,0,34,0.3953488372093023,0.6515151515151515,0.7906976744186046,1,60,34,6,True,2,0.5666666666666667,0,0,6,3,False
10,5,57,74,17,0.22972972972972974,5.7,1.8466185312619388,9,5.7,2.6851443164195103,9,0,4,2.0,1.0954451150103321,2,21,0.3684210526315789,0.6333333333333333,0.7368421052631579,1,37,17,3,True,2,0.4594594594594595,0,0,5,5,False
3,3,6,6,0,0.0,2.0,0.0,2,2.0,0.0,2,0,1,1.0,0.0,3,3,0.5,1.0,1.0,1,3,0,0,False,0,0.0,0,0,3,8,False
4,4,12,12,0,0.0,3.0,0.0,3,3.0,0.0,3,0,1,1.0,0.0,4,6,0.5,1.0,1.0,1,6,0,0,False,0,0.0,0,0,4,1,False
11,9,101,106,5,0.04716981132075472,9.181818181818182,0.385694607919935,10,9.181818181818182,1.6958871005616027,10,0,2,1.2222222222222223,0.41573970964154905,7,48,0.4752475247524752,0.9181818181818182,0.9504950495049505,1,53,5,0,False,1,0.09433962264150944,0,0,9,1,False
20,8,187,344,157,0.4563953488372093,9.35,3.2136427928442823,19,9.35,4.350574674683794,19,0,4,2.5,0.8660254037844386,1,77,0.4117647058823529,0.4921052631578947,0.8235294117647058,1,172,157,21,True,3,0.9127906976744186,9,0,8,3,True
3,2,4,4,0,0.0,1.3333333333333333,0.4714045207910317,2,1.3333333333333333,0.4714045207910317,2,0,2,1.5,0.5,1,2,0.5,0.6666666666666666,1.0,1,2,0,0,False,0,0.0,0,0,2,4,False
9,6,63,64,1,0.015625,7.0,0.816496580927726,8,7.0,0.9428090415820634,8,0,3,1.5,0.7637626158259734,4,31,0.49206349206349204,0.875,0.9841269841269841,1,32,1,0,False,1,0.03125,0,0,6,4,False
20,8,229,348,119,0.34195402298850575,11.45,2.7654113618049663,17,11.45,4.47744346697979,18,0,3,2.5,0.5,0,93,0.40611353711790393,0.6026315789473684,0.8122270742358079,1,174,119,16,True,3,0.6839080459770115,0,0,8,6,False
10,6,57,78,21,0.2692307692307692,5.7,0.9,7,5.7,2.934280150224242,9,0,3,1.6666666666666667,0.9428090415820634,4,24,0.42105263157894735,0.6333333333333333,0.8421052631578947,1,39,21,0,False,1,0.5384615384615384,0,0,6,4,False
12,2,19,64,45,0.703125,1.5833333333333333,0.9537935951882998,4,1.5833333333333333,0.7592027982620249,3,0,8,6.0,2.0,0,9,0.47368421052631576,0.14393939393939395,0.9473684210526315,3,32,45,0,False,1,1.40625,0,0,2,3,False
18,7,153,262,109,0.41603053435114506,8.5,2.9486343354923554,17,8.5,4.374801582802229,17,0,5,2.5714285714285716,1.4982983545287878,3,61,0.39869281045751637,0.5,0.7973856209150327,1,131,109,3,True,2,0.8320610687022901,2,0,7,8,True
14,7,104,166,62,0.37349397590361444,7.428571428571429,2.2587697572631282,12,7.428571428571429,2.3819045715047236,13,0,3,2.0,0.5345224838248488,1,47,0.4519230769230769,0.5714285714285714,0.9038461538461539,1,83,62,5,True,2,0.7469879518072289,0,0,7,5,False
5,5,20,20,0,0.0,4.0,0.0,4,4.0,0.0,4,0,1,1.0,0.0,5,10,0.5,1.0,1.0,1,10,0,0,False,0,0.0,0,0,5,3,False
17,9,166,250,84,0.336,9.764705882352942,2.532829428424822,14,9.764705882352942,3.858213725130961,16,0,3,1.8888888888888888,0.8748897637790901,4,79,0.4759036144578313,0.6102941176470589,0.9518072289156626,1,125,84,0,False,1,0.672,0,0,9,2,False
4,4,12,12,0,0.0,3.0,0.0,3,3.0,0.0,3,0,1,1.0,0.0,4,6,0.5,1.0,1.0,1,6,0,0,False,0,0.0,0,0,4,6,False
9,6,49,66,17,0.25757575757575757,5.444444444444445,0.6849348892187752,7,5.444444444444445,2.454524670486058,8,0,2,1.5,0.5,3,19,0.3877551020408163,0.6805555555555556,0.7755102040816326,1,33,17,3,True,2,0.5151515151515151,0,0,6,7,False
17,3,88,190,102,0.5368421052631579,5.176470588235294,2.6620490585846497,11,5.176470588235294,2.6620490585846497,11,0,7,5.666666666666667,0.9428090415820634,0,44,0.5,0.3235294117647059,1.0,1,95,102,0,False,1,1.0736842105263158,0,0,3,4,False
11,8,88,102,14,0.13725490196078433,8.0,0.0,8,8.0,3.3844564489065974,10,0,3,1.375,0.6959705453537527,6,37,0.42045454545454547,0.8,0.8409090909090909,1,51,14,0,False,1,0.27450980392156865,0,0,8,2,False
5,3,10,14,4,0.2857142857142857,2.0,0.0,2,2.0,1.7888543819998317,4,0,3,1.6666666666666667,0.9428090415820634,2,3,0.3,0.5,0.6,1,7,4,0,False,1,0.5714285714285714,0,0,3,7,False
7,7,42,42,0,0.0,6.0,0.0,6,6.0,0.0,6,0,1,1.0,0.0,7,21,0.5,1.0,1.0,1,21,0,0,False,0,0.0,0,0,7,8,False
18,7,214,272,58,0.21323529411764705,11.88888888888889,2.6223163824902103,17,11.88888888888889,3.494263376336975,17,0,4,2.5714285714285716,0.9035079029052513,1,84,0.3925233644859813,0.6993464052287581,0.7850467289719626,1,136,58,7,True,2,0.4264705882352941,0,0,7,8,False
16,9,194,220,26,0.11818181818181818,12.125,1.8666480653835098,15,12.125,1.964529205687714,15,0,4,1.7777777777777777,0.9162456945817024,4,96,0.4948453608247423,0.8083333333333333,0.9896907216494846,1,110,26,0,False,1,0.23636363636363636,0,0,9,1,False
9,9,72,72,0,0.0,8.0,0.0,8,8.0,0.0,8,0,1,1.0,0.0,9,36,0.5,1.0,1.0,1,36,0,0,False,0,0.0,0,0,9,8,False
38,8,449,1254,805,0.6419457735247209,11.81578947368421,6.1209530697428525,30,11.81578947368421,6.248600951446291,30,0,6,4.75,1.0897247358851685,0,180,0.40089086859688194,0.31934566145092463,0.8017817371937639,1,627,805,45,True,4,1.2838915470494419,0,0,8,7,False
4,3,10,10,0,0.0,2.5,0.5,3,2.5,0.5,3,0,2,1.3333333333333333,0.4714045207910317,2,5,0.5,0.8333333333333334,1.0,1,5,0,0,False,0,0.0,0,0,3,3,False
18,6,139,270,131,0.48518518518518516,7.722222222222222,2.6416652062152757,12,7.722222222222222,1.994591452335138,12,0,3,3.0,0.0,0,58,0.4172661870503597,0.4542483660130719,0.8345323741007195,1,135,131,7,True,3,0.9703703703703703,0,0,6,8,False
12,5,71,108,37,0.3425925925925926,5.916666666666667,2.4986107250941583,11,5.916666666666667,2.7525240941522906,11,0,4,2.4,1.2000000000000002,2,32,0.4507042253521127,0.5378787878787878,0.9014084507042254,1,54,37,4,True,2,0.6851851851851852,2,0,5,2,True
8,7,54,54,0,0.0,6.75,0.4330127018922193,7,6.75,0.4330127018922193,7,0,2,1.1428571428571428,0.3499271061118826,6,27,0.5,0.9642857142857143,1.0,1,27,0,0,False,0,0.0,0,0,7,7,False
44,10,691,1718,1027,0.5977881257275902,15.704545454545455,5.383390049936199,25,15.704545454545455,7.322380218625342,30,0,7,4.4,1.5620499351813308,0,245,0.3545586107091172,0.36522198731501054,0.7091172214182344,1,859,1027,82,True,3,1.1955762514551804,0,0,10,8,False
5,3,11,16,5,0.3125,2.2,0.39999999999999997,3,2.2,1.469693845669907,4,0,2,1.6666666666666667,0.4714045207910317,1,3,0.2727272727272727,0.55,0.5454545454545454,1,8,5,1,True,2,0.625,0,0,3,4,False
9,6,56,66,10,0.15151515151515152,6.222222222222222,0.9162456945817024,8,6.222222222222222,2.3465235646603197,8,0,2,1.5,0.5,3,23,0.4107142857142857,0.7777777777777778,0.8214285714285714,1,33,10,1,True,2,0.30303030303030304,0,0,6,8,False
20,5,139,314,175,0.5573248407643312,6.95,2.923610781208744,16,6.95,2.8892040426387338,15,0,6,4.0,1.0954451150103321,0,67,0.48201438848920863,0.36578947368421055,0.9640287769784173,1,157,175,4,True,2,1.1146496815286624,0,0,5,1,False
11,9,104,104,0,0.0,9.454545454545455,0.8907235428302467,10,9.454545454545455,0.8907235428302467,10,0,3,1.2222222222222223,0.628539361054709,8,52,0.5,0.9454545454545454,1.0,1,52,0,0,False,0,0.0,0,0,9,3,False
7,7,42,42,0,0.0,6.0,0.0,6,6.0,0.0,6,0,1,1.0,0.0,7,21,0.5,1.0,1.0,1,21,0,0,False,0,0.0,0,0,7,1,False
4,4,12,12,0,0.0,3.0,0.0,3,3.0,0.0,3,0,1,1.0,0.0,4,6,0.5,1.0,1.0,1,6,0,0,False,0,0.0,0,0,4,2,False
12,10,128,128,0,0.0,10.666666666666666,0.4714045207910317,11,10.666666666666666,0.4714045207910317,11,0,2,1.2,0.4,8,64,0.5,0.9696969696969697,1.0,1,64,0,0,False,0,0.0,0,0,10,6,False
16,10,199,228,29,0.12719298245614036,12.4375,1.9354828209002528,15,12.4375,2.3175620272173947,15,0,2,1.6,0.48989794855663565,4,94,0.4723618090452261,0.8291666666666667,0.9447236180904522,1,114,29,0,False,1,0.2543859649122807,0,0,10,5,False
25,10,446,556,110,0.19784172661870503,17.84,1.9935897271003378,24,17.84,4.71321546292974,24,0,3,2.5,0.806225774829855,2,199,0.4461883408071749,0.7433333333333333,0.8923766816143498,1,278,110,8,True,2,0.39568345323741005,0,0,10,3,False
12,6,80,108,28,0.25925925925925924,6.666666666666667,1.8856180831641267,11,6.666666666666667,3.6817870057290873,11,0,4,2.0,1.4142135623730951,4,35,0.4375,0.6060606060606061,0.875,1,54,28,1,True,2,0.5185185185185185,0,0,6,6,False
15,3,54,136,82,0.6029411764705882,3.6,2.7760883751542687,13,3.6,3.2207659544483103,13,0,7,5.0,2.160246899469287,0,7,0.12962962962962962,0.2571428571428571,0.25925925925925924,1,68,82,18,True,4,1.2058823529411764,7,0,3,7,True
4,2,4,8,4,0.5,1.0,0.0,1,1.0,0.0,1,0,2,2.0,0.0,0,2,0.5,0.3333333333333333,1.0,2,4,4,0,False,1,1.0,0,0,2,3,False
19,3,72,222,150,0.6756756756756757,3.789473684210526,1.9888888029148617,10,3.789473684210526,2.686789266968467,13,0,9,6.333333333333333,2.494438257849294,0,28,0.3888888888888889,0.21052631578947367,0.7777777777777778,3,111,150,8,True,3,1.3513513513513513,0,0,3,1,False
19,10,256,314,58,0.18471337579617833,13.473684210526315,3.298618866524715,18,13.473684210526315,3.9652227793341814,18,0,4,1.9,1.044030650891055,5,119,0.46484375,0.7485380116959064,0.9296875,1,157,58,1,True,2,0.36942675159235666,0,0,10,5,False
10,9,88,88,0,0.0,8.8,0.4,9,8.8,0.4,9,0,2,1.1111111111111112,0.3142696805273545,8,44,0.5,0.9777777777777777,1.0,1,44,0,0,False,0,0.0,0,0,9,1,False
17,7,202,242,40,0.1652892561983471,11.882352941176471,1.6762125704441184,16,11.882352941176471,1.6762125704441184,16,0,3,2.4285714285714284,0.9035079029052513,2,101,0.5,0.7426470588235294,1.0,1,121,40,0,False,1,0.3305785123966942,0,0,7,1,False
6,3,16,24,8,0.3333333333333333,2.6666666666666665,0.4714045207910317,3,2.6666666666666665,1.247219128924647,4,0,2,2.0,0.0,0,6,0.375,0.5333333333333333,0.75,2,12,8,0,False,1,0.6666666666666666,0,0,3,5,False
5,5,20,20,0,0.0,4.0,0.0,4,4.0,0.0,4,0,1,1.0,0.0,5,10,0.5,1.0,1.0,1,10,0,0,False,0,0.0,0,0,5,4,False
12,8,120,122,2,0.01639344262295082,10.0,0.816496580927726,11,10.0,1.0801234497346435,11,0,3,1.5,0.7071067811865476,5,59,0.49166666666666664,0.9090909090909091,0.9833333333333333,1,61,2,0,False,1,0.03278688524590164,0,0,8,2,False
13,7,129,136,7,0.051470588235294115,9.923076923076923,1.6853001769389726,12,9.923076923076923,1.7303418275695375,12,0,4,1.8571428571428572,1.124858267715973,4,61,0.4728682170542636,0.8269230769230769,0.9457364341085271,1,68,7,3,True,2,0.10294117647058823,0,0,7,3,False
11,10,107,108,1,0.009259259259259259,9.727272727272727,0.4453617714151233,10,9.727272727272727,0.616575453011388,10,0,2,1.1,0.3,9,53,0.4953271028037383,0.9727272727272728,0.9906542056074766,1,54,1,0,False,1,0.018518518518518517,0,0,10,6,False
29,9,477,740,263,0.3554054054054054,16.448275862068964,2.9546714257671605,25,16.448275862068964,7.379310344827586,27,0,4,3.2222222222222223,0.9162456945817024,0,139,0.2914046121593291,0.5874384236453202,0.5828092243186582,1,370,263,45,True,3,0.7108108108108108,0,0,9,8,False
10,10,90,90,0,0.0,9.0,0.0,9,9.0,0.0,9,0,1,1.0,0.0,10,45,0.5,1.0,1.0,1,45,0,0,False,0,0.0,0,0,10,3,False
31,7,302,816,514,0.6299019607843137,9.741935483870968,3.1105205656587547,16,9.741935483870968,2.972646718324716,16,0,6,4.428571428571429,1.0497813183356477,0,149,0.49337748344370863,0.3247311827956989,0.9867549668874173,1,408,514,4,True,2,1.2598039215686274,0,0,7,4,False
11,7,81,100,19,0.19,7.363636363636363,1.2984415324623362,9,7.363636363636363,2.962576497600059,10,0,3,1.5714285714285714,0.7284313590846835,4,34,0.41975308641975306,0.7363636363636363,0.8395061728395061,1,50,19,2,True,2,0.38,0,0,7,8,False
3,3,6,6,0,0.0,2.0,0.0,2,2.0,0.0,2,0,1,1.0,0.0,3,3,0.5,1.0,1.0,1,3,0,0,False,0,0.0,0,0,3,4,False
5,2,8,8,0,0.0,1.6,1.2,4,1.6,1.2,4,0,4,2.5,1.5,1,4,0.5,0.4,1.0,1,4,0,0,False,0,0.0,0,0,2,6,False
8,5,36,50,14,0.28,4.5,0.7071067811865476,6,4.5,1.8027756377319946,7,0,2,1.6,0.4898979485566356,2,15,0.4166666666666667,0.6428571428571429,0.8333333333333334,1,25,14,0,False,1,0.56,0,0,5,7,False
5,3,12,14,2,0.14285714285714285,2.4,0.4898979485566356,3,2.4,1.4966629547095767,4,0,3,1.6666666666666667,0.9428090415820634,2,5,0.4166666666666667,0.6,0.8333333333333334,1,7,2,0,False,1,0.2857142857142857,0,0,3,7,False
21,10,270,378,108,0.2857142857142857,12.857142857142858,3.2846789259010545,20,12.857142857142858,5.667666978536392,20,0,5,2.1,1.374772708486752,5,119,0.44074074074074077,0.6428571428571429,0.8814814814814815,1,189,108,0,False,1,0.5714285714285714,0,0,10,4,False
9,3,27,54,27,0.5,3.0,1.1547005383792515,5,3.0,1.7638342073763937,6,0,3,3.0,0.0,0,5,0.18518518518518517,0.375,0.37037037037037035,2,27,27,5,True,2,1.0,0,0,3,7,False
4,4,12,12,0,0.0,3.0,0.0,3,3.0,0.0,3,0,1,1.0,0.0,4,6,0.5,1.0,1.0,1,6,0,0,False,0,0.0,0,0,4,8,False
4,3,9,10,1,0.1,2.25,0.4330127018922193,3,2.25,0.82915619758885,3,0,2,1.3333333333333333,0.4714045207910317,2,4,0.4444444444444444,0.75,0.8888888888888888,1,5,1,0,False,1,0.2,0,0,3,5,False
6,6,30,30,0,0.0,5.0,0.0,5,5.0,0.0,5,0,1,1.0,0.0,6,15,0.5,1.0,1.0,1,15,0,0,False,0,0.0,0,0,6,8,False
13,6,108,140,32,0.22857142857142856,8.307692307692308,0.72160242458822,10,8.307692307692308,3.147272699304428,10,0,3,2.1666666666666665,0.3726779962499649,0,45,0.4166666666666667,0.6923076923076923,0.8333333333333334,1,70,32,2,True,2,0.45714285714285713,0,0,6,1,False
11,2,20,48,28,0.5833333333333334,1.8181818181818181,1.4658650451451907,6,1.8181818181818181,1.4658650451451907,6,0,8,5.5,2.5,0,10,0.5,0.18181818181818182,1.0,2,24,28,0,False,1,1.1666666666666667,0,0,2,2,False
8,3,22,42,20,0.47619047619047616,2.75,1.299038105676658,6,2.75,1.299038105676658,6,0,3,2.6666666666666665,0.4714045207910317,0,11,0.5,0.39285714285714285,1.0,1,21,20,0,False,1,0.9523809523809523,0,0,3,1,False
19,8,253,312,59,0.1891025641025641,13.31578947368421,1.5911806797716812,16,13.31578947368421,3.9343645454801592,18,0,3,2.375,0.6959705453537527,1,109,0.4308300395256917,0.7397660818713451,0.8616600790513834,1,156,59,9,True,2,0.3782051282051282,0,0,8,4,False
4,4,12,12,0,0.0,3.0,0.0,3,3.0,0.0,3,0,1,1.0,0.0,4,6,0.5,1.0,1.0,1,6,0,0,False,0,0.0,0,0,4,4,False
13,6,111,130,19,0.14615384615384616,8.538461538461538,1.08240363688233,11,8.538461538461538,3.388110083930037,12,0,5,2.1666666666666665,1.3437096247164249,2,47,0.42342342342342343,0.7115384615384616,0.8468468468468469,1,65,19,1,True,2,0.2923076923076923,0,0,6,6,False
6,6,30,30,0,0.0,5.0,0.0,5,5.0,0.0,5,0,1,1.0,0.0,6,15,0.5,1.0,1.0,1,15,0,0,False,0,0.0,0,0,6,7,False
6,5,28,28,0,0.0,4.666666666666667,0.4714045207910317,5,4.666666666666667,0.4714045207910317,5,0,2,1.2,0.4,4,14,0.5,0.9333333333333333,1.0,1,14,0,0,False,0,0.0,0,0,5,7,False
6,5,28,28,0,0.0,4.666666666666667,0.4714045207910317,5,4.666666666666667,0.4714045207910317,5,0,2,1.2,0.4000000000000001,4,14,0.5,0.9333333333333333,1.0,1,14,0,0,False,0,0.0,0,0,5,3,False
13,4,67,116,49,0.4224137931034483,5.153846153846154,1.6098807335735654,8,5.153846153846154,2.5674337335813284,10,0,6,3.25,1.6393596310755,0,27,0.40298507462686567,0.42948717948717946,0.8059701492537313,1,58,49,7,True,3,0.8448275862068966,1,0,4,6,True
13,9,139,148,9,0.060810810810810814,10.692307692307692,0.72160242458822,12,10.692307692307692,1.8138194034694761,12,0,2,1.4444444444444444,0.4969039949999533,5,67,0.48201438848920863,0.8910256410256411,0.9640287769784173,1,74,9,0,False,1,0.12162162162162163,0,0,9,5,False
31,7,340,808,468,0.5792079207920792,10.96774193548387,3.7025176348842024,22,10.96774193548387,5.975670408969065,22,0,7,4.428571428571429,1.498298354528788,0,131,0.38529411764705884,0.3655913978494624,0.7705882352941177,4,404,468,24,True,2,1.1584158415841583,0,0,7,2,False
18,10,219,282,63,0.22340425531914893,12.166666666666666,2.8722813232690148,17,12.166666666666666,4.6097722286464435,17,0,3,1.8,0.9797958971132712,6,88,0.4018264840182648,0.7156862745098039,0.8036529680365296,1,141,63,9,True,2,0.44680851063829785,0,0,10,8,False
32,5,277,790,513,0.649367088607595,8.65625,3.7216375344060575,18,8.65625,6.474031660217611,22,0,10,6.4,2.4166091947189146,0,90,0.3249097472924188,0.27923387096774194,0.6498194945848376,2,395,513,40,True,2,1.29873417721519,13,0,5,4,True
8,8,56,56,0,0.0,7.0,0.0,7,7.0,0.0,7,0,1,1.0,0.0,8,28,0.5,1.0,1.0,1,28,0,0,False,0,0.0,0,0,8,1,False
9,8,67,70,3,0.04285714285714286,7.444444444444445,0.49690399499995325,8,7.444444444444445,1.257078722109418,8,0,2,1.125,0.33071891388307384,7,32,0.47761194029850745,0.9305555555555556,0.9552238805970149,1,35,3,0,False,1,0.08571428571428572,0,0,8,6,False
10,2,15,32,17,0.53125,1.5,0.6708203932499369,3,1.5,2.3345235059857505,8,0,8,5.0,3.0,0,5,0.3333333333333333,0.16666666666666666,0.6666666666666666,1,16,17,5,True,2,1.0625,0,0,2,4,False
3,2,3,4,1,0.25,1.0,0.0,1,1.0,0.816496580927726,2,0,2,1.5,0.5,1,1,0.3333333333333333,0.5,0.6666666666666666,1,2,1,0,False,1,0.5,0,0,2,4,False
12,6,98,112,14,0.125,8.166666666666666,1.9075871903765995,11,8.166666666666666,2.229848026709942,11,0,4,2.0,1.1547005383792515,3,45,0.45918367346938777,0.7424242424242424,0.9183673469387755,1,56,14,0,False,1,0.25,0,0,6,1,False
11,9,93,104,11,0.10576923076923077,8.454545454545455,0.655554777357089,10,8.454545454545455,2.934547707557995,10,0,3,1.2222222222222223,0.628539361054709,8,41,0.44086021505376344,0.8454545454545455,0.8817204301075269,1,52,11,0,False,1,0.21153846153846154,0,0,9,8,False
6,5,28,28,0,0.0,4.666666666666667,0.4714045207910317,5,4.666666666666667,0.4714045207910317,5,0,2,1.2,0.4,4,14,0.5,0.9333333333333333,1.0,1,14,0,0,False,0,0.0,0,0,5,8,False
38,10,763,1186,423,0.3566610455311973,20.07894736842105,4.3430620955324795,28,20.07894736842105,13.859030077225478,37,0,10,3.8,3.370459909270543,4,265,0.3473132372214941,0.542674253200569,0.6946264744429882,1,593,423,8,True,2,0.7133220910623946,0,0,10,3,False
21,4,131,298,167,0.5604026845637584,6.238095238095238,3.9749784294684205,20,6.238095238095238,3.610893068595977,20,0,9,5.25,2.8613807855648994,1,60,0.4580152671755725,0.3119047619047619,0.916030534351145,1,149,167,1,True,2,1.1208053691275168,0,0,4,3,False
8,6,52,52,0,0.0,6.5,0.5,7,6.5,0.5,7,0,2,1.3333333333333333,0.4714045207910317,4,26,0.5,0.9285714285714286,1.0,1,26,0,0,False,0,0.0,0,0,6,3,False
4,2,5,8,3,0.375,1.25,0.4330127018922193,2,1.25,0.82915619758885,2,0,2,2.0,0.0,0,2,0.4,0.4166666666666667,0.8,1,4,3,1,True,2,0.75,0,0,2,8,False
7,5,34,36,2,0.05555555555555555,4.857142857142857,0.8329931278350428,6,4.857142857142857,1.4568627181693672,6,0,3,1.4,0.8,4,16,0.47058823529411764,0.8095238095238095,0.9411764705882353,1,18,2,0,False,1,0.1111111111111111,0,0,5,5,False
12,7,82,122,40,0.32786885245901637,6.833333333333333,0.37267799624996495,7,6.833333333333333,3.0776975521032313,11,0,2,1.7142857142857142,0.45175395145262565,2,33,0.4024390243902439,0.6212121212121212,0.8048780487804879,2,61,40,0,False,1,0.6557377049180327,0,0,7,1,False
12,6,76,120,44,0.36666666666666664,6.333333333333333,1.247219128924647,9,6.333333333333333,1.5456030825826172,9,0,2,2.0,0.0,0,30,0.39473684210526316,0.5757575757575758,0.7894736842105263,1,60,44,0,False,1,0.7333333333333333,0,0,6,6,False
4,3,10,10,0,0.0,2.5,0.5,3,2.5,0.5,3,0,2,1.3333333333333333,0.4714045207910317,2,5,0.5,0.8333333333333334,1.0,1,5,0,0,False,0,0.0,0,0,3,5,False
3,3,6,6,0,0.0,2.0,0.0,2,2.0,0.0,2,0,1,1.0,0.0,3,3,0.5,1.0,1.0,1,3,0,0,False,0,0.0,0,0,3,5,False
26,10,452,554,102,0.18411552346570398,17.384615384615383,4.420902475538773,25,17.384615384615383,5.2262423850655475,25,0,9,2.6,2.332380757938121,4,215,0.4756637168141593,0.6953846153846154,0.9513274336283186,1,277,102,0,False,1,0.36823104693140796,0,0,10,2,False
17,6,180,238,58,0.24369747899159663,10.588235294117647,1.7842059868356588,14,10.588235294117647,3.614656822526404,14,0,4,2.8333333333333335,0.6871842709362768,0,76,0.4222222222222222,0.6617647058823529,0.8444444444444444,1,119,58,9,True,2,0.48739495798319327,0,0,6,7,False
26,6,215,544,329,0.6047794117647058,8.26923076923077,5.509137111742303,23,8.26923076923077,5.118275643430136,25,0,6,4.333333333333333,1.7950549357115015,1,78,0.3627906976744186,0.33076923076923076,0.7255813953488373,1,272,329,13,True,2,1.2095588235294117,0,0,6,4,False
5,5,20,20,0,0.0,4.0,0.0,4,4.0,0.0,4,0,1,1.0,0.0,5,10,0.5,1.0,1.0,1,10,0,0,False,0,0.0,0,0,5,7,False
11,10,108,108,0,0.0,9.818181818181818,0.385694607919935,10,9.818181818181818,0.385694607919935,10,0,2,1.1,0.3,9,54,0.5,0.9818181818181818,1.0,1,54,0,0,False,0,0.0,0,0,10,6,False
8,7,53,54,1,0.018518518518518517,6.625,0.4841229182759271,7,6.625,0.6959705453537527,7,0,2,1.1428571428571428,0.3499271061118826,6,26,0.49056603773584906,0.9464285714285714,0.9811320754716981,1,27,1,0,False,1,0.037037037037037035,0,0,7,8,False
19,7,161,300,139,0.4633333333333333,8.473684210526315,2.3478640024416277,17,8.473684210526315,2.6231443777636025,17,0,5,2.7142857142857144,1.1605769149479943,0,78,0.484472049689441,0.47076023391812866,0.968944099378882,1,150,139,4,True,2,0.9266666666666666,0,0,7,1,False
18,7,157,264,107,0.4053030303030303,8.722222222222221,2.940248582755387,14,8.722222222222221,4.3564199822478535,17,0,4,2.5714285714285716,1.3997084244475304,3,73,0.46496815286624205,0.5130718954248366,0.9299363057324841,1,132,107,2,True,2,0.8106060606060606,0,0,7,2,False
15,8,148,194,46,0.23711340206185566,9.866666666666667,2.4184476196289406,14,9.866666666666667,2.4729649321321876,14,0,3,1.875,0.5994789404140899,2,71,0.4797297297297297,0.7047619047619048,0.9594594594594594,1,97,46,3,True,2,0.4742268041237113,0,0,8,3,False
8,7,54,54,0,0.0,6.75,0.4330127018922193,7,6.75,0.4330127018922193,7,0,2,1.1428571428571428,0.3499271061118826,6,27,0.5,0.9642857142857143,1.0,1,27,0,0,False,0,0.0,0,0,7,1,False
4,3,10,10,0,0.0,2.5,0.5,3,2.5,0.5,3,0,2,1.3333333333333333,0.4714045207910317,2,5,0.5,0.8333333333333334,1.0,1,5,0,0,False,0,0.0,0,0,3,8,False
10,9,87,88,1,0.011363636363636364,8.7,0.45825756949558394,9,8.7,0.6403124237432849,9,0,2,1.1111111111111112,0.3142696805273545,8,43,0.4942528735632184,0.9666666666666667,0.9885057471264368,1,44,1,0,False,1,0.022727272727272728,0,0,9,3,False
4,4,12,12,0,0.0,3.0,0.0,3,3.0,0.0,3,0,1,1.0,0.0,4,6,0.5,1.0,1.0,1,6,0,0,False,0,0.0,0,0,4,2,False
14,9,137,166,29,0.1746987951807229,9.785714285714286,1.5665508713900935,13,9.785714285714286,3.85780417611165,13,0,4,1.5555555555555556,0.9558139185602919,6,56,0.40875912408759124,0.7527472527472527,0.8175182481751825,1,83,29,0,False,1,0.3493975903614458,0,0,9,7,False
5,2,6,12,6,0.5,1.2,0.4,2,1.2,0.4,2,0,3,2.5,0.5,0,3,0.5,0.3,1.0,2,6,6,0,False,1,1.0,0,0,2,5,False
12,4,55,92,37,0.40217391304347827,4.583333333333333,2.9285472318009296,11,4.583333333333333,2.9285472318009296,11,0,5,3.0,2.0,2,25,0.45454545454545453,0.4166666666666667,0.9090909090909091,1,46,37,2,True,3,0.8043478260869565,0,0,4,3,False
4,3,9,10,1,0.1,2.25,0.4330127018922193,3,2.25,0.82915619758885,3,0,2,1.3333333333333333,0.4714045207910317,2,4,0.4444444444444444,0.75,0.8888888888888888,1,5,1,0,False,1,0.2,0,0,3,4,False
6,6,30,30,0,0.0,5.0,0.0,5,5.0,0.0,5,0,1,1.0,0.0,6,15,0.5,1.0,1.0,1,15,0,0,False,0,0.0,0,0,6,4,False
4,4,12,12,0,0.0,3.0,0.0,3,3.0,0.0,3,0,1,1.0,0.0,4,6,0.5,1.0,1.0,1,6,0,0,False,0,0.0,0,0,4,1,False
3,3,6,6,0,0.0,2.0,0.0,2,2.0,0.0,2,0,1,1.0,0.0,3,3,0.5,1.0,1.0,1,3,0,0,False,0,0.0,0,0,3,7,False
7,4,28,36,8,0.2222222222222222,4.0,0.5345224838248488,5,4.0,1.4142135623730951,6,0,2,1.75,0.4330127018922193,1,12,0.42857142857142855,0.6666666666666666,0.8571428571428571,1,18,8,1,True,2,0.4444444444444444,0,0,4,2,False
15,6,135,184,49,0.266304347826087,9.0,1.505545305418162,13,9.0,3.3065591380365986,14,0,3,2.5,0.7637626158259734,1,56,0.4148148148148148,0.6428571428571429,0.8296296296296296,1,92,49,2,True,2,0.532608695652174,0,0,6,8,False
5,3,12,14,2,0.14285714285714285,2.4,0.4898979485566356,3,2.4,1.4966629547095767,4,0,3,1.6666666666666667,0.9428090415820634,2,5,0.4166666666666667,0.6,0.8333333333333334,1,7,2,0,False,1,0.2857142857142857,0,0,3,6,False
9,3,23,54,31,0.5740740740740741,2.5555555555555554,0.49690399499995325,3,2.5555555555555554,1.2570787221094177,4,0,3,3.0,0.0,0,9,0.391304347826087,0.3194444444444444,0.782608695652174,2,27,31,4,True,2,1.1481481481481481,0,0,3,5,False
15,8,149,178,29,0.16292134831460675,9.933333333333334,3.3359989341858145,14,9.933333333333334,3.37573037364591,14,0,5,1.875,1.5360257159305635,6,73,0.4899328859060403,0.7095238095238096,0.9798657718120806,1,89,29,2,True,2,0.3258426966292135,1,0,8,2,True
11,8,95,102,7,0.06862745098039216,8.636363636363637,1.3666633071248098,10,8.636363636363637,1.5534552264213692,10,0,3,1.375,0.6959705453537527,6,47,0.49473684210526314,0.8636363636363636,0.9894736842105263,1,51,7,0,False,1,0.13725490196078433,0,0,8,7,False
21,9,343,372,29,0.07795698924731183,16.333333333333332,2.1675822241411513,20,16.333333333333332,2.4364950105649585,20,0,5,2.3333333333333335,1.4907119849998598,4,169,0.49271137026239065,0.8166666666666667,0.9854227405247813,1,186,29,0,False,1,0.15591397849462366,0,0,9,3,False
12,8,120,122,2,0.01639344262295082,10.0,0.816496580927726,11,10.0,1.0801234497346435,11,0,3,1.5,0.7071067811865476,5,59,0.49166666666666664,0.9090909090909091,0.9833333333333333,1,61,2,0,False,1,0.03278688524590164,0,0,8,6,False
20,10,259,348,89,0.2557471264367816,12.95,2.6358110706194404,17,12.95,5.625611077918558,19,0,4,2.0,1.0954451150103321,5,102,0.3938223938223938,0.6815789473684211,0.7876447876447876,1,174,89,17,True,2,0.5114942528735632,0,0,10,5,False
10,6,64,80,16,0.2,6.4,1.2,8,6.4,2.1071307505705477,9,0,3,1.6666666666666667,0.74535599249993,3,28,0.4375,0.7111111111111111,0.875,1,40,16,1,True,2,0.4,0,0,6,7,False
2,2,2,2,0,0.0,1.0,0.0,1,1.0,0.0,1,0,1,1.0,0.0,2,1,0.5,1.0,1.0,1,0,0,0,False,0,,0,0,2,6,False
16,8,154,210,56,0.26666666666666666,9.625,1.4523687548277813,12,9.625,4.594493987372276,15,0,4,2.0,1.3228756555322954,5,56,0.36363636363636365,0.6416666666666667,0.7272727272727273,1,105,56,10,True,3,0.5333333333333333,0,0,8,7,False
6,4,26,26,0,0.0,4.333333333333333,0.4714045207910317,5,4.333333333333333,0.4714045207910317,5,0,2,1.5,0.5,2,13,0.5,0.8666666666666667,1.0,1,13,0,0,False,0,0.0,0,0,4,1,False
14,4,70,138,68,0.4927536231884058,5.0,2.5071326821120348,9,5.0,2.7255405754769875,9,0,5,3.5,1.5,0,27,0.38571428571428573,0.38461538461538464,0.7714285714285715,1,69,68,4,True,2,0.9855072463768116,0,0,4,8,False
14,5,75,144,69,0.4791666666666667,5.357142857142857,2.0565971498411386,11,5.357142857142857,3.2646842520075543,9,0,6,2.8,1.6,0,24,0.32,0.41208791208791207,0.64,2,72,69,0,False,1,0.9583333333333334,0,0,5,3,False
17,10,196,246,50,0.2032520325203252,11.529411764705882,2.7678330249455505,16,11.529411764705882,3.9573854568362727,16,0,4,1.7,1.1874342087037917,7,93,0.4744897959183674,0.7205882352941176,0.9489795918367347,1,123,50,0,False,1,0.4065040650406504,0,0,10,5,False
15,10,182,200,18,0.09,12.133333333333333,1.70749979664876,14,12.133333333333333,2.3055488621054114,14,0,2,1.5,0.5,5,82,0.45054945054945056,0.8666666666666667,0.9010989010989011,1,100,18,6,True,2,0.18,0,0,10,5,False
13,6,91,132,41,0.3106060606060606,7.0,2.8010986855435576,12,7.0,2.7735009811261455,12,0,4,2.1666666666666665,1.2133516482134197,3,45,0.4945054945054945,0.5833333333333334,0.989010989010989,1,66,41,1,True,2,0.6212121212121212,0,0,6,1,False
2,2,2,2,0,0.0,1.0,0.0,1,1.0,0.0,1,0,1,1.0,0.0,2,1,0.5,1.0,1.0,1,0,0,0,False,0,,0,0,2,8,False
5,2,8,12,4,0.3333333333333333,1.6,0.4898979485566356,2,1.6,1.019803902718557,3,0,3,2.5,0.5,0,2,0.25,0.4,0.5,1,6,4,1,True,2,0.6666666666666666,0,0,2,5,False
14,6,87,162,75,0.46296296296296297,6.214285714285714,0.7726181304565691,8,6.214285714285714,3.628824513108725,11,0,3,2.3333333333333335,0.4714045207910317,0,27,0.3103448275862069,0.47802197802197804,0.6206896551724138,1,81,75,15,True,2,0.9259259259259259,0,0,6,5,False
6,5,26,28,2,0.07142857142857142,4.333333333333333,0.4714045207910317,5,4.333333333333333,1.1055415967851332,5,0,2,1.2,0.4,4,12,0.46153846153846156,0.8666666666666667,0.9230769230769231,1,14,2,0,False,1,0.14285714285714285,0,0,5,8,False
5,5,20,20,0,0.0,4.0,0.0,4,4.0,0.0,4,0,1,1.0,0.0,5,10,0.5,1.0,1.0,1,10,0,0,False,0,0.0,0,0,5,6,False
9,5,46,64,18,0.28125,5.111111111111111,0.9938079899999066,7,5.111111111111111,2.0245407953653998,8,0,2,1.8,0.4,1,18,0.391304347826087,0.6388888888888888,0.782608695652174,1,32,18,3,True,2,0.5625,0,0,5,7,False
8,2,11,32,21,0.65625,1.375,0.4841229182759271,2,1.375,0.8569568250501305,3,0,4,4.0,0.0,0,5,0.45454545454545453,0.19642857142857142,0.9090909090909091,2,16,21,1,True,2,1.3125,0,0,2,2,False
6,6,30,30,0,0.0,5.0,0.0,5,5.0,0.0,5,0,1,1.0,0.0,6,15,0.5,1.0,1.0,1,15,0,0,False,0,0.0,0,0,6,6,False
10,5,56,74,18,0.24324324324324326,5.6,1.42828568570857,7,5.6,2.65329983228432,9,0,4,2.0,1.0954451150103321,2,21,0.375,0.6222222222222222,0.75,2,37,18,0,False,1,0.4864864864864865,0,0,5,6,False
25,7,341,526,185,0.3517110266159696,13.64,3.2848744268236496,21,13.64,5.6842237816609575,21,0,6,3.5714285714285716,1.178030178747903,0,127,0.3724340175953079,0.5683333333333334,0.7448680351906158,1,263,185,10,True,2,0.7034220532319392,0,0,7,4,False
4,2,5,8,3,0.375,1.25,0.4330127018922193,2,1.25,0.82915619758885,2,0,2,2.0,0.0,0,1,0.2,0.4166666666666667,0.4,1,4,3,1,True,2,0.75,0,0,2,4,False
4,4,12,12,0,0.0,3.0,0.0,3,3.0,0.0,3,0,1,1.0,0.0,4,6,0.5,1.0,1.0,1,6,0,0,False,0,0.0,0,0,4,2,False
13,9,134,146,12,0.0821917808219178,10.307692307692308,1.6354070481130232,12,10.307692307692308,1.8967427701443003,12,0,3,1.4444444444444444,0.6849348892187752,6,63,0.4701492537313433,0.8589743589743589,0.9402985074626866,1,73,12,2,True,2,0.1643835616438356,0,0,9,2,False
43,8,515,1610,1095,0.6801242236024845,11.976744186046512,4.505750187095675,22,11.976744186046512,5.828910992043356,26,0,7,5.375,0.9921567416492215,0,225,0.4368932038834951,0.2851605758582503,0.8737864077669902,2,805,1095,33,True,3,1.360248447204969,0,0,8,6,False
20,9,198,354,156,0.4406779661016949,9.9,2.5079872407968904,17,9.9,2.9478805945967346,17,0,3,2.2222222222222223,0.41573970964154905,0,95,0.4797979797979798,0.5210526315789473,0.9595959595959596,1,177,156,8,True,2,0.8813559322033898,0,0,9,2,False
8,4,32,42,10,0.23809523809523808,4.0,0.7071067811865476,5,4.0,2.598076211353316,7,0,4,2.0,1.224744871391589,2,11,0.34375,0.5714285714285714,0.6875,1,21,10,1,True,2,0.47619047619047616,0,0,4,8,False
19,9,276,312,36,0.11538461538461539,14.526315789473685,1.3905099803813583,18,14.526315789473685,2.111831857656724,18,0,4,2.111111111111111,0.9938079899999066,3,132,0.4782608695652174,0.8070175438596491,0.9565217391304348,1,156,36,2,True,2,0.23076923076923078,0,0,9,3,False
9,8,68,70,2,0.02857142857142857,7.555555555555555,0.49690399499995325,8,7.555555555555555,0.9558139185602919,8,0,2,1.125,0.33071891388307384,7,33,0.4852941176470588,0.9444444444444444,0.9705882352941176,1,35,2,0,False,1,0.05714285714285714,0,0,8,1,False
9,8,70,70,0,0.0,7.777777777777778,0.41573970964154905,8,7.777777777777778,0.41573970964154905,8,0,2,1.125,0.33071891388307384,7,35,0.5,0.9722222222222222,1.0,1,35,0,0,False,0,0.0,0,0,8,7,False
3,2,4,4,0,0.0,1.3333333333333333,0.4714045207910317,2,1.3333333333333333,0.4714045207910317,2,0,2,1.5,0.5,1,2,0.5,0.6666666666666666,1.0,1,2,0,0,False,0,0.0,0,0,2,2,False
3,3,6,6,0,0.0,2.0,0.0,2,2.0,0.0,2,0,1,1.0,0.0,3,3,0.5,1.0,1.0,1,3,0,0,False,0,0.0,0,0,3,8,False
24,9,283,490,207,0.42244897959183675,11.791666666666666,1.6577888553398135,16,11.791666666666666,7.499884258366184,23,0,5,2.6666666666666665,1.5634719199411433,4,100,0.35335689045936397,0.5126811594202898,0.7067137809187279,1,245,207,2,True,2,0.8448979591836735,0,0,9,4,False
9,8,64,70,6,0.08571428571428572,7.111111111111111,0.3142696805273545,8,7.111111111111111,2.182986967154278,8,0,2,1.125,0.33071891388307384,7,29,0.453125,0.8888888888888888,0.90625,1,35,6,0,False,1,0.17142857142857143,0,0,8,2,False
4,2,4,8,4,0.5,1.0,0.0,1,1.0,0.0,1,0,2,2.0,0.0,0,2,0.5,0.3333333333333333,1.0,2,4,4,0,False,1,1.0,0,0,2,1,False
9,7,66,66,0,0.0,7.333333333333333,0.9428090415820634,8,7.333333333333333,0.9428090415820634,8,0,3,1.2857142857142858,0.6998542122237652,6,33,0.5,0.9166666666666666,1.0,1,33,0,0,False,0,0.0,0,0,7,1,False
8,5,38,48,10,0.20833333333333334,4.75,0.4330127018922193,5,4.75,2.1065374432940898,7,0,3,1.6,0.8,3,14,0.3684210526315789,0.6785714285714286,0.7368421052631579,1,24,10,1,True,2,0.4166666666666667,0,0,5,8,False
9,4,34,60,26,0.43333333333333335,3.7777777777777777,1.227262335243029,7,3.7777777777777777,1.0304020550550783,5,0,3,2.25,0.4330127018922193,0,15,0.4411764705882353,0.4722222222222222,0.8823529411764706,1,30,26,2,True,2,0.8666666666666667,0,0,4,1,False
8,3,24,38,14,0.3684210526315789,3.0,1.0,4,3.0,2.5,7,0,4,2.6666666666666665,1.247219128924647,1,5,0.20833333333333334,0.42857142857142855,0.4166666666666667,1,19,14,2,True,2,0.7368421052631579,0,0,3,8,False
28,10,362,696,334,0.47988505747126436,12.928571428571429,2.2349268353088596,16,12.928571428571429,6.357945374706762,25,0,5,2.8,0.9797958971132712,0,141,0.38950276243093923,0.47883597883597884,0.7790055248618785,2,348,334,59,True,2,0.9597701149425287,10,0,10,3,True
5,4,18,18,0,0.0,3.6,0.4898979485566356,4,3.6,0.4898979485566356,4,0,2,1.25,0.4330127018922193,3,9,0.5,0.9,1.0,1,9,0,0,False,0,0.0,0,0,4,6,False
2,2,2,2,0,0.0,1.0,0.0,1,1.0,0.0,1,0,1,1.0,0.0,2,1,0.5,1.0,1.0,1,0,0,0,False,0,,0,0,2,3,False
6,2,6,18,12,0.6666666666666666,1.0,0.0,1,1.0,0.0,1,0,3,3.0,0.0,0,3,0.5,0.2,1.0,3,9,12,0,False,1,1.3333333333333333,0,0,2,1,False
9,6,56,64,8,0.125,6.222222222222222,0.9162456945817024,7,6.222222222222222,2.199887763691481,8,0,3,1.5,0.7637626158259734,4,24,0.42857142857142855,0.7777777777777778,0.8571428571428571,1,32,8,0,False,1,0.25,0,0,6,7,False
7,4,24,36,12,0.3333333333333333,3.4285714285714284,0.7284313590846836,5,3.4285714285714284,2.1946130708196026,6,0,2,1.75,0.4330127018922193,1,6,0.25,0.5714285714285714,0.5,1,18,12,3,True,2,0.6666666666666666,0,0,4,8,False
10,5,52,80,28,0.35,5.2,0.9797958971132712,7,5.2,2.7856776554368237,8,0,2,2.0,0.0,0,17,0.3269230769230769,0.5777777777777777,0.6538461538461539,1,40,28,8,True,2,0.7,0,0,5,8,False
28,8,322,682,360,0.5278592375366569,11.5,3.698455275999891,21,11.5,3.9955332202705702,21,0,5,3.5,0.7071067811865476,0,155,0.4813664596273292,0.42592592592592593,0.9627329192546584,1,341,360,12,True,2,1.0557184750733137,0,0,8,5,False
5,4,18,18,0,0.0,3.6,0.4898979485566356,4,3.6,0.4898979485566356,4,0,2,1.25,0.4330127018922193,3,9,0.5,0.9,1.0,1,9,0,0,False,0,0.0,0,0,4,1,False
6,3,16,24,8,0.3333333333333333,2.6666666666666665,0.7453559924999298,4,2.6666666666666665,0.7453559924999298,4,0,2,2.0,0.0,0,8,0.5,0.5333333333333333,1.0,1,12,8,0,False,1,0.6666666666666666,0,0,3,2,False
16,7,162,216,54,0.25,10.125,2.341874249399399,14,10.125,2.9764702249476644,15,0,3,2.2857142857142856,0.6998542122237652,1,68,0.41975308641975306,0.675,0.8395061728395061,1,108,54,4,True,2,0.5,0,0,7,7,False
23,9,248,464,216,0.46551724137931033,10.782608695652174,2.7339495516978243,22,10.782608695652174,5.107169059606568,22,0,4,2.5555555555555554,0.8314794192830981,1,103,0.4153225806451613,0.4901185770750988,0.8306451612903226,1,232,216,12,True,2,0.9310344827586207,0,0,9,8,False
11,5,74,90,16,0.17777777777777778,6.7272727272727275,2.135880022631042,10,6.7272727272727275,2.135880022631042,10,0,4,2.2,1.16619037896906,2,37,0.5,0.6727272727272727,1.0,1,45,16,0,False,1,0.35555555555555557,0,0,5,6,False
5,5,20,20,0,0.0,4.0,0.0,4,4.0,0.0,4,0,1,1.0,0.0,5,10,0.5,1.0,1.0,1,10,0,0,False,0,0.0,0,0,5,5,False
32,9,327,872,545,0.625,10.21875,2.8365292943137392,19,10.21875,8.149901744039617,23,0,7,3.5555555555555554,2.0608041101101566,0,111,0.3394495412844037,0.32963709677419356,0.6788990825688074,7,436,545,86,True,2,1.25,0,0,9,4,False
19,8,160,286,126,0.4405594405594406,8.421052631578947,1.726444154405971,11,8.421052631578947,6.293821443737579,18,0,6,2.375,1.9324531042175384,5,62,0.3875,0.4678362573099415,0.775,1,143,126,0,False,1,0.8811188811188811,0,0,8,4,False
12,8,98,122,24,0.19672131147540983,8.166666666666666,1.51840559652405,11,8.166666666666666,2.9953667926019047,11,0,3,1.5,0.7071067811865476,5,40,0.40816326530612246,0.7424242424242424,0.8163265306122449,1,61,24,3,True,2,0.39344262295081966,0,0,8,7,False
5,5,20,20,0,0.0,4.0,0.0,4,4.0,0.0,4,0,1,1.0,0.0,5,10,0.5,1.0,1.0,1,10,0,0,False,0,0.0,0,0,5,2,False
4,4,12,12,0,0.0,3.0,0.0,3,3.0,0.0,3,0,1,1.0,0.0,4,6,0.5,1.0,1.0,1,6,0,0,False,0,0.0,0,0,4,8,False
20,3,63,266,203,0.7631578947368421,3.15,1.388344337691482,6,3.15,1.9563997546513852,8,0,7,6.666666666666667,0.4714045207910317,0,24,0.38095238095238093,0.16578947368421051,0.7619047619047619,3,133,203,7,True,2,1.5263157894736843,1,0,3,7,True
6,3,16,24,8,0.3333333333333333,2.6666666666666665,0.7453559924999298,4,2.6666666666666665,1.5986105077709065,4,0,2,2.0,0.0,0,4,0.25,0.5333333333333333,0.5,1,12,8,2,True,2,0.6666666666666666,0,0,3,6,False
9,7,64,68,4,0.058823529411764705,7.111111111111111,0.5665577237325317,8,7.111111111111111,1.286204100310025,8,0,2,1.2857142857142858,0.45175395145262565,5,30,0.46875,0.8888888888888888,0.9375,1,34,4,0,False,1,0.11764705882352941,0,0,7,3,False
12,10,128,128,0,0.0,10.666666666666666,0.4714045207910317,11,10.666666666666666,0.4714045207910317,11,0,2,1.2,0.4,8,64,0.5,0.9696969696969697,1.0,1,64,0,0,False,0,0.0,0,0,10,2,False
7,5,30,36,6,0.16666666666666666,4.285714285714286,0.6998542122237653,6,4.285714285714286,2.1852940772540506,6,0,3,1.4,0.8,4,12,0.4,0.7142857142857143,0.8,1,18,6,0,False,1,0.3333333333333333,0,0,5,4,False
4,3,10,10,0,0.0,2.5,0.5,3,2.5,0.5,3,0,2,1.3333333333333333,0.4714045207910317,2,5,0.5,0.8333333333333334,1.0,1,5,0,0,False,0,0.0,0,0,3,6,False
7,7,42,42,0,0.0,6.0,0.0,6,6.0,0.0,6,0,1,1.0,0.0,7,21,0.5,1.0,1.0,1,21,0,0,False,0,0.0,0,0,7,2,False
10,8,84,84,0,0.0,8.4,0.9165151389911681,9,8.4,0.9165151389911681,9,0,3,1.25,0.6614378277661477,7,42,0.5,0.9333333333333333,1.0,1,42,0,0,False,0,0.0,0,0,8,3,False
4,4,12,12,0,0.0,3.0,0.0,3,3.0,0.0,3,0,1,1.0,0.0,4,6,0.5,1.0,1.0,1,6,0,0,False,0,0.0,0,0,4,8,False
7,6,40,40,0,0.0,5.714285714285714,0.45175395145262565,6,5.714285714285714,0.45175395145262565,6,0,2,1.1666666666666667,0.37267799624996495,5,20,0.5,0.9523809523809523,1.0,1,20,0,0,False,0,0.0,0,0,6,4,False
19,8,182,300,118,0.3933333333333333,9.578947368421053,2.060040609555887,15,9.578947368421053,7.080854761617743,18,0,5,2.375,1.4086784586980805,3,48,0.26373626373626374,0.5321637426900585,0.5274725274725275,1,150,118,23,True,2,0.7866666666666666,0,0,8,6,False
5,4,16,18,2,0.1111111111111111,3.2,0.39999999999999997,4,3.2,1.16619037896906,4,0,2,1.25,0.4330127018922193,3,7,0.4375,0.8,0.875,1,9,2,0,False,1,0.2222222222222222,0,0,4,5,False
5,4,16,18,2,0.1111111111111111,3.2,0.39999999999999997,4,3.2,1.16619037896906,4,0,2,1.25,0.4330127018922193,3,7,0.4375,0.8,0.875,1,9,2,0,False,1,0.2222222222222222,0,0,4,3,False
6,3,12,24,12,0.5,2.0,0.0,2,2.0,0.0,2,0,2,2.0,0.0,0,6,0.5,0.4,1.0,2,12,12,0,False,1,1.0,0,0,3,1,False
9,9,72,72,0,0.0,8.0,0.0,8,8.0,0.0,8,0,1,1.0,0.0,9,36,0.5,1.0,1.0,1,36,0,0,False,0,0.0,0,0,9,5,False
30,9,371,796,425,0.5339195979899497,12.366666666666667,5.17354381015137,27,12.366666666666667,5.665588132655681,27,0,5,3.3333333333333335,0.6666666666666666,0,172,0.4636118598382749,0.4264367816091954,0.9272237196765498,1,398,425,25,True,2,1.0678391959798994,0,0,9,3,False
27,9,224,648,424,0.654320987654321,8.296296296296296,1.5108205966200843,16,8.296296296296296,1.6956330581125327,14,0,3,3.0,0.0,0,108,0.48214285714285715,0.3190883190883191,0.9642857142857143,2,324,424,6,True,2,1.308641975308642,0,0,9,3,False
19,10,234,312,78,0.25,12.31578947368421,2.4506203635416455,18,12.31578947368421,5.211855226600898,18,0,4,1.9,1.1357816691600549,6,98,0.4188034188034188,0.6842105263157895,0.8376068376068376,1,156,78,8,True,2,0.5,0,0,10,6,False
2,2,2,2,0,0.0,1.0,0.0,1,1.0,0.0,1,0,1,1.0,0.0,2,1,0.5,1.0,1.0,1,0,0,0,False,0,,0,0,2,3,False
7,7,42,42,0,0.0,6.0,0.0,6,6.0,0.0,6,0,1,1.0,0.0,7,21,0.5,1.0,1.0,1,21,0,0,False,0,0.0,0,0,7,2,False
5,5,20,20,0,0.0,4.0,0.0,4,4.0,0.0,4,0,1,1.0,0.0,5,10,0.5,1.0,1.0,1,10,0,0,False,0,0.0,0,0,5,4,False
8,5,38,48,10,0.20833333333333334,4.75,0.4330127018922193,5,4.75,2.331844763272204,7,0,3,1.6,0.8,3,16,0.42105263157894735,0.6785714285714286,0.8421052631578947,1,24,10,0,False,1,0.4166666666666667,0,0,5,8,False
12,9,118,126,8,0.06349206349206349,9.833333333333334,0.6871842709362768,11,9.833333333333334,2.4094720491334938,11,0,2,1.3333333333333333,0.4714045207910317,6,55,0.4661016949152542,0.8939393939393939,0.9322033898305084,1,63,8,0,False,1,0.12698412698412698,0,0,9,2,False
14,9,156,166,10,0.060240963855421686,11.142857142857142,1.0594569267279519,13,11.142857142857142,2.0303814862216996,13,0,4,1.5555555555555556,0.9558139185602919,6,75,0.4807692307692308,0.8571428571428571,0.9615384615384616,1,83,10,0,False,1,0.12048192771084337,0,0,9,5,False
17,6,139,226,87,0.38495575221238937,8.176470588235293,2.3573488128839855,14,8.176470588235293,4.705882352941177,16,0,6,2.8333333333333335,1.5723301886761005,1,39,0.2805755395683453,0.5110294117647058,0.5611510791366906,1,113,87,11,True,2,0.7699115044247787,0,0,6,8,False
6,5,26,28,2,0.07142857142857142,4.333333333333333,0.4714045207910317,5,4.333333333333333,1.1055415967851332,5,0,2,1.2,0.4000000000000001,4,12,0.46153846153846156,0.8666666666666667,0.9230769230769231,1,14,2,0,False,1,0.14285714285714285,0,0,5,3,False
22,6,210,384,174,0.453125,9.545454545454545,4.499770425732574,19,9.545454545454545,5.91398398810567,20,0,7,3.6666666666666665,1.7950549357115015,0,51,0.24285714285714285,0.45454545454545453,0.4857142857142857,1,192,174,29,True,3,0.90625,0,0,6,5,False
28,9,519,660,141,0.21363636363636362,18.535714285714285,5.0672769727307525,27,18.535714285714285,5.074320101234836,27,0,7,3.111111111111111,2.0245407953653998,2,259,0.49903660886319845,0.6865079365079365,0.9980732177263969,1,330,141,1,True,2,0.42727272727272725,0,0,9,2,False
4,4,12,12,0,0.0,3.0,0.0,3,3.0,0.0,3,0,1,1.0,0.0,4,6,0.5,1.0,1.0,1,6,0,0,False,0,0.0,0,0,4,8,False
9,3,25,54,29,0.5370370370370371,2.7777777777777777,1.227262335243029,6,2.7777777777777777,1.0304020550550783,4,0,3,3.0,0.0,0,9,0.36,0.3472222222222222,0.72,2,27,29,2,True,2,1.0740740740740742,0,0,3,6,False
4,4,12,12,0,0.0,3.0,0.0,3,3.0,0.0,3,0,1,1.0,0.0,4,6,0.5,1.0,1.0,1,6,0,0,False,0,0.0,0,0,4,1,False
20,8,222,324,102,0.3148148148148148,11.1,2.6627053911388696,15,11.1,6.386704940734306,19,0,6,2.5,1.8027756377319946,3,80,0.36036036036036034,0.5842105263157895,0.7207207207207207,2,162,102,16,True,3,0.6296296296296297,0,0,8,6,False
4,3,10,10,0,0.0,2.5,0.5,3,2.5,0.5,3,0,2,1.3333333333333333,0.4714045207910317,2,5,0.5,0.8333333333333334,1.0,1,5,0,0,False,0,0.0,0,0,3,3,False
11,7,90,100,10,0.1,8.181818181818182,1.02851895445316,10,8.181818181818182,2.289032420366213,10,0,3,1.5714285714285714,0.7284313590846835,4,40,0.4444444444444444,0.8181818181818182,0.8888888888888888,1,50,10,1,True,2,0.2,0,0,7,2,False
3,2,3,4,1,0.25,1.0,0.0,1,1.0,0.816496580927726,2,0,2,1.5,0.5,1,1,0.3333333333333333,0.5,0.6666666666666666,1,2,1,0,False,1,0.5,0,0,2,3,False
25,4,136,448,312,0.6964285714285714,5.44,1.8564482217395668,11,5.44,3.950493640040444,13,0,9,6.25,2.277608394786075,0,51,0.375,0.22666666666666666,0.75,4,224,312,20,True,2,1.3928571428571428,0,0,4,2,False
13,5,77,114,37,0.32456140350877194,5.923076923076923,3.338851448340108,12,5.923076923076923,3.384615384615385,12,0,6,2.6,2.0591260281974,3,38,0.4935064935064935,0.4935897435897436,0.987012987012987,1,57,37,1,True,2,0.6491228070175439,0,0,5,2,False
7,4,24,36,12,0.3333333333333333,3.4285714285714284,1.049781318335648,6,3.4285714285714284,1.049781318335648,6,0,2,1.75,0.4330127018922193,1,12,0.5,0.5714285714285714,1.0,1,18,12,0,False,1,0.6666666666666666,0,0,4,1,False
6,6,30,30,0,0.0,5.0,0.0,5,5.0,0.0,5,0,1,1.0,0.0,6,15,0.5,1.0,1.0,1,15,0,0,False,0,0.0,0,0,6,6,False
12,4,52,100,48,0.48,4.333333333333333,2.0949675149960894,11,4.333333333333333,2.3213980461973533,11,0,5,3.0,1.4142135623730951,1,22,0.4230769230769231,0.3939393939393939,0.8461538461538461,1,50,48,4,True,3,0.96,0,0,4,4,False
8,3,28,38,10,0.2631578947368421,3.5,1.5,5,3.5,2.23606797749979,7,0,4,2.6666666666666665,1.247219128924647,1,9,0.32142857142857145,0.5,0.6428571428571429,1,19,10,0,False,1,0.5263157894736842,0,0,3,2,False
2,2,2,2,0,0.0,1.0,0.0,1,1.0,0.0,1,0,1,1.0,0.0,2,1,0.5,1.0,1.0,1,0,0,0,False,0,,0,0,2,4,False
8,3,23,42,19,0.4523809523809524,2.875,1.3635890143294642,6,2.875,1.6153559979150107,6,0,3,2.6666666666666665,0.4714045207910317,0,7,0.30434782608695654,0.4107142857142857,0.6086956521739131,2,21,19,2,True,2,0.9047619047619048,0,0,3,5,False
9,7,64,68,4,0.058823529411764705,7.111111111111111,0.9938079899999065,8,7.111111111111111,0.9938079899999065,8,0,2,1.2857142857142858,0.45175395145262565,5,32,0.5,0.8888888888888888,1.0,1,34,4,0,False,1,0.11764705882352941,0,0,7,1,False
13,6,102,130,28,0.2153846153846154,7.846153846153846,2.5067954979692804,12,7.846153846153846,3.0595664309771293,12,0,4,2.1666666666666665,1.3437096247164249,3,46,0.45098039215686275,0.6538461538461539,0.9019607843137255,1,65,28,2,True,2,0.4307692307692308,0,0,6,6,False
10,10,90,90,0,0.0,9.0,0.0,9,9.0,0.0,9,0,1,1.0,0.0,10,45,0.5,1.0,1.0,1,45,0,0,False,0,0.0,0,0,10,4,False
13,10,144,148,4,0.02702702702702703,11.076923076923077,0.9166442529086912,12,11.076923076923077,1.4390989949130546,12,0,3,1.3,0.6403124237432849,8,70,0.4861111111111111,0.9230769230769231,0.9722222222222222,1,74,4,0,False,1,0.05405405405405406,0,0,10,8,False
8,7,54,54,0,0.0,6.75,0.4330127018922193,7,6.75,0.4330127018922193,7,0,2,1.1428571428571428,0.3499271061118826,6,27,0.5,0.9642857142857143,1.0,1,27,0,0,False,0,0.0,0,0,7,2,False
48,9,844,2040,1196,0.5862745098039216,17.583333333333332,7.981314984943828,38,17.583333333333332,8.691071408187959,42,0,6,5.333333333333333,0.9428090415820634,0,275,0.32582938388625593,0.374113475177305,0.6516587677725119,1,1020,1196,55,True,3,1.1725490196078432,0,0,9,6,False
6,6,30,30,0,0.0,5.0,0.0,5,5.0,0.0,5,0,1,1.0,0.0,6,15,0.5,1.0,1.0,1,15,0,0,False,0,0.0,0,0,6,8,False
18,8,211,280,69,0.24642857142857144,11.722222222222221,1.3252067157640626,14,11.722222222222221,3.8845213569807417,17,0,3,2.25,0.6614378277661477,1,92,0.43601895734597157,0.6895424836601307,0.8720379146919431,1,140,69,8,True,3,0.4928571428571429,0,0,8,8,False
5,3,14,16,2,0.125,2.8,0.7483314773547882,4,2.8,0.9797958971132712,4,0,2,1.6666666666666667,0.4714045207910317,1,6,0.42857142857142855,0.7,0.8571428571428571,1,8,2,0,False,1,0.25,0,0,3,4,False
12,7,92,120,28,0.23333333333333334,7.666666666666667,1.178511301977579,11,7.666666666666667,2.718251071716682,11,0,3,1.7142857142857142,0.6998542122237652,3,38,0.41304347826086957,0.696969696969697,0.8260869565217391,1,60,28,0,False,1,0.4666666666666667,0,0,7,8,False
6,2,6,18,12,0.6666666666666666,1.0,0.0,1,1.0,0.0,1,0,3,3.0,0.0,0,3,0.5,0.2,1.0,3,9,12,0,False,1,1.3333333333333333,0,0,2,2,False
2,2,2,2,0,0.0,1.0,0.0,1,1.0,0.0,1,0,1,1.0,0.0,2,1,0.5,1.0,1.0,1,0,0,0,False,0,,0,0,2,3,False
4,3,10,10,0,0.0,2.5,0.5,3,2.5,0.5,3,0,2,1.3333333333333333,0.4714045207910317,2,5,0.5,0.8333333333333334,1.0,1,5,0,0,False,0,0.0,0,0,3,8,False
8,8,56,56,0,0.0,7.0,0.0,7,7.0,0.0,7,0,1,1.0,0.0,8,28,0.5,1.0,1.0,1,28,0,0,False,0,0.0,0,0,8,8,False
21,10,290,382,92,0.24083769633507854,13.80952380952381,1.841817105315592,18,13.80952380952381,5.778606254922818,20,0,4,2.1,1.2206555615733703,5,112,0.38620689655172413,0.6904761904761905,0.7724137931034483,1,191,92,10,True,2,0.4816753926701571,0,0,10,8,False
2,2,2,2,0,0.0,1.0,0.0,1,1.0,0.0,1,0,1,1.0,0.0,2,1,0.5,1.0,1.0,1,0,0,0,False,0,,0,0,2,1,False
21,7,167,372,205,0.5510752688172043,7.9523809523809526,1.132893071749554,12,7.9523809523809526,5.3047704539556655,16,0,4,3.0,0.9258200997725514,0,54,0.32335329341317365,0.3976190476190476,0.6467065868263473,3,186,205,34,True,3,1.1021505376344085,0,0,7,6,False
12,5,73,114,41,0.35964912280701755,6.083333333333333,1.8008485654145259,9,6.083333333333333,2.0190069065976197,9,0,3,2.4,0.4898979485566356,0,31,0.4246575342465753,0.553030303030303,0.8493150684931506,1,57,41,0,False,1,0.7192982456140351,0,0,5,4,False
11,6,82,98,16,0.16326530612244897,7.454545454545454,1.304790917673393,10,7.454545454545454,2.0164611829835306,10,0,3,1.8333333333333333,0.6871842709362768,2,38,0.4634146341463415,0.7454545454545455,0.926829268292683,1,49,16,0,False,1,0.32653061224489793,0,0,6,2,False
9,7,66,66,0,0.0,7.333333333333333,0.9428090415820634,8,7.333333333333333,0.9428090415820634,8,0,3,1.2857142857142858,0.6998542122237652,6,33,0.5,0.9166666666666666,1.0,1,33,0,0,False,0,0.0,0,0,7,1,False
14,8,123,170,47,0.27647058823529413,8.785714285714286,1.520271189556626,12,8.785714285714286,2.9320536788248277,13,0,2,1.75,0.4330127018922193,2,55,0.44715447154471544,0.6758241758241759,0.8943089430894309,1,85,47,3,True,2,0.5529411764705883,0,0,8,7,False
16,7,147,218,71,0.3256880733944954,9.1875,1.4670868242881878,11,9.1875,3.694907813464363,14,0,3,2.2857142857142856,0.45175395145262565,0,55,0.3741496598639456,0.6125,0.7482993197278912,1,109,71,7,True,2,0.6513761467889908,0,0,7,8,False
27,6,269,578,309,0.5346020761245674,9.962962962962964,4.032107081557578,18,9.962962962962964,5.673077951436302,26,0,7,4.5,2.217355782608345,1,107,0.39776951672862454,0.3831908831908832,0.7955390334572491,1,289,309,12,True,3,1.069204152249135,3,0,6,7,True
11,8,98,104,6,0.057692307692307696,8.909090909090908,0.899954085146515,10,8.909090909090908,1.1642044068059725,10,0,2,1.375,0.4841229182759271,5,48,0.4897959183673469,0.8909090909090909,0.9795918367346939,1,52,6,0,False,1,0.11538461538461539,0,0,8,4,False
12,10,115,128,13,0.1015625,9.583333333333334,0.759202798262025,11,9.583333333333334,2.812422838447701,11,0,2,1.2,0.4,8,52,0.45217391304347826,0.8712121212121212,0.9043478260869565,1,64,13,1,True,2,0.203125,0,0,10,6,False
13,9,122,142,20,0.14084507042253522,9.384615384615385,1.6426274233894325,12,9.384615384615385,3.3863631850854063,12,0,4,1.4444444444444444,0.9558139185602919,7,51,0.4180327868852459,0.782051282051282,0.8360655737704918,1,71,20,3,True,2,0.28169014084507044,0,0,9,4,False
27,10,419,642,223,0.34735202492211836,15.518518518518519,5.619874589152788,25,15.518518518518519,6.3032641183717955,26,0,4,2.7,1.1874342087037917,3,173,0.4128878281622912,0.5968660968660968,0.8257756563245824,1,321,223,11,True,2,0.6947040498442367,0,0,10,4,False
8,6,40,50,10,0.2,5.0,0.0,5,5.0,2.958039891549808,7,0,3,1.3333333333333333,0.7453559924999299,5,15,0.375,0.7142857142857143,0.75,1,25,10,0,False,1,0.4,0,0,6,7,False
6,5,28,28,0,0.0,4.666666666666667,0.4714045207910317,5,4.666666666666667,0.4714045207910317,5,0,2,1.2,0.4,4,14,0.5,0.9333333333333333,1.0,1,14,0,0,False,0,0.0,0,0,5,2,False
10,6,60,78,18,0.23076923076923078,6.0,1.1832159566199232,9,6.0,2.7202941017470885,9,0,3,1.6666666666666667,0.9428090415820634,4,25,0.4166666666666667,0.6666666666666666,0.8333333333333334,1,39,18,0,False,1,0.46153846153846156,0,0,6,8,False
3,3,6,6,0,0.0,2.0,0.0,2,2.0,0.0,2,0,1,1.0,0.0,3,3,0.5,1.0,1.0,1,3,0,0,False,0,0.0,0,0,3,6,False
3,3,6,6,0,0.0,2.0,0.0,2,2.0,0.0,2,0,1,1.0,0.0,3,3,0.5,1.0,1.0,1,3,0,0,False,0,0.0,0,0,3,5,False
6,5,27,28,1,0.03571428571428571,4.5,0.5,5,4.5,0.7637626158259734,5,0,2,1.2,0.4,4,13,0.48148148148148145,0.9,0.9629629629629629,1,14,1,0,False,1,0.07142857142857142,0,0,5,7,False
3,3,6,6,0,0.0,2.0,0.0,2,2.0,0.0,2,0,1,1.0,0.0,3,3,0.5,1.0,1.0,1,3,0,0,False,0,0.0,0,0,3,6,False
2,2,2,2,0,0.0,1.0,0.0,1,1.0,0.0,1,0,1,1.0,0.0,2,1,0.5,1.0,1.0,1,0,0,0,False,0,,0,0,2,1,False
14,10,163,172,9,0.05232558139534884,11.642857142857142,1.0424656799518877,13,11.642857142857142,1.874914964058098,13,0,3,1.4,0.66332495807108,7,77,0.4723926380368098,0.8956043956043956,0.9447852760736196,1,86,9,0,False,1,0.10465116279069768,0,0,10,7,False
6,6,30,30,0,0.0,5.0,0.0,5,5.0,0.0,5,0,1,1.0,0.0,6,15,0.5,1.0,1.0,1,15,0,0,False,0,0.0,0,0,6,4,False
3,3,6,6,0,0.0,2.0,0.0,2,2.0,0.0,2,0,1,1.0,0.0,3,3,0.5,1.0,1.0,1,3,0,0,False,0,0.0,0,0,3,8,False
11,7,95,100,5,0.05,8.636363636363637,1.2264306875665492,10,8.636363636363637,1.4316377952748747,10,0,3,1.5714285714285714,0.7284313590846835,4,45,0.47368421052631576,0.8636363636363636,0.9473684210526315,1,50,5,1,True,2,0.1,0,0,7,8,False
3,3,6,6,0,0.0,2.0,0.0,2,2.0,0.0,2,0,1,1.0,0.0,3,3,0.5,1.0,1.0,1,3,0,0,False,0,0.0,0,0,3,3,False
9,7,62,66,4,0.06060606060606061,6.888888888888889,0.9938079899999065,8,6.888888888888889,1.6629588385661962,8,0,3,1.2857142857142858,0.6998542122237652,6,29,0.46774193548387094,0.8611111111111112,0.9354838709677419,1,33,4,0,False,1,0.12121212121212122,0,0,7,8,False
23,8,219,424,205,0.4834905660377358,9.521739130434783,1.9531371691492352,15,9.521739130434783,7.592155936098392,22,0,6,2.875,2.2043990110685496,4,76,0.3470319634703196,0.43280632411067194,0.6940639269406392,1,212,205,4,True,2,0.9669811320754716,0,0,8,4,False
6,5,27,28,1,0.03571428571428571,4.5,0.5,5,4.5,0.7637626158259734,5,0,2,1.2,0.4000000000000001,4,13,0.48148148148148145,0.9,0.9629629629629629,1,14,1,0,False,1,0.07142857142857142,0,0,5,5,False
6,4,22,26,4,0.15384615384615385,3.6666666666666665,0.9428090415820634,5,3.6666666666666665,0.9428090415820634,5,0,2,1.5,0.5,2,11,0.5,0.7333333333333333,1.0,1,13,4,0,False,1,0.3076923076923077,0,0,4,2,False
17,9,194,250,56,0.224,11.411764705882353,2.0017293561380654,16,11.411764705882353,3.971350689321941,16,0,4,1.8888888888888888,0.8748897637790901,3,81,0.4175257731958763,0.7132352941176471,0.8350515463917526,1,125,56,4,True,2,0.448,0,0,9,2,False
9,6,50,66,16,0.24242424242424243,5.555555555555555,1.0657403385139377,8,5.555555555555555,2.2662308949301266,8,0,2,1.5,0.5,3,19,0.38,0.6944444444444444,0.76,1,33,16,2,True,2,0.48484848484848486,0,0,6,8,False
6,6,30,30,0,0.0,5.0,0.0,5,5.0,0.0,5,0,1,1.0,0.0,6,15,0.5,1.0,1.0,1,15,0,0,False,0,0.0,0,0,6,4,False
5,4,16,18,2,0.1111111111111111,3.2,0.39999999999999997,4,3.2,1.16619037896906,4,0,2,1.25,0.4330127018922193,3,7,0.4375,0.8,0.875,1,9,2,0,False,1,0.2222222222222222,0,0,4,6,False
7,5,30,38,8,0.21052631578947367,4.285714285714286,0.6998542122237652,6,4.285714285714286,1.6659862556700857,6,0,2,1.4,0.4898979485566356,3,13,0.43333333333333335,0.7142857142857143,0.8666666666666667,1,19,8,0,False,1,0.42105263157894735,0,0,5,8,False
5,4,17,18,1,0.05555555555555555,3.4,0.4898979485566356,4,3.4,0.8,4,0,2,1.25,0.4330127018922193,3,8,0.47058823529411764,0.85,0.9411764705882353,1,9,1,0,False,1,0.1111111111111111,0,0,4,5,False
4,4,12,12,0,0.0,3.0,0.0,3,3.0,0.0,3,0,1,1.0,0.0,4,6,0.5,1.0,1.0,1,6,0,0,False,0,0.0,0,0,4,5,False
8,6,46,52,6,0.11538461538461539,5.75,0.82915619758885,7,5.75,1.3919410907075054,7,0,2,1.3333333333333333,0.4714045207910317,4,22,0.4782608695652174,0.8214285714285714,0.9565217391304348,1,26,6,0,False,1,0.23076923076923078,0,0,6,5,False
17,9,210,252,42,0.16666666666666666,12.352941176470589,1.1345471483521123,14,12.352941176470589,4.157787540487599,16,0,3,1.8888888888888888,0.7370277311900889,3,94,0.44761904761904764,0.7720588235294118,0.8952380952380953,1,126,42,0,False,1,0.3333333333333333,0,0,9,1,False
2,2,2,2,0,0.0,1.0,0.0,1,1.0,0.0,1,0,1,1.0,0.0,2,1,0.5,1.0,1.0,1,0,0,0,False,0,,0,0,2,4,False
5,3,14,16,2,0.125,2.8,0.7483314773547882,4,2.8,0.9797958971132712,4,0,2,1.6666666666666667,0.4714045207910317,1,6,0.42857142857142855,0.7,0.8571428571428571,1,8,2,0,False,1,0.25,0,0,3,8,False
8,4,42,48,6,0.125,5.25,0.82915619758885,6,5.25,1.3919410907075054,6,0,2,2.0,0.0,0,18,0.42857142857142855,0.75,0.8571428571428571,1,24,6,0,False,1,0.25,0,0,4,5,False
11,9,106,106,0,0.0,9.636363636363637,0.4810456929208346,10,9.636363636363637,0.4810456929208346,10,0,2,1.2222222222222223,0.41573970964154905,7,53,0.5,0.9636363636363636,1.0,1,53,0,0,False,0,0.0,0,0,9,2,False
4,3,8,10,2,0.2,2.0,0.0,2,2.0,1.224744871391589,3,0,2,1.3333333333333333,0.4714045207910317,2,3,0.375,0.6666666666666666,0.75,1,5,2,0,False,1,0.4,0,0,3,7,False
2,2,2,2,0,0.0,1.0,0.0,1,1.0,0.0,1,0,1,1.0,0.0,2,1,0.5,1.0,1.0,1,0,0,0,False,0,,0,0,2,6,False
15,10,166,196,30,0.15306122448979592,11.066666666666666,1.6519348924485158,14,11.066666666666666,3.3954217541991585,14,0,3,1.5,0.806225774829855,7,71,0.42771084337349397,0.7904761904761904,0.8554216867469879,1,98,30,2,True,2,0.30612244897959184,0,0,10,7,False
4,4,12,12,0,0.0,3.0,0.0,3,3.0,0.0,3,0,1,1.0,0.0,4,6,0.5,1.0,1.0,1,6,0,0,False,0,0.0,0,0,4,2,False
8,4,27,46,19,0.41304347826086957,3.375,0.4841229182759271,4,3.375,2.7357585785299112,7,0,3,2.0,0.7071067811865476,1,7,0.25925925925925924,0.48214285714285715,0.5185185185185185,1,23,19,6,True,2,0.8260869565217391,0,0,4,6,False
4,3,9,10,1,0.1,2.25,0.4330127018922193,3,2.25,0.82915619758885,3,0,2,1.3333333333333333,0.4714045207910317,2,4,0.4444444444444444,0.75,0.8888888888888888,1,5,1,0,False,1,0.2,0,0,3,7,False
6,4,22,24,2,0.08333333333333333,3.6666666666666665,0.9428090415820634,5,3.6666666666666665,1.3743685418725535,5,0,3,1.5,0.8660254037844386,3,10,0.45454545454545453,0.7333333333333333,0.9090909090909091,1,12,2,0,False,1,0.16666666666666666,0,0,4,8,False
13,8,141,142,1,0.007042253521126761,10.846153846153847,0.8634593969478326,12,10.846153846153847,0.9483713850721501,12,0,3,1.625,0.8569568250501305,5,70,0.49645390070921985,0.9038461538461539,0.9929078014184397,1,71,1,0,False,1,0.014084507042253521,0,0,8,5,False
12,8,118,118,0,0.0,9.833333333333334,1.343709624716425,11,9.833333333333334,1.343709624716425,11,0,4,1.5,1.0,6,59,0.5,0.8939393939393939,1.0,1,59,0,0,False,0,0.0,0,0,8,2,False
14,6,94,152,58,0.3815789473684211,6.714285714285714,0.6998542122237652,8,6.714285714285714,5.076958755404817,13,0,5,2.3333333333333335,1.3743685418725538,2,30,0.3191489361702128,0.5164835164835165,0.6382978723404256,1,76,58,6,True,2,0.7631578947368421,0,0,6,6,False
10,8,86,86,0,0.0,8.6,0.4898979485566356,9,8.6,0.4898979485566356,9,0,2,1.25,0.4330127018922193,6,43,0.5,0.9555555555555556,1.0,1,43,0,0,False,0,0.0,0,0,8,5,False
3,3,6,6,0,0.0,2.0,0.0,2,2.0,0.0,2,0,1,1.0,0.0,3,3,0.5,1.0,1.0,1,3,0,0,False,0,0.0,0,0,3,5,False
10,9,88,88,0,0.0,8.8,0.4,9,8.8,0.4,9,0,2,1.1111111111111112,0.3142696805273545,8,44,0.5,0.9777777777777777,1.0,1,44,0,0,False,0,0.0,0,0,9,8,False
5,5,20,20,0,0.0,4.0,0.0,4,4.0,0.0,4,0,1,1.0,0.0,5,10,0.5,1.0,1.0,1,10,0,0,False,0,0.0,0,0,5,2,False
11,5,58,90,32,0.35555555555555557,5.2727272727272725,2.04898684901539,10,5.2727272727272725,3.13603423830188,10,0,4,2.2,1.16619037896906,2,18,0.3103448275862069,0.5272727272727272,0.6206896551724138,1,45,32,8,True,2,0.7111111111111111,0,0,5,8,False
10,4,42,70,28,0.4,4.2,1.077032961426901,6,4.2,2.993325909419153,9,0,4,2.5,1.118033988749895,1,8,0.19047619047619047,0.4666666666666667,0.38095238095238093,1,35,28,6,True,3,0.8,0,0,4,8,False
15,8,136,194,58,0.29896907216494845,9.066666666666666,2.5681813712344295,14,9.066666666666666,3.641733408999377,14,0,3,1.875,0.5994789404140899,2,48,0.35294117647058826,0.6476190476190476,0.7058823529411765,1,97,58,13,True,2,0.5979381443298969,0,0,8,8,False
2,2,2,2,0,0.0,1.0,0.0,1,1.0,0.0,1,0,1,1.0,0.0,2,1,0.5,1.0,1.0,1,0,0,0,False,0,,0,0,2,1,False
12,10,119,128,9,0.0703125,9.916666666666666,0.4930066485916347,11,9.916666666666666,2.722080495176846,11,0,2,1.2,0.4,8,55,0.46218487394957986,0.9015151515151515,0.9243697478991597,1,64,9,0,False,1,0.140625,0,0,10,2,False
7,3,18,32,14,0.4375,2.5714285714285716,0.49487165930539345,3,2.5714285714285716,1.9166296949998198,5,0,3,2.3333333333333335,0.4714045207910317,0,5,0.2777777777777778,0.42857142857142855,0.5555555555555556,1,16,14,5,True,2,0.875,0,0,3,8,False
9,7,64,68,4,0.058823529411764705,7.111111111111111,0.9938079899999065,8,7.111111111111111,0.9938079899999065,8,0,2,1.2857142857142858,0.45175395145262565,5,32,0.5,0.8888888888888888,1.0,1,34,4,0,False,1,0.11764705882352941,0,0,7,8,False
11,9,101,106,5,0.04716981132075472,9.181818181818182,0.9359663764533637,10,9.181818181818182,1.3360853142453697,10,0,2,1.2222222222222223,0.41573970964154905,7,48,0.4752475247524752,0.9181818181818182,0.9504950495049505,1,53,5,1,True,2,0.09433962264150944,0,0,9,3,False
8,8,56,56,0,0.0,7.0,0.0,7,7.0,0.0,7,0,1,1.0,0.0,8,28,0.5,1.0,1.0,1,28,0,0,False,0,0.0,0,0,8,8,False
5,3,13,16,3,0.1875,2.6,0.4898979485566356,3,2.6,1.3564659966250538,4,0,2,1.6666666666666667,0.4714045207910317,1,5,0.38461538461538464,0.65,0.7692307692307693,1,8,3,0,False,1,0.375,0,0,3,4,False
23,10,353,458,105,0.2292576419213974,15.347826086956522,1.7347771602834785,21,15.347826086956522,6.2942948332609205,22,0,5,2.3,1.345362404707371,4,145,0.41076487252124644,0.6976284584980237,0.8215297450424929,1,229,105,6,True,2,0.4585152838427948,0,0,10,5,False
4,3,10,10,0,0.0,2.5,0.5,3,2.5,0.5,3,0,2,1.3333333333333333,0.4714045207910317,2,5,0.5,0.8333333333333334,1.0,1,5,0,0,False,0,0.0,0,0,3,2,False
13,10,144,150,6,0.04,11.076923076923077,0.8284868934053085,12,11.076923076923077,1.817078740156572,12,0,2,1.3,0.45825756949558394,7,69,0.4791666666666667,0.9230769230769231,0.9583333333333334,1,75,6,0,False,1,0.08,0,0,10,2,False
9,7,56,68,12,0.17647058823529413,6.222222222222222,0.41573970964154905,7,6.222222222222222,2.4393887111222385,8,0,2,1.2857142857142858,0.45175395145262565,5,24,0.42857142857142855,0.7777777777777778,0.8571428571428571,1,34,12,0,False,1,0.35294117647058826,0,0,7,3,False
15,4,66,148,82,0.5540540540540541,4.4,3.0506829836393465,13,4.4,3.73809220503365,14,0,6,3.75,2.277608394786075,1,21,0.3181818181818182,0.3142857142857143,0.6363636363636364,2,74,82,9,True,2,1.1081081081081081,0,0,4,6,False
35,10,526,1066,540,0.5065666041275797,15.028571428571428,7.02438899950213,34,15.028571428571428,6.876401526902256,34,0,7,3.5,1.91049731745428,2,259,0.4923954372623574,0.44201680672268906,0.9847908745247148,1,533,540,3,True,2,1.0131332082551594,0,0,10,3,False
5,4,15,18,3,0.16666666666666666,3.0,0.0,3,3.0,1.5491933384829668,4,0,2,1.25,0.4330127018922193,3,6,0.4,0.75,0.8,1,9,3,0,False,1,0.3333333333333333,0,0,4,7,False
35,10,492,1088,596,0.5477941176470589,14.057142857142857,3.898298948756695,20,14.057142857142857,7.7568139893455035,26,0,6,3.5,1.2041594578792296,0,189,0.38414634146341464,0.4134453781512605,0.7682926829268293,1,544,596,60,True,3,1.0955882352941178,0,0,10,2,False
14,4,74,146,72,0.4931506849315068,5.285714285714286,1.0301575072754254,7,5.285714285714286,3.971839649845098,11,0,4,3.5,0.5,0,20,0.2702702702702703,0.4065934065934066,0.5405405405405406,2,73,72,13,True,3,0.9863013698630136,0,0,4,7,False
3,2,3,4,1,0.25,1.0,0.0,1,1.0,0.816496580927726,2,0,2,1.5,0.5,1,1,0.3333333333333333,0.5,0.6666666666666666,1,2,1,0,False,1,0.5,0,0,2,5,False
20,7,202,340,138,0.40588235294117647,10.1,2.142428528562855,15,10.1,4.205948168962618,17,0,4,2.857142857142857,0.6388765649999398,0,85,0.4207920792079208,0.531578947368421,0.8415841584158416,1,170,138,20,True,2,0.8117647058823529,0,0,7,7,False
5,5,20,20,0,0.0,4.0,0.0,4,4.0,0.0,4,0,1,1.0,0.0,5,10,0.5,1.0,1.0,1,10,0,0,False,0,0.0,0,0,5,2,False
4,2,4,8,4,0.5,1.0,0.0,1,1.0,0.0,1,0,2,2.0,0.0,0,2,0.5,0.3333333333333333,1.0,2,4,4,0,False,1,1.0,0,0,2,1,False
21,6,155,346,191,0.5520231213872833,7.380952380952381,3.272921957607539,16,7.380952380952381,4.540570453737225,20,0,6,3.5,1.8929694486000912,2,73,0.47096774193548385,0.36904761904761907,0.9419354838709677,1,173,191,0,False,1,1.1040462427745665,0,0,6,4,False
16,10,215,222,7,0.03153153153153153,13.4375,1.2231491119238078,15,13.4375,1.4986973510352248,15,0,4,1.6,0.9165151389911681,6,106,0.4930232558139535,0.8958333333333334,0.986046511627907,1,111,7,0,False,1,0.06306306306306306,0,0,10,6,False
45,10,662,1678,1016,0.6054827175208581,14.71111111111111,10.596901480510912,44,14.71111111111111,10.634581373408844,44,0,11,4.5,3.8013155617496426,5,323,0.4879154078549849,0.33434343434343433,0.9758308157099698,1,839,1016,9,True,3,1.2109654350417163,1,0,10,4,True
18,8,179,262,83,0.31679389312977096,9.944444444444445,1.715038782270348,13,9.944444444444445,5.7006064221490425,17,0,5,2.25,1.6393596310755,4,68,0.37988826815642457,0.5849673202614379,0.7597765363128491,1,131,83,2,True,2,0.6335877862595419,0,0,8,4,False
13,8,127,142,15,0.1056338028169014,9.76923076923077,1.249852062251686,12,9.76923076923077,1.9276867824833337,12,0,3,1.625,0.8569568250501305,5,59,0.4645669291338583,0.8141025641025641,0.9291338582677166,1,71,15,0,False,1,0.2112676056338028,0,0,8,7,False
8,8,56,56,0,0.0,7.0,0.0,7,7.0,0.0,7,0,1,1.0,0.0,8,28,0.5,1.0,1.0,1,28,0,0,False,0,0.0,0,0,8,5,False
10,9,88,88,0,0.0,8.8,0.4,9,8.8,0.4,9,0,2,1.1111111111111112,0.3142696805273545,8,44,0.5,0.9777777777777777,1.0,1,44,0,0,False,0,0.0,0,0,9,8,False
10,6,60,78,18,0.23076923076923078,6.0,1.3416407864998738,9,6.0,2.6832815729997477,9,0,3,1.6666666666666667,0.9428090415820634,4,27,0.45,0.6666666666666666,0.9,1,39,18,0,False,1,0.46153846153846156,0,0,6,1,False
15,3,39,136,97,0.7132352941176471,2.6,1.0198039027185568,5,2.6,2.703084657695106,12,0,7,5.0,2.160246899469287,0,11,0.28205128205128205,0.18571428571428572,0.5641025641025641,4,68,97,7,True,2,1.4264705882352942,0,0,3,6,False
6,4,18,24,6,0.25,3.0,0.0,3,3.0,2.23606797749979,5,0,3,1.5,0.8660254037844386,3,6,0.3333333333333333,0.6,0.6666666666666666,1,12,6,0,False,1,0.5,0,0,4,8,False
11,9,106,106,0,0.0,9.636363636363637,0.4810456929208346,10,9.636363636363637,0.4810456929208346,10,0,2,1.2222222222222223,0.41573970964154905,7,53,0.5,0.9636363636363636,1.0,1,53,0,0,False,0,0.0,0,0,9,3,False
12,9,109,126,17,0.1349206349206349,9.083333333333334,1.114924013354971,11,9.083333333333334,2.32588095615881,11,0,2,1.3333333333333333,0.4714045207910317,6,52,0.47706422018348627,0.8257575757575758,0.9541284403669725,1,63,17,0,False,1,0.2698412698412698,0,0,9,3,False
8,8,56,56,0,0.0,7.0,0.0,7,7.0,0.0,7,0,1,1.0,0.0,8,28,0.5,1.0,1.0,1,28,0,0,False,0,0.0,0,0,8,4,False
6,2,8,16,8,0.5,1.3333333333333333,0.4714045207910317,2,1.3333333333333333,0.4714045207910317,2,0,4,3.0,1.0,0,4,0.5,0.26666666666666666,1.0,2,8,8,0,False,1,1.0,0,0,2,5,False
20,5,104,276,172,0.6231884057971014,5.2,0.9797958971132713,8,5.2,6.193545026880809,19,0,8,4.0,2.9664793948382653,2,26,0.25,0.2736842105263158,0.5,4,138,172,13,True,3,1.2463768115942029,1,0,5,8,True
8,7,54,54,0,0.0,6.75,0.4330127018922193,7,6.75,0.4330127018922193,7,0,2,1.1428571428571428,0.3499271061118826,6,27,0.5,0.9642857142857143,1.0,1,27,0,0,False,0,0.0,0,0,7,7,False
8,3,24,34,10,0.29411764705882354,3.0,1.6583123951777,7,3.0,1.6583123951777,7,0,5,2.6666666666666665,1.699673171197595,1,12,0.5,0.42857142857142855,1.0,1,17,10,0,False,1,0.5882352941176471,0,0,3,2,False
8,4,28,48,20,0.4166666666666667,3.5,0.5,4,3.5,2.0,6,0,2,2.0,0.0,0,11,0.39285714285714285,0.5,0.7857142857142857,2,24,20,6,True,2,0.8333333333333334,0,0,4,5,False
3,2,3,4,1,0.25,1.0,0.0,1,1.0,0.816496580927726,2,0,2,1.5,0.5,1,1,0.3333333333333333,0.5,0.6666666666666666,1,2,1,0,False,1,0.5,0,0,2,1,False
8,3,34,38,4,0.10526315789473684,4.25,1.3919410907075054,7,4.25,1.5612494995995996,7,0,4,2.6666666666666665,1.247219128924647,1,15,0.4411764705882353,0.6071428571428571,0.8823529411764706,1,19,4,0,False,1,0.21052631578947367,0,0,3,6,False
6,5,26,28,2,0.07142857142857142,4.333333333333333,0.4714045207910317,5,4.333333333333333,1.1055415967851332,5,0,2,1.2,0.4000000000000001,4,12,0.46153846153846156,0.8666666666666667,0.9230769230769231,1,14,2,0,False,1,0.14285714285714285,0,0,5,8,False
3,2,4,4,0,0.0,1.3333333333333333,0.4714045207910317,2,1.3333333333333333,0.4714045207910317,2,0,2,1.5,0.5,1,2,0.5,0.6666666666666666,1.0,1,2,0,0,False,0,0.0,0,0,2,5,False
34,10,501,1022,521,0.5097847358121331,14.735294117647058,4.067871415700266,22,14.735294117647058,5.658459692351391,29,0,6,3.4,1.3564659966250538,0,209,0.4171656686626746,0.446524064171123,0.8343313373253493,1,511,521,26,True,3,1.0195694716242663,0,0,10,4,False
11,2,18,48,30,0.625,1.6363636363636365,1.2264306875665492,5,1.6363636363636365,1.2264306875665492,5,0,8,5.5,2.5,0,9,0.5,0.16363636363636364,1.0,2,24,30,0,False,1,1.25,0,0,2,1,False
8,4,24,48,24,0.5,3.0,0.0,3,3.0,0.0,3,0,2,2.0,0.0,0,12,0.5,0.42857142857142855,1.0,2,24,24,0,False,1,1.0,0,0,4,1,False
6,6,30,30,0,0.0,5.0,0.0,5,5.0,0.0,5,0,1,1.0,0.0,6,15,0.5,1.0,1.0,1,15,0,0,False,0,0.0,0,0,6,5,False
32,6,225,850,625,0.7352941176470589,7.03125,3.1571780813726678,15,7.03125,3.468468457042676,19,0,6,5.333333333333333,0.7453559924999298,0,95,0.4222222222222222,0.22681451612903225,0.8444444444444444,2,425,625,17,True,3,1.4705882352941178,0,0,6,2,False
12,10,114,128,14,0.109375,9.5,0.6454972243679028,11,9.5,2.29128784747792,11,0,2,1.2,0.4,8,52,0.45614035087719296,0.8636363636363636,0.9122807017543859,1,64,14,0,False,1,0.21875,0,0,10,5,False
10,9,81,88,7,0.07954545454545454,8.1,0.3,9,8.1,2.3853720883753127,9,0,2,1.1111111111111112,0.3142696805273545,8,37,0.4567901234567901,0.9,0.9135802469135802,1,44,7,0,False,1,0.1590909090909091,0,0,9,5,False
4,4,12,12,0,0.0,3.0,0.0,3,3.0,0.0,3,0,1,1.0,0.0,4,6,0.5,1.0,1.0,1,6,0,0,False,0,0.0,0,0,4,1,False
2,2,2,2,0,0.0,1.0,0.0,1,1.0,0.0,1,0,1,1.0,0.0,2,1,0.5,1.0,1.0,1,0,0,0,False,0,,0,0,2,1,False
17,10,230,254,24,0.09448818897637795,13.529411764705882,1.8508391438296792,16,13.529411764705882,2.6814756047156423,16,0,3,1.7,0.7810249675906655,5,109,0.47391304347826085,0.8455882352941176,0.9478260869565217,1,127,24,0,False,1,0.1889763779527559,0,0,10,8,False
3,2,3,4,1,0.25,1.0,0.0,1,1.0,0.816496580927726,2,0,2,1.5,0.5,1,1,0.3333333333333333,0.5,0.6666666666666666,1,2,1,0,False,1,0.5,0,0,2,2,False
6,2,11,18,7,0.3888888888888889,1.8333333333333333,0.6871842709362768,3,1.8333333333333333,0.6871842709362768,3,0,3,3.0,0.0,0,5,0.45454545454545453,0.36666666666666664,0.9090909090909091,1,9,7,0,False,1,0.7777777777777778,0,0,2,4,False
22,5,162,376,214,0.5691489361702128,7.363636363636363,2.5324342322152944,11,7.363636363636363,4.118091510147681,14,0,7,4.4,1.4966629547095764,0,54,0.3333333333333333,0.35064935064935066,0.6666666666666666,2,188,214,22,True,2,1.1382978723404256,0,0,5,4,False
5,5,20,20,0,0.0,4.0,0.0,4,4.0,0.0,4,0,1,1.0,0.0,5,10,0.5,1.0,1.0,1,10,0,0,False,0,0.0,0,0,5,1,False
24,8,316,478,162,0.3389121338912134,13.166666666666666,5.512611802847076,23,13.166666666666666,5.421151989096864,23,0,6,3.0,1.8027756377319946,1,152,0.4810126582278481,0.572463768115942,0.9620253164556962,1,239,162,4,True,2,0.6778242677824268,0,0,8,2,False
10,4,66,70,4,0.05714285714285714,6.6,1.019803902718557,9,6.6,1.1135528725660044,9,0,4,2.5,1.118033988749895,1,31,0.4696969696969697,0.7333333333333333,0.9393939393939394,1,35,4,1,True,2,0.11428571428571428,0,0,4,4,False
5,5,20,20,0,0.0,4.0,0.0,4,4.0,0.0,4,0,1,1.0,0.0,5,10,0.5,1.0,1.0,1,10,0,0,False,0,0.0,0,0,5,5,False
2,2,2,2,0,0.0,1.0,0.0,1,1.0,0.0,1,0,1,1.0,0.0,2,1,0.5,1.0,1.0,1,0,0,0,False,0,,0,0,2,6,False
8,6,46,50,4,0.08,5.75,0.9682458365518543,7,5.75,1.713913650100261,7,0,3,1.3333333333333333,0.74535599249993,5,21,0.45652173913043476,0.8214285714285714,0.9130434782608695,1,25,4,0,False,1,0.16,0,0,6,7,False
10,3,25,66,41,0.6212121212121212,2.5,0.806225774829855,4,2.5,1.118033988749895,4,0,4,3.3333333333333335,0.4714045207910317,0,10,0.4,0.2777777777777778,0.8,2,33,41,3,True,2,1.2424242424242424,0,0,3,4,False
6,2,6,18,12,0.6666666666666666,1.0,0.0,1,1.0,0.816496580927726,2,0,3,3.0,0.0,0,2,0.3333333333333333,0.2,0.6666666666666666,2,9,12,2,True,2,1.3333333333333333,0,0,2,8,False
20,10,226,352,126,0.35795454545454547,11.3,3.195309061734091,19,11.3,4.506661735697499,19,0,4,2.0,0.8944271909999159,3,95,0.42035398230088494,0.5947368421052631,0.8407079646017699,1,176,126,9,True,2,0.7159090909090909,0,0,10,4,False
2,2,2,2,0,0.0,1.0,0.0,1,1.0,0.0,1,0,1,1.0,0.0,2,1,0.5,1.0,1.0,1,0,0,0,False,0,,0,0,2,1,False
3,3,6,6,0,0.0,2.0,0.0,2,2.0,0.0,2,0,1,1.0,0.0,3,3,0.5,1.0,1.0,1,3,0,0,False,0,0.0,0,0,3,3,False
5,3,11,16,5,0.3125,2.2,0.39999999999999997,3,2.2,0.9797958971132712,4,0,2,1.6666666666666667,0.4714045207910317,1,5,0.45454545454545453,0.55,0.9090909090909091,1,8,5,0,False,1,0.625,0,0,3,2,False
8,8,56,56,0,0.0,7.0,0.0,7,7.0,0.0,7,0,1,1.0,0.0,8,28,0.5,1.0,1.0,1,28,0,0,False,0,0.0,0,0,8,7,False
3,2,4,4,0,0.0,1.3333333333333333,0.4714045207910317,2,1.3333333333333333,0.4714045207910317,2,0,2,1.5,0.5,1,2,0.5,0.6666666666666666,1.0,1,2,0,0,False,0,0.0,0,0,2,8,False
26,8,339,570,231,0.4052631578947368,13.038461538461538,4.0618371102321635,23,13.038461538461538,5.951604626748662,25,0,6,3.25,1.6393596310755,2,121,0.35693215339233036,0.5215384615384615,0.7138643067846607,2,285,231,20,True,3,0.8105263157894737,1,0,8,8,True
13,4,63,126,63,0.5,4.846153846153846,1.166596222161777,7,4.846153846153846,2.7968706096458216,10,0,4,3.25,0.4330127018922193,0,20,0.31746031746031744,0.40384615384615385,0.6349206349206349,2,63,63,12,True,4,1.0,0,0,4,3,False
3,2,3,4,1,0.25,1.0,0.0,1,1.0,0.816496580927726,2,0,2,1.5,0.5,1,1,0.3333333333333333,0.5,0.6666666666666666,1,2,1,0,False,1,0.5,0,0,2,3,False
8,7,54,54,0,0.0,6.75,0.4330127018922193,7,6.75,0.4330127018922193,7,0,2,1.1428571428571428,0.3499271061118826,6,27,0.5,0.9642857142857143,1.0,1,27,0,0,False,0,0.0,0,0,7,4,False
31,9,651,836,185,0.22129186602870812,21.0,2.8736848324283986,25,21.0,4.369985605645445,29,0,6,3.4444444444444446,1.4229164972072998,0,279,0.42857142857142855,0.7,0.8571428571428571,1,418,185,17,True,2,0.44258373205741625,0,0,9,6,False
17,9,166,242,76,0.3140495867768595,9.764705882352942,2.183613081561245,13,9.764705882352942,5.070438103414105,16,0,4,1.8888888888888888,1.286204100310025,6,72,0.43373493975903615,0.6102941176470589,0.8674698795180723,1,121,76,0,False,1,0.628099173553719,0,0,9,4,False
11,8,98,104,6,0.057692307692307696,8.909090909090908,0.899954085146515,10,8.909090909090908,1.1642044068059725,10,0,2,1.375,0.4841229182759271,5,48,0.4897959183673469,0.8909090909090909,0.9795918367346939,1,52,6,0,False,1,0.11538461538461539,0,0,8,4,False
20,10,307,346,39,0.11271676300578035,15.35,2.080264406271472,19,15.35,4.339066719929528,19,0,5,2.0,1.1832159566199232,4,134,0.4364820846905538,0.8078947368421052,0.8729641693811075,1,173,39,4,True,2,0.2254335260115607,0,0,10,2,False
13,7,84,144,60,0.4166666666666667,6.461538461538462,1.598816130063579,12,6.461538461538462,1.598816130063579,12,0,2,1.8571428571428572,0.3499271061118826,1,42,0.5,0.5384615384615384,1.0,1,72,60,0,False,1,0.8333333333333334,0,0,7,1,False
13,5,71,134,63,0.4701492537313433,5.461538461538462,1.1512791959304436,8,5.461538461538462,3.27262267479733,11,0,3,2.6,0.4898979485566356,0,21,0.29577464788732394,0.4551282051282051,0.5915492957746479,1,67,63,12,True,2,0.9402985074626866,1,0,5,5,True
7,4,30,30,0,0.0,4.285714285714286,1.4846149779161804,6,4.285714285714286,1.4846149779161804,6,0,4,1.75,1.299038105676658,3,15,0.5,0.7142857142857143,1.0,1,15,0,0,False,0,0.0,0,0,4,5,False
6,6,30,30,0,0.0,5.0,0.0,5,5.0,0.0,5,0,1,1.0,0.0,6,15,0.5,1.0,1.0,1,15,0,0,False,0,0.0,0,0,6,8,False
22,7,214,396,182,0.4595959595959596,9.727272727272727,2.319518331304195,14,9.727272727272727,4.623869082192552,18,0,7,3.142857142857143,1.64130361329658,0,80,0.37383177570093457,0.46320346320346323,0.7476635514018691,1,198,182,17,True,3,0.9191919191919192,0,0,7,6,False
9,7,60,68,8,0.11764705882352941,6.666666666666667,0.6666666666666666,8,6.666666666666667,1.8856180831641267,8,0,2,1.2857142857142858,0.45175395145262565,5,28,0.4666666666666667,0.8333333333333334,0.9333333333333333,1,34,8,0,False,1,0.23529411764705882,0,0,7,4,False
11,3,30,64,34,0.53125,2.727272727272727,0.4453617714151233,3,2.727272727272727,3.4401614415317274,9,0,7,3.6666666666666665,2.3570226039551585,0,4,0.13333333333333333,0.2727272727272727,0.26666666666666666,1,32,34,8,True,2,1.0625,0,0,3,8,False
11,9,101,106,5,0.04716981132075472,9.181818181818182,0.7158188976374373,10,9.181818181818182,1.33608531424537,10,0,2,1.2222222222222223,0.41573970964154905,7,48,0.4752475247524752,0.9181818181818182,0.9504950495049505,1,53,5,0,False,1,0.09433962264150944,0,0,9,8,False
12,6,95,116,21,0.1810344827586207,7.916666666666667,1.9773017529507788,11,7.916666666666667,2.1778557242286634,11,0,3,2.0,0.816496580927726,2,47,0.49473684210526314,0.7196969696969697,0.9894736842105263,1,58,21,0,False,1,0.3620689655172414,0,0,6,7,False
7,2,12,24,12,0.5,1.7142857142857142,0.880630571852711,3,1.7142857142857142,1.3850513878332367,4,0,4,3.5,0.5,0,1,0.08333333333333333,0.2857142857142857,0.16666666666666666,1,12,12,5,True,4,1.0,0,0,2,8,False
5,5,20,20,0,0.0,4.0,0.0,4,4.0,0.0,4,0,1,1.0,0.0,5,10,0.5,1.0,1.0,1,10,0,0,False,0,0.0,0,0,5,5,False
7,3,28,30,2,0.06666666666666667,4.0,0.0,4,4.0,0.9258200997725514,6,0,3,2.3333333333333335,0.9428090415820634,1,13,0.4642857142857143,0.6666666666666666,0.9285714285714286,1,15,2,0,False,1,0.13333333333333333,0,0,3,2,False
5,5,20,20,0,0.0,4.0,0.0,4,4.0,0.0,4,0,1,1.0,0.0,5,10,0.5,1.0,1.0,1,10,0,0,False,0,0.0,0,0,5,6,False
12,6,112,112,0,0.0,9.333333333333334,1.178511301977579,11,9.333333333333334,1.178511301977579,11,0,4,2.0,1.1547005383792515,3,56,0.5,0.8484848484848485,1.0,1,56,0,0,False,0,0.0,0,0,6,1,False
29,8,319,698,379,0.5429799426934098,11.0,5.125998641139648,28,11.0,5.426626563719763,28,0,9,3.625,2.1758618981911515,1,151,0.47335423197492166,0.39285714285714285,0.9467084639498433,1,349,379,9,True,2,1.0859598853868195,0,0,8,7,False
11,9,91,106,15,0.14150943396226415,8.272727272727273,0.616575453011388,10,8.272727272727273,2.8632755905497493,10,0,2,1.2222222222222223,0.41573970964154905,7,39,0.42857142857142855,0.8272727272727273,0.8571428571428571,1,53,15,1,True,2,0.2830188679245283,0,0,9,8,False
9,6,63,66,3,0.045454545454545456,7.0,0.816496580927726,8,7.0,0.9428090415820634,8,0,2,1.5,0.5,3,31,0.49206349206349204,0.875,0.9841269841269841,1,33,3,1,True,2,0.09090909090909091,0,0,6,1,False
16,7,166,212,46,0.2169811320754717,10.375,1.6153559979150107,13,10.375,3.314268395890713,15,0,4,2.2857142857142856,1.0301575072754257,2,74,0.4457831325301205,0.6916666666666667,0.891566265060241,1,106,46,4,True,2,0.4339622641509434,0,0,7,6,False
4,4,12,12,0,0.0,3.0,0.0,3,3.0,0.0,3,0,1,1.0,0.0,4,6,0.5,1.0,1.0,1,6,0,0,False,0,0.0,0,0,4,6,False
21,7,205,376,171,0.45478723404255317,9.761904761904763,2.6886846120939247,15,9.761904761904763,2.876915707998708,16,0,4,3.0,0.5345224838248488,0,93,0.45365853658536587,0.4880952380952381,0.9073170731707317,1,188,171,7,True,2,0.9095744680851063,0,0,7,8,False
21,8,238,362,124,0.3425414364640884,11.333333333333334,3.5768213253740804,20,11.333333333333334,5.946854577428253,20,0,5,2.625,1.7275343701356567,4,102,0.42857142857142855,0.5666666666666667,0.8571428571428571,1,181,124,5,True,3,0.6850828729281768,0,0,8,5,False
6,2,16,16,0,0.0,2.6666666666666665,0.9428090415820634,4,2.6666666666666665,0.9428090415820634,4,0,4,3.0,1.0,0,8,0.5,0.5333333333333333,1.0,1,8,0,0,False,0,0.0,0,0,2,3,False
13,10,140,150,10,0.06666666666666667,10.76923076923077,0.7994080650317895,12,10.76923076923077,1.5268794800984005,12,0,2,1.3,0.45825756949558405,7,67,0.4785714285714286,0.8974358974358975,0.9571428571428572,1,75,10,0,False,1,0.13333333333333333,0,0,10,7,False
16,6,141,210,69,0.32857142857142857,8.8125,2.068174013471787,13,8.8125,2.6976552318634046,14,0,4,2.6666666666666665,0.7453559924999298,0,66,0.46808510638297873,0.5875,0.9361702127659575,1,105,69,2,True,2,0.6571428571428571,0,0,6,4,False
3,3,6,6,0,0.0,2.0,0.0,2,2.0,0.0,2,0,1,1.0,0.0,3,3,0.5,1.0,1.0,1,3,0,0,False,0,0.0,0,0,3,7,False
7,7,42,42,0,0.0,6.0,0.0,6,6.0,0.0,6,0,1,1.0,0.0,7,21,0.5,1.0,1.0,1,21,0,0,False,0,0.0,0,0,7,5,False
34,8,369,982,613,0.6242362525458248,10.852941176470589,4.20176680583983,29,10.852941176470589,7.396868784835189,32,0,8,4.25,1.920286436967152,0,130,0.3523035230352303,0.32887700534759357,0.7046070460704607,1,491,613,66,True,3,1.2484725050916496,0,0,8,8,False
40,7,575,1350,775,0.5740740740740741,14.375,4.9024866139541885,27,14.375,8.048874144872686,28,0,8,5.714285714285714,1.749635530559413,0,197,0.3426086956521739,0.3685897435897436,0.6852173913043478,1,675,775,56,True,3,1.1481481481481481,0,0,7,2,False
15,9,144,194,50,0.25773195876288657,9.6,1.818424226264781,12,9.6,3.647830405414521,14,0,3,1.6666666666666667,0.816496580927726,5,67,0.4652777777777778,0.6857142857142857,0.9305555555555556,1,97,50,0,False,1,0.5154639175257731,0,0,9,3,False
5,3,15,16,1,0.0625,3.0,0.0,3,3.0,0.6324555320336759,4,0,2,1.6666666666666667,0.4714045207910317,1,7,0.4666666666666667,0.75,0.9333333333333333,1,8,1,0,False,1,0.125,0,0,3,8,False
5,3,13,16,3,0.1875,2.6,0.8,4,2.6,1.019803902718557,4,0,2,1.6666666666666667,0.4714045207910317,1,5,0.38461538461538464,0.65,0.7692307692307693,1,8,3,1,True,2,0.375,0,0,3,2,False
52,9,869,2396,1527,0.6373121869782972,16.71153846153846,3.9726785115603076,38,16.71153846153846,5.775733514726601,30,0,7,5.777777777777778,0.9162456945817024,0,373,0.42922899884925203,0.32767722473604827,0.8584579976985041,1,1198,1527,49,True,3,1.2746243739565943,0,0,9,5,False
22,8,239,416,177,0.4254807692307692,10.863636363636363,2.8809003413619676,19,10.863636363636363,2.5988713379859645,18,0,5,2.75,0.9682458365518543,0,118,0.49372384937238495,0.5173160173160173,0.9874476987447699,1,208,177,1,True,2,0.8509615384615384,0,0,8,3,False
8,7,54,54,0,0.0,6.75,0.4330127018922193,7,6.75,0.4330127018922193,7,0,2,1.1428571428571428,0.3499271061118826,6,27,0.5,0.9642857142857143,1.0,1,27,0,0,False,0,0.0,0,0,7,3,False
19,10,264,310,46,0.14838709677419354,13.894736842105264,3.385646744436924,18,13.894736842105264,3.7260778990374432,18,0,4,1.9,1.2206555615733703,6,119,0.45075757575757575,0.7719298245614035,0.9015151515151515,1,155,46,4,True,2,0.2967741935483871,0,0,10,2,False
11,2,22,60,38,0.6333333333333333,2.0,1.2060453783110545,5,2.0,1.4142135623730951,5,0,6,5.5,0.5,0,8,0.36363636363636365,0.2,0.7272727272727273,2,30,38,2,True,2,1.2666666666666666,0,0,2,1,False
11,5,51,92,41,0.44565217391304346,4.636363636363637,0.77138921583987,6,4.636363636363637,3.497342556667517,10,0,3,2.2,0.9797958971132712,2,13,0.2549019607843137,0.4636363636363636,0.5098039215686274,2,46,41,10,True,2,0.8913043478260869,0,0,5,6,False
6,4,22,26,4,0.15384615384615385,3.6666666666666665,0.4714045207910317,4,3.6666666666666665,1.699673171197595,5,0,2,1.5,0.5,2,9,0.4090909090909091,0.7333333333333333,0.8181818181818182,1,13,4,0,False,1,0.3076923076923077,0,0,4,3,False
34,10,556,1012,456,0.4505928853754941,16.352941176470587,2.7319714164077933,21,16.352941176470587,8.979985434749016,28,0,7,3.4,1.6852299546352718,0,204,0.3669064748201439,0.49554367201426025,0.7338129496402878,3,506,456,54,True,2,0.9011857707509882,0,0,10,4,False
20,7,235,336,101,0.3005952380952381,11.75,2.165063509461097,16,11.75,4.88748401531913,19,0,4,2.857142857142857,0.989743318610787,1,94,0.4,0.618421052631579,0.8,1,168,101,1,True,2,0.6011904761904762,0,0,7,3,False
11,9,100,104,4,0.038461538461538464,9.090909090909092,0.9958591954639383,10,9.090909090909092,1.5640591394622958,10,0,3,1.2222222222222223,0.628539361054709,8,48,0.48,0.9090909090909091,0.96,1,52,4,0,False,1,0.07692307692307693,0,0,9,4,False
16,5,116,200,84,0.42,7.25,2.7950849718747373,14,7.25,4.02336923485777,14,0,5,3.2,0.9797958971132712,0,47,0.4051724137931034,0.48333333333333334,0.8103448275862069,1,100,84,15,True,3,0.84,0,0,5,7,False
9,4,37,60,23,0.38333333333333336,4.111111111111111,0.9938079899999066,6,4.111111111111111,2.1314806770278754,7,0,3,2.25,0.4330127018922193,0,12,0.32432432432432434,0.5138888888888888,0.6486486486486487,1,30,23,6,True,2,0.7666666666666667,0,0,4,6,False
6,5,28,28,0,0.0,4.666666666666667,0.4714045207910317,5,4.666666666666667,0.4714045207910317,5,0,2,1.2,0.4000000000000001,4,14,0.5,0.9333333333333333,1.0,1,14,0,0,False,0,0.0,0,0,5,1,False
6,3,15,24,9,0.375,2.5,0.5,3,2.5,1.6072751268321592,4,0,2,2.0,0.0,0,5,0.3333333333333333,0.5,0.6666666666666666,1,12,9,3,True,2,0.75,0,0,3,5,False
8,5,40,50,10,0.2,5.0,0.7071067811865476,6,5.0,1.9364916731037085,7,0,2,1.6,0.4898979485566356,2,17,0.425,0.7142857142857143,0.85,1,25,10,0,False,1,0.4,0,0,5,3,False
9,7,58,68,10,0.14705882352941177,6.444444444444445,0.49690399499995325,7,6.444444444444445,2.2166597048066667,8,0,2,1.2857142857142858,0.45175395145262565,5,26,0.4482758620689655,0.8055555555555556,0.896551724137931,1,34,10,0,False,1,0.29411764705882354,0,0,7,3,False
21,6,164,360,196,0.5444444444444444,7.809523809523809,4.101324380977996,19,7.809523809523809,4.101324380977996,19,0,5,3.5,1.118033988749895,0,82,0.5,0.3904761904761905,1.0,1,180,196,0,False,1,1.0888888888888888,0,0,6,1,False
14,7,148,162,14,0.08641975308641975,10.571428571428571,1.049781318335648,13,10.571428571428571,1.6781914463529615,13,0,3,2.0,0.9258200997725514,3,70,0.47297297297297297,0.8131868131868132,0.9459459459459459,1,81,14,0,False,1,0.1728395061728395,0,0,7,4,False
10,7,78,78,0,0.0,7.8,1.469693845669907,9,7.8,1.469693845669907,9,0,4,1.4285714285714286,1.0497813183356477,6,39,0.5,0.8666666666666667,1.0,1,39,0,0,False,0,0.0,0,0,7,3,False
2,2,2,2,0,0.0,1.0,0.0,1,1.0,0.0,1,0,1,1.0,0.0,2,1,0.5,1.0,1.0,1,0,0,0,False,0,,0,0,2,3,False
25,10,305,540,235,0.4351851851851852,12.2,3.9089640571384128,24,12.2,5.184592558726288,24,0,6,2.5,1.5,3,141,0.46229508196721314,0.5083333333333333,0.9245901639344263,1,270,235,6,True,2,0.8703703703703703,0,0,10,2,False
8,4,41,46,5,0.10869565217391304,5.125,1.0532687216470449,7,5.125,1.2686114456365274,7,0,3,2.0,0.7071067811865476,1,18,0.43902439024390244,0.7321428571428571,0.8780487804878049,1,23,5,2,True,2,0.21739130434782608,0,0,4,4,False
7,5,28,36,8,0.2222222222222222,4.0,0.0,4,4.0,2.6186146828319083,6,0,3,1.4,0.8000000000000002,4,10,0.35714285714285715,0.6666666666666666,0.7142857142857143,1,18,8,0,False,1,0.4444444444444444,0,0,5,5,False
35,8,569,1060,491,0.46320754716981133,16.257142857142856,3.651558236016565,21,16.257142857142856,8.34725911265953,32,0,6,4.375,1.2183492931011204,0,196,0.3444639718804921,0.4781512605042017,0.6889279437609842,1,530,491,46,True,2,0.9264150943396227,0,0,8,3,False
13,10,142,148,6,0.04054054054054054,10.923076923076923,1.3846153846153846,12,10.923076923076923,1.3846153846153846,12,0,3,1.3,0.6403124237432849,8,71,0.5,0.9102564102564102,1.0,1,74,6,0,False,1,0.08108108108108109,0,0,10,3,False
16,6,139,208,69,0.3317307692307692,8.6875,2.0223362109204297,13,8.6875,3.5482169818093143,15,0,4,2.6666666666666665,0.9428090415820634,1,59,0.4244604316546763,0.5791666666666667,0.8489208633093526,1,104,69,5,True,2,0.6634615384615384,0,0,6,8,False
17,8,180,246,66,0.2682926829268293,10.588235294117647,1.750926596016143,14,10.588235294117647,4.875615478847553,16,0,4,2.125,0.9270248108869579,2,74,0.4111111111111111,0.6617647058823529,0.8222222222222222,2,123,66,13,True,3,0.5365853658536586,0,0,8,7,False
21,8,225,370,145,0.3918918918918919,10.714285714285714,2.0963200669576323,14,10.714285714285714,7.258117669812437,20,0,5,2.625,1.4086784586980805,1,59,0.26222222222222225,0.5357142857142857,0.5244444444444445,3,185,145,10,True,2,0.7837837837837838,0,0,8,5,False
10,8,80,86,6,0.06976744186046512,8.0,0.0,8,8.0,2.04939015319192,9,0,2,1.25,0.4330127018922193,6,37,0.4625,0.8888888888888888,0.925,1,43,6,0,False,1,0.13953488372093023,0,0,8,4,False
14,4,59,146,87,0.5958904109589042,4.214285714285714,1.5665508713900933,9,4.214285714285714,1.6978377605721018,8,0,4,3.5,0.5,0,21,0.3559322033898305,0.3241758241758242,0.711864406779661,1,73,87,8,True,2,1.1917808219178083,0,0,4,5,False
24,8,251,470,219,0.46595744680851064,10.458333333333334,2.7835703491898474,16,10.458333333333334,6.350716276312635,23,0,7,3.0,2.0615528128088303,3,94,0.3745019920318725,0.45471014492753625,0.749003984063745,1,235,219,14,True,2,0.9319148936170213,0,0,8,7,False
18,8,200,278,78,0.2805755395683453,11.11111111111111,1.7916128329552332,16,11.11111111111111,2.2580446036557307,17,0,4,2.25,0.82915619758885,1,96,0.48,0.6535947712418301,0.96,1,139,78,3,True,2,0.5611510791366906,0,0,8,2,False
12,5,70,114,44,0.38596491228070173,5.833333333333333,1.8633899812498247,10,5.833333333333333,2.6718699236468995,10,0,3,2.4,0.4898979485566356,0,25,0.35714285714285715,0.5303030303030303,0.7142857142857143,1,57,44,4,True,2,0.7719298245614035,0,0,5,7,False
9,4,39,58,19,0.3275862068965517,4.333333333333333,1.1547005383792515,6,4.333333333333333,1.7638342073763937,8,0,3,2.25,0.82915619758885,1,13,0.3333333333333333,0.5416666666666666,0.6666666666666666,1,29,19,3,True,2,0.6551724137931034,0,0,4,6,False
6,4,24,26,2,0.07692307692307693,4.0,0.0,4,4.0,1.0,5,0,2,1.5,0.5,2,11,0.4583333333333333,0.8,0.9166666666666666,1,13,2,0,False,1,0.15384615384615385,0,0,4,4,False
5,3,14,14,0,0.0,2.8,0.9797958971132712,4,2.8,0.9797958971132712,4,0,3,1.6666666666666667,0.9428090415820634,2,7,0.5,0.7,1.0,1,7,0,0,False,0,0.0,0,0,3,3,False
3,3,6,6,0,0.0,2.0,0.0,2,2.0,0.0,2,0,1,1.0,0.0,3,3,0.5,1.0,1.0,1,3,0,0,False,0,0.0,0,0,3,6,False
8,3,23,42,19,0.4523809523809524,2.875,1.2686114456365274,5,2.875,1.2686114456365274,4,0,3,2.6666666666666665,0.4714045207910317,0,8,0.34782608695652173,0.4107142857142857,0.6956521739130435,2,21,19,0,False,1,0.9047619047619048,0,0,3,4,False
29,9,387,736,349,0.4741847826086957,13.344827586206897,3.574583284793999,22,13.344827586206897,4.879767250448462,21,0,5,3.2222222222222223,1.1331154474650633,0,165,0.4263565891472868,0.4766009852216749,0.8527131782945736,1,368,349,20,True,3,0.9483695652173914,0,0,9,6,False
12,2,19,70,51,0.7285714285714285,1.5833333333333333,0.7592027982620249,3,1.5833333333333333,1.1873172373979175,4,0,7,6.0,1.0,0,5,0.2631578947368421,0.14393939393939395,0.5263157894736842,2,35,51,5,True,2,1.457142857142857,2,0,2,6,True
9,6,48,60,12,0.2,5.333333333333333,0.9428090415820634,8,5.333333333333333,3.197221015541813,8,0,4,1.5,1.118033988749895,5,18,0.375,0.6666666666666666,0.75,1,30,12,0,False,1,0.4,0,0,6,4,False
8,7,54,54,0,0.0,6.75,0.4330127018922193,7,6.75,0.4330127018922193,7,0,2,1.1428571428571428,0.3499271061118826,6,27,0.5,0.9642857142857143,1.0,1,27,0,0,False,0,0.0,0,0,7,1,False
4,2,8,8,0,0.0,2.0,0.0,2,2.0,0.0,2,0,2,2.0,0.0,0,4,0.5,0.6666666666666666,1.0,1,4,0,0,False,0,0.0,0,0,2,6,False
11,8,83,104,21,0.20192307692307693,7.545454545454546,1.1570838237598051,10,7.545454545454546,2.4995867427031855,10,0,2,1.375,0.4841229182759271,5,37,0.4457831325301205,0.7545454545454545,0.891566265060241,1,52,21,0,False,1,0.40384615384615385,0,0,8,5,False
18,9,223,284,61,0.2147887323943662,12.38888888888889,2.9276249169456436,17,12.38888888888889,2.8894230275435207,17,0,3,2.0,0.6666666666666666,2,107,0.4798206278026906,0.7287581699346405,0.9596412556053812,1,142,61,3,True,2,0.4295774647887324,0,0,9,2,False
5,3,13,16,3,0.1875,2.6,0.4898979485566356,3,2.6,1.019803902718557,4,0,2,1.6666666666666667,0.4714045207910317,1,5,0.38461538461538464,0.65,0.7692307692307693,1,8,3,0,False,1,0.375,0,0,3,8,False
15,6,113,184,71,0.3858695652173913,7.533333333333333,2.4184476196289406,11,7.533333333333333,3.947432358156657,13,0,4,2.5,0.7637626158259734,0,27,0.23893805309734514,0.5380952380952381,0.4778761061946903,1,92,71,20,True,3,0.7717391304347826,0,0,6,8,False
8,8,56,56,0,0.0,7.0,0.0,7,7.0,0.0,7,0,1,1.0,0.0,8,28,0.5,1.0,1.0,1,28,0,0,False,0,0.0,0,0,8,7,False
22,7,213,406,193,0.4753694581280788,9.681818181818182,3.709770436861946,17,9.681818181818182,6.434186842995664,19,0,5,3.142857142857143,1.124858267715973,0,39,0.18309859154929578,0.461038961038961,0.36619718309859156,5,203,193,50,True,2,0.9507389162561576,0,0,7,3,False
25,10,437,538,101,0.18773234200743494,17.48,4.428272800991375,24,17.48,4.570514194267425,24,0,6,2.5,1.5652475842498528,4,215,0.4919908466819222,0.7283333333333334,0.9839816933638444,1,269,101,4,True,3,0.3754646840148699,1,0,10,4,True
4,4,12,12,0,0.0,3.0,0.0,3,3.0,0.0,3,0,1,1.0,0.0,4,6,0.5,1.0,1.0,1,6,0,0,False,0,0.0,0,0,4,4,False
13,5,93,130,37,0.2846153846153846,7.153846153846154,1.9940740610485723,10,7.153846153846154,3.4159389709499255,12,0,4,2.6,1.019803902718557,1,34,0.3655913978494624,0.5961538461538461,0.7311827956989247,1,65,37,8,True,3,0.5692307692307692,0,0,5,8,False
19,9,203,314,111,0.3535031847133758,10.68421052631579,2.0013845622980573,16,10.68421052631579,4.623198159157421,18,0,4,2.111111111111111,0.8748897637790901,2,76,0.37438423645320196,0.5935672514619883,0.7487684729064039,1,157,111,10,True,2,0.7070063694267515,0,0,9,5,False
9,8,70,70,0,0.0,7.777777777777778,0.41573970964154905,8,7.777777777777778,0.41573970964154905,8,0,2,1.125,0.33071891388307384,7,35,0.5,0.9722222222222222,1.0,1,35,0,0,False,0,0.0,0,0,8,5,False
9,8,66,70,4,0.05714285714285714,7.333333333333333,0.4714045207910317,8,7.333333333333333,1.5634719199411433,8,0,2,1.125,0.33071891388307384,7,31,0.4696969696969697,0.9166666666666666,0.9393939393939394,1,35,4,0,False,1,0.11428571428571428,0,0,8,7,False
11,9,97,104,7,0.0673076923076923,8.818181818181818,0.5749595745760689,10,8.818181818181818,2.5873180855923104,10,0,3,1.2222222222222223,0.628539361054709,8,45,0.4639175257731959,0.8818181818181818,0.9278350515463918,1,52,7,0,False,1,0.1346153846153846,0,0,9,3,False
4,4,12,12,0,0.0,3.0,0.0,3,3.0,0.0,3,0,1,1.0,0.0,4,6,0.5,1.0,1.0,1,6,0,0,False,0,0.0,0,0,4,4,False
13,4,74,126,52,0.4126984126984127,5.6923076923076925,1.855744320279203,9,5.6923076923076925,2.865836309261101,10,0,4,3.25,0.4330127018922193,0,22,0.2972972972972973,0.47435897435897434,0.5945945945945946,1,63,52,5,True,2,0.8253968253968254,0,0,4,7,False
10,7,74,82,8,0.0975609756097561,7.4,1.2,9,7.4,1.9595917942265426,9,0,3,1.4285714285714286,0.7284313590846836,5,33,0.44594594594594594,0.8222222222222222,0.8918918918918919,1,41,8,0,False,1,0.1951219512195122,0,0,7,7,False
13,8,106,146,40,0.273972602739726,8.153846153846153,2.106625221173716,12,8.153846153846153,2.106625221173716,12,0,2,1.625,0.4841229182759271,3,53,0.5,0.6794871794871795,1.0,1,73,40,0,False,1,0.547945205479452,0,0,8,5,False
4,2,5,8,3,0.375,1.25,0.4330127018922193,2,1.25,0.82915619758885,2,0,2,2.0,0.0,0,2,0.4,0.4166666666666667,0.8,1,4,3,1,True,2,0.75,0,0,2,8,False
15,4,139,150,11,0.07333333333333333,9.266666666666667,1.8061622912192088,14,9.266666666666667,1.8061622912192088,14,0,7,3.75,2.165063509461097,1,64,0.460431654676259,0.6619047619047619,0.920863309352518,1,75,11,3,True,2,0.14666666666666667,0,0,4,7,False
8,3,22,42,20,0.47619047619047616,2.75,0.82915619758885,4,2.75,0.82915619758885,4,0,3,2.6666666666666665,0.4714045207910317,0,11,0.5,0.39285714285714285,1.0,1,21,20,0,False,1,0.9523809523809523,0,0,3,3,False
22,7,204,400,196,0.49,9.272727272727273,3.400291674411826,21,9.272727272727273,3.400291674411826,21,0,5,3.142857142857143,1.4568627181693672,1,102,0.5,0.44155844155844154,1.0,1,200,196,0,False,1,0.98,0,0,7,2,False
6,4,24,24,0,0.0,4.0,1.0,5,4.0,1.0,5,0,3,1.5,0.8660254037844386,3,12,0.5,0.8,1.0,1,12,0,0,False,0,0.0,0,0,4,2,False
3,3,6,6,0,0.0,2.0,0.0,2,2.0,0.0,2,0,1,1.0,0.0,3,3,0.5,1.0,1.0,1,3,0,0,False,0,0.0,0,0,3,2,False
37,8,510,1182,672,0.5685279187817259,13.783783783783784,3.764235216356884,19,13.783783783783784,3.764235216356884,19,0,7,4.625,1.4086784586980805,0,255,0.5,0.38288288288288286,1.0,2,591,672,0,False,1,1.1370558375634519,0,0,8,1,False
4,2,8,8,0,0.0,2.0,0.0,2,2.0,0.0,2,0,2,2.0,0.0,0,4,0.5,0.6666666666666666,1.0,1,4,0,0,False,0,0.0,0,0,2,5,False
11,10,108,108,0,0.0,9.818181818181818,0.385694607919935,10,9.818181818181818,0.385694607919935,10,0,2,1.1,0.3,9,54,0.5,0.9818181818181818,1.0,1,54,0,0,False,0,0.0,0,0,10,4,False
5,5,20,20,0,0.0,4.0,0.0,4,4.0,0.0,4,0,1,1.0,0.0,5,10,0.5,1.0,1.0,1,10,0,0,False,0,0.0,0,0,5,3,False
19,8,236,306,70,0.22875816993464052,12.421052631578947,1.2275688199674315,15,12.421052631578947,5.733702665851083,18,0,4,2.375,1.1110243021644486,2,98,0.4152542372881356,0.6900584795321637,0.8305084745762712,2,153,70,0,False,1,0.45751633986928103,0,0,8,2,False
9,4,43,60,17,0.2833333333333333,4.777777777777778,1.3966450099973928,7,4.777777777777778,2.57240820062005,7,0,3,2.25,0.4330127018922193,0,13,0.3023255813953488,0.5972222222222222,0.6046511627906976,1,30,17,1,True,2,0.5666666666666667,0,0,4,7,False
31,10,589,816,227,0.27818627450980393,19.0,6.143446547653114,30,19.0,6.148695114648572,30,0,6,3.1,2.2113344387495983,5,289,0.4906621392190153,0.6333333333333333,0.9813242784380306,1,408,227,5,True,2,0.5563725490196079,0,0,10,3,False
2,2,2,2,0,0.0,1.0,0.0,1,1.0,0.0,1,0,1,1.0,0.0,2,1,0.5,1.0,1.0,1,0,0,0,False,0,,0,0,2,4,False
27,7,258,610,352,0.5770491803278689,9.555555555555555,3.467663674294941,18,9.555555555555555,4.408185427750527,22,0,6,3.857142857142857,1.4568627181693672,0,116,0.4496124031007752,0.36752136752136755,0.8992248062015504,1,305,352,15,True,3,1.1540983606557378,4,0,7,6,True
4,3,8,10,2,0.2,2.0,0.0,2,2.0,1.224744871391589,3,0,2,1.3333333333333333,0.4714045207910317,2,3,0.375,0.6666666666666666,0.75,1,5,2,0,False,1,0.4,0,0,3,3,False
12,6,96,118,22,0.1864406779661017,8.0,1.4142135623730951,11,8.0,2.1213203435596424,11,0,3,2.0,0.5773502691896257,1,45,0.46875,0.7272727272727273,0.9375,1,59,22,0,False,1,0.3728813559322034,0,0,6,5,False
15,9,190,190,0,0.0,12.666666666666666,1.247219128924647,14,12.666666666666666,1.247219128924647,14,0,4,1.6666666666666667,1.0540925533894596,6,95,0.5,0.9047619047619048,1.0,1,95,0,0,False,0,0.0,0,0,9,3,False
7,4,25,30,5,0.16666666666666666,3.5714285714285716,1.049781318335648,6,3.5714285714285716,2.1946130708196026,6,0,4,1.75,1.299038105676658,3,10,0.4,0.5952380952380952,0.8,1,15,5,0,False,1,0.3333333333333333,0,0,4,7,False
13,9,136,146,10,0.0684931506849315,10.461538461538462,1.0088366960464616,12,10.461538461538462,2.0611940010729635,12,0,3,1.4444444444444444,0.6849348892187752,6,63,0.4632352941176471,0.8717948717948718,0.9264705882352942,1,73,10,0,False,1,0.136986301369863,0,0,9,5,False
23,8,216,452,236,0.5221238938053098,9.391304347826088,4.0832545676083125,20,9.391304347826088,6.0414447626719125,20,0,5,2.875,1.165922381636102,0,73,0.33796296296296297,0.4268774703557312,0.6759259259259259,2,226,236,42,True,2,1.0442477876106195,0,0,8,6,False
7,6,40,40,0,0.0,5.714285714285714,0.4517539514526256,6,5.714285714285714,0.4517539514526256,6,0,2,1.1666666666666667,0.3726779962499649,5,20,0.5,0.9523809523809523,1.0,1,20,0,0,False,0,0.0,0,0,6,8,False
8,8,56,56,0,0.0,7.0,0.0,7,7.0,0.0,7,0,1,1.0,0.0,8,28,0.5,1.0,1.0,1,28,0,0,False,0,0.0,0,0,8,6,False
4,4,12,12,0,0.0,3.0,0.0,3,3.0,0.0,3,0,1,1.0,0.0,4,6,0.5,1.0,1.0,1,6,0,0,False,0,0.0,0,0,4,2,False
6,2,10,10,0,0.0,1.6666666666666667,1.4907119849998596,5,1.6666666666666667,1.4907119849998596,5,0,5,3.0,2.0,1,5,0.5,0.3333333333333333,1.0,1,5,0,0,False,0,0.0,0,0,2,7,False
5,5,20,20,0,0.0,4.0,0.0,4,4.0,0.0,4,0,1,1.0,0.0,5,10,0.5,1.0,1.0,1,10,0,0,False,0,0.0,0,0,5,1,False
7,6,38,40,2,0.05,5.428571428571429,0.4948716593053935,6,5.428571428571429,1.0497813183356477,6,0,2,1.1666666666666667,0.3726779962499649,5,18,0.47368421052631576,0.9047619047619048,0.9473684210526315,1,20,2,0,False,1,0.1,0,0,6,1,False
11,9,106,106,0,0.0,9.636363636363637,0.4810456929208347,10,9.636363636363637,0.4810456929208347,10,0,2,1.2222222222222223,0.41573970964154905,7,53,0.5,0.9636363636363636,1.0,1,53,0,0,False,0,0.0,0,0,9,1,False
10,9,88,88,0,0.0,8.8,0.4,9,8.8,0.4,9,0,2,1.1111111111111112,0.3142696805273545,8,44,0.5,0.9777777777777777,1.0,1,44,0,0,False,0,0.0,0,0,9,6,False
9,9,72,72,0,0.0,8.0,0.0,8,8.0,0.0,8,0,1,1.0,0.0,9,36,0.5,1.0,1.0,1,36,0,0,False,0,0.0,0,0,9,4,False
5,4,16,18,2,0.1111111111111111,3.2,0.39999999999999997,4,3.2,0.9797958971132712,4,0,2,1.25,0.4330127018922193,3,7,0.4375,0.8,0.875,1,9,2,0,False,1,0.2222222222222222,0,0,4,5,False
4,3,9,10,1,0.1,2.25,0.4330127018922193,3,2.25,0.82915619758885,3,0,2,1.3333333333333333,0.4714045207910317,2,4,0.4444444444444444,0.75,0.8888888888888888,1,5,1,0,False,1,0.2,0,0,3,8,False
11,7,90,102,12,0.11764705882352941,8.181818181818182,1.3360853142453697,10,8.181818181818182,1.3360853142453697,10,0,2,1.5714285714285714,0.4948716593053935,3,45,0.5,0.8181818181818182,1.0,1,51,12,0,False,1,0.23529411764705882,0,0,7,1,False
11,9,101,106,5,0.04716981132075472,9.181818181818182,0.9359663764533636,10,9.181818181818182,1.113404428537808,10,0,2,1.2222222222222223,0.41573970964154905,7,50,0.49504950495049505,0.9181818181818182,0.9900990099009901,1,53,5,0,False,1,0.09433962264150944,0,0,9,5,False
8,8,56,56,0,0.0,7.0,0.0,7,7.0,0.0,7,0,1,1.0,0.0,8,28,0.5,1.0,1.0,1,28,0,0,False,0,0.0,0,0,8,7,False
9,8,70,70,0,0.0,7.777777777777778,0.41573970964154905,8,7.777777777777778,0.41573970964154905,8,0,2,1.125,0.33071891388307384,7,35,0.5,0.9722222222222222,1.0,1,35,0,0,False,0,0.0,0,0,8,1,False
9,6,53,64,11,0.171875,5.888888888888889,1.1967032904743342,8,5.888888888888889,2.078698548207745,8,0,3,1.5,0.7637626158259734,4,24,0.4528301886792453,0.7361111111111112,0.9056603773584906,1,32,11,0,False,1,0.34375,0,0,6,5,False
12,6,95,118,23,0.19491525423728814,7.916666666666667,1.1873172373979173,10,7.916666666666667,2.1392496088322392,11,0,3,2.0,0.5773502691896257,1,44,0.4631578947368421,0.7196969696969697,0.9263157894736842,1,59,23,2,True,2,0.3898305084745763,0,0,6,2,False
7,5,28,36,8,0.2222222222222222,4.0,0.0,4,4.0,2.6186146828319083,6,0,3,1.4,0.8,4,10,0.35714285714285715,0.6666666666666666,0.7142857142857143,1,18,8,0,False,1,0.4444444444444444,0,0,5,8,False
9,5,60,60,0,0.0,6.666666666666667,0.9428090415820634,8,6.666666666666667,0.9428090415820634,8,0,3,1.8,0.9797958971132713,3,30,0.5,0.8333333333333334,1.0,1,30,0,0,False,0,0.0,0,0,5,3,False
20,8,223,328,105,0.3201219512195122,11.15,2.1971572542719833,15,11.15,6.413072586522001,19,0,6,2.5,1.6583123951777,3,93,0.4170403587443946,0.5868421052631579,0.8340807174887892,1,164,105,4,True,2,0.6402439024390244,0,0,8,5,False
6,3,18,18,0,0.0,3.0,1.4142135623730951,5,3.0,1.4142135623730951,5,0,4,2.0,1.4142135623730951,2,9,0.5,0.6,1.0,1,9,0,0,False,0,0.0,0,0,3,5,False
3,2,4,4,0,0.0,1.3333333333333333,0.4714045207910317,2,1.3333333333333333,0.4714045207910317,2,0,2,1.5,0.5,1,2,0.5,0.6666666666666666,1.0,1,2,0,0,False,0,0.0,0,0,2,1,False
7,6,39,40,1,0.025,5.571428571428571,0.4948716593053935,6,5.571428571428571,0.7284313590846836,6,0,2,1.1666666666666667,0.3726779962499649,5,19,0.48717948717948717,0.9285714285714286,0.9743589743589743,1,20,1,0,False,1,0.05,0,0,6,8,False
10,7,68,84,16,0.19047619047619047,6.8,1.077032961426901,9,6.8,1.8867962264113207,9,0,2,1.4285714285714286,0.4948716593053935,4,32,0.47058823529411764,0.7555555555555555,0.9411764705882353,1,42,16,0,False,1,0.38095238095238093,0,0,7,6,False
4,2,5,8,3,0.375,1.25,0.4330127018922193,2,1.25,0.4330127018922193,2,0,2,2.0,0.0,0,2,0.4,0.4166666666666667,0.8,2,4,3,0,False,1,0.75,0,0,2,4,False
24,9,415,490,75,0.15306122448979592,17.291666666666668,2.7458933984325675,23,17.291666666666668,2.8647159060231826,23,0,6,2.6666666666666665,1.5634719199411433,3,192,0.46265060240963857,0.7518115942028986,0.9253012048192771,1,245,75,9,True,2,0.30612244897959184,0,0,9,4,False
9,6,59,66,7,0.10606060606060606,6.555555555555555,0.6849348892187751,8,6.555555555555555,1.3425606637327303,8,0,2,1.5,0.5,3,28,0.4745762711864407,0.8194444444444444,0.9491525423728814,1,33,7,0,False,1,0.21212121212121213,0,0,6,6,False
6,6,30,30,0,0.0,5.0,0.0,5,5.0,0.0,5,0,1,1.0,0.0,6,15,0.5,1.0,1.0,1,15,0,0,False,0,0.0,0,0,6,3,False
12,8,114,124,10,0.08064516129032258,9.5,0.5,10,9.5,1.5,11,0,2,1.5,0.5,4,54,0.47368421052631576,0.8636363636363636,0.9473684210526315,1,62,10,0,False,1,0.16129032258064516,0,0,8,8,False
6,5,26,28,2,0.07142857142857142,4.333333333333333,0.4714045207910317,5,4.333333333333333,1.1055415967851332,5,0,2,1.2,0.4000000000000001,4,12,0.46153846153846156,0.8666666666666667,0.9230769230769231,1,14,2,0,False,1,0.14285714285714285,0,0,5,1,False
24,10,293,502,209,0.4163346613545817,12.208333333333334,3.707865138983468,23,12.208333333333334,6.337580812546342,23,0,5,2.4,1.2806248474865698,4,112,0.3822525597269625,0.5307971014492754,0.764505119453925,1,251,209,3,True,2,0.8326693227091634,0,0,10,5,False
36,10,517,1132,615,0.5432862190812721,14.36111111111111,6.033023830817336,32,14.36111111111111,7.997057715107815,33,0,7,3.6,1.8547236990991407,0,182,0.3520309477756286,0.4103174603174603,0.7040618955512572,1,566,615,40,True,3,1.0865724381625441,2,0,10,4,True
8,5,38,50,12,0.24,4.75,1.299038105676658,7,4.75,1.299038105676658,7,0,2,1.6,0.4898979485566356,2,19,0.5,0.6785714285714286,1.0,1,25,12,0,False,1,0.48,0,0,5,2,False
16,7,194,214,20,0.09345794392523364,12.125,1.653594569415369,15,12.125,1.6153559979150107,15,0,4,2.2857142857142856,0.880630571852711,1,96,0.4948453608247423,0.8083333333333333,0.9896907216494846,1,107,20,0,False,1,0.18691588785046728,0,0,7,2,False
25,8,296,530,234,0.44150943396226416,11.84,4.066251344912167,22,11.84,6.391744675751684,23,0,6,3.125,1.4523687548277813,0,69,0.23310810810810811,0.49333333333333335,0.46621621621621623,1,265,234,45,True,3,0.8830188679245283,0,0,8,5,False
8,6,45,50,5,0.1,5.625,0.4841229182759271,6,5.625,2.2878756522153907,7,0,3,1.3333333333333333,0.7453559924999299,5,20,0.4444444444444444,0.8035714285714286,0.8888888888888888,1,25,5,0,False,1,0.2,0,0,6,1,False
8,3,35,40,5,0.125,4.375,1.4086784586980805,6,4.375,1.4086784586980805,6,0,4,2.6666666666666665,0.9428090415820634,0,15,0.42857142857142855,0.625,0.8571428571428571,1,20,5,1,True,2,0.25,0,0,3,7,False
16,9,174,214,40,0.18691588785046728,10.875,2.117634293262177,15,10.875,3.8058343369095824,15,0,5,1.7777777777777777,1.227262335243029,5,79,0.4540229885057471,0.725,0.9080459770114943,1,107,40,0,False,1,0.37383177570093457,0,0,9,4,False
12,9,118,120,2,0.016666666666666666,9.833333333333334,1.4043582955293932,11,9.833333333333334,1.674979270186815,11,0,4,1.3333333333333333,0.9428090415820635,8,58,0.4915254237288136,0.8939393939393939,0.9830508474576272,1,60,2,0,False,1,0.03333333333333333,0,0,9,3,False
8,6,46,52,6,0.11538461538461539,5.75,0.4330127018922193,6,5.75,2.222048604328897,7,0,2,1.3333333333333333,0.4714045207910317,4,20,0.43478260869565216,0.8214285714285714,0.8695652173913043,1,26,6,0,False,1,0.23076923076923078,0,0,6,1,False
6,4,25,26,1,0.038461538461538464,4.166666666666667,0.372677996249965,5,4.166666666666667,0.6871842709362768,5,0,2,1.5,0.5,2,12,0.48,0.8333333333333334,0.96,1,13,1,0,False,1,0.07692307692307693,0,0,4,7,False
2,2,2,2,0,0.0,1.0,0.0,1,1.0,0.0,1,0,1,1.0,0.0,2,1,0.5,1.0,1.0,1,0,0,0,False,0,,0,0,2,2,False
3,2,4,4,0,0.0,1.3333333333333333,0.4714045207910317,2,1.3333333333333333,0.4714045207910317,2,0,2,1.5,0.5,1,2,0.5,0.6666666666666666,1.0,1,2,0,0,False,0,0.0,0,0,2,1,False
3,3,6,6,0,0.0,2.0,0.0,2,2.0,0.0,2,0,1,1.0,0.0,3,3,0.5,1.0,1.0,1,3,0,0,False,0,0.0,0,0,3,5,False
8,3,23,38,15,0.39473684210526316,2.875,1.6153559979150107,7,2.875,1.7633419974582356,7,0,4,2.6666666666666665,1.247219128924647,1,11,0.4782608695652174,0.4107142857142857,0.9565217391304348,1,19,15,1,True,2,0.7894736842105263,0,0,3,4,False
5,5,20,20,0,0.0,4.0,0.0,4,4.0,0.0,4,0,1,1.0,0.0,5,10,0.5,1.0,1.0,1,10,0,0,False,0,0.0,0,0,5,1,False
16,10,202,226,24,0.10619469026548672,12.625,1.3635890143294642,15,12.625,3.7228181529588578,15,0,3,1.6,0.66332495807108,5,91,0.4504950495049505,0.8416666666666667,0.900990099009901,1,113,24,0,False,1,0.21238938053097345,0,0,10,2,False
12,10,122,128,6,0.046875,10.166666666666666,0.6871842709362768,11,10.166666666666666,1.9075871903765993,11,0,2,1.2,0.4,8,58,0.47540983606557374,0.9242424242424242,0.9508196721311475,1,64,6,0,False,1,0.09375,0,0,10,5,False
6,4,21,26,5,0.19230769230769232,3.5,0.7637626158259734,5,3.5,1.5,5,0,2,1.5,0.5,2,8,0.38095238095238093,0.7,0.7619047619047619,1,13,5,1,True,2,0.38461538461538464,0,0,4,6,False
5,3,14,14,0,0.0,2.8,0.9797958971132712,4,2.8,0.9797958971132712,4,0,3,1.6666666666666667,0.9428090415820634,2,7,0.5,0.7,1.0,1,7,0,0,False,0,0.0,0,0,3,6,False
11,8,83,104,21,0.20192307692307693,7.545454545454546,1.1570838237598051,10,7.545454545454546,2.270908363053963,10,0,2,1.375,0.4841229182759271,5,37,0.4457831325301205,0.7545454545454545,0.891566265060241,1,52,21,0,False,1,0.40384615384615385,0,0,8,3,False
15,7,103,176,73,0.4147727272727273,6.866666666666666,0.49888765156985887,8,6.866666666666666,5.874994089831542,14,0,5,2.142857142857143,1.5518257844571735,4,28,0.27184466019417475,0.49047619047619045,0.5436893203883495,3,88,73,4,True,2,0.8295454545454546,1,0,7,5,True
16,9,159,224,65,0.29017857142857145,9.9375,2.4866832830097203,15,9.9375,4.084555514373626,15,0,3,1.7777777777777777,0.6285393610547089,3,57,0.3584905660377358,0.6625,0.7169811320754716,1,112,65,15,True,2,0.5803571428571429,0,0,9,8,False
10,8,78,86,8,0.09302325581395349,7.8,0.39999999999999997,8,7.8,2.638181191654584,9,0,2,1.25,0.4330127018922193,6,35,0.44871794871794873,0.8666666666666667,0.8974358974358975,1,43,8,0,False,1,0.18604651162790697,0,0,8,6,False
6,3,12,18,6,0.3333333333333333,2.0,0.0,2,2.0,2.23606797749979,5,0,4,2.0,1.4142135623730951,2,3,0.25,0.4,0.5,1,9,6,0,False,1,0.6666666666666666,0,0,3,7,False
3,2,4,4,0,0.0,1.3333333333333333,0.4714045207910317,2,1.3333333333333333,0.4714045207910317,2,0,2,1.5,0.5,1,2,0.5,0.6666666666666666,1.0,1,2,0,0,False,0,0.0,0,0,2,6,False
4,4,12,12,0,0.0,3.0,0.0,3,3.0,0.0,3,0,1,1.0,0.0,4,6,0.5,1.0,1.0,1,6,0,0,False,0,0.0,0,0,4,2,False
11,8,98,98,0,0.0,8.909090909090908,1.4431370787625042,10,8.909090909090908,1.4431370787625042,10,0,4,1.375,0.9921567416492215,7,49,0.5,0.8909090909090909,1.0,1,49,0,0,False,0,0.0,0,0,8,6,False
4,4,12,12,0,0.0,3.0,0.0,3,3.0,0.0,3,0,1,1.0,0.0,4,6,0.5,1.0,1.0,1,6,0,0,False,0,0.0,0,0,4,2,False
4,4,12,12,0,0.0,3.0,0.0,3,3.0,0.0,3,0,1,1.0,0.0,4,6,0.5,1.0,1.0,1,6,0,0,False,0,0.0,0,0,4,3,False
13,7,119,144,25,0.1736111111111111,9.153846153846153,1.166596222161777,12,9.153846153846153,3.254491661739412,12,0,2,1.8571428571428572,0.3499271061118826,1,49,0.4117647058823529,0.7628205128205128,0.8235294117647058,1,72,25,1,True,2,0.3472222222222222,0,0,7,8,False
18,10,220,276,56,0.2028985507246377,12.222222222222221,2.249828525701843,17,12.222222222222221,4.836844191039759,17,0,5,1.8,1.2489995996796797,6,94,0.42727272727272725,0.7189542483660131,0.8545454545454545,1,138,56,7,True,3,0.4057971014492754,2,0,10,5,True
7,5,31,38,7,0.18421052631578946,4.428571428571429,0.7284313590846836,6,4.428571428571429,1.761261143705422,6,0,2,1.4,0.4898979485566356,3,13,0.41935483870967744,0.7380952380952381,0.8387096774193549,1,19,7,1,True,2,0.3684210526315789,0,0,5,7,False
8,4,37,46,9,0.1956521739130435,4.625,0.8569568250501305,6,4.625,1.4947825928876748,7,0,3,2.0,0.7071067811865476,1,17,0.4594594594594595,0.6607142857142857,0.918918918918919,1,23,9,0,False,1,0.391304347826087,0,0,4,1,False
19,8,192,302,110,0.36423841059602646,10.105263157894736,1.483052926695302,13,10.105263157894736,4.733917225635549,18,0,5,2.375,1.3169567191065923,3,77,0.4010416666666667,0.5614035087719298,0.8020833333333334,1,151,110,7,True,2,0.7284768211920529,0,0,8,4,False
12,5,62,108,46,0.42592592592592593,5.166666666666667,1.343709624716425,8,5.166666666666667,3.3623735003053357,11,0,4,2.4,1.2000000000000002,2,22,0.3548387096774194,0.4696969696969697,0.7096774193548387,1,54,46,5,True,2,0.8518518518518519,0,0,5,5,False
16,10,214,228,14,0.06140350877192982,13.375,0.9270248108869579,15,13.375,1.3169567191065923,15,0,2,1.6,0.48989794855663565,4,104,0.48598130841121495,0.8916666666666667,0.9719626168224299,1,114,14,0,False,1,0.12280701754385964,0,0,10,4,False
25,9,478,538,60,0.11152416356877323,19.12,2.984225192575118,24,19.12,2.984225192575118,24,0,5,2.7777777777777777,1.3966450099973926,3,239,0.5,0.7966666666666666,1.0,1,269,60,0,False,1,0.22304832713754646,0,0,9,1,False
6,3,16,24,8,0.3333333333333333,2.6666666666666665,0.7453559924999298,4,2.6666666666666665,1.3743685418725535,4,0,2,2.0,0.0,0,5,0.3125,0.5333333333333333,0.625,1,12,8,1,True,2,0.6666666666666666,0,0,3,5,False
11,4,43,90,47,0.5222222222222223,3.909090909090909,1.2398346997259868,7,3.909090909090909,2.108620637226037,9,0,3,2.75,0.4330127018922193,0,18,0.4186046511627907,0.39090909090909093,0.8372093023255814,1,45,47,5,True,2,1.0444444444444445,2,0,4,2,True
15,10,178,198,20,0.10101010101010101,11.866666666666667,0.8844332774281066,14,11.866666666666667,3.2427697352040825,14,0,3,1.5,0.6708203932499369,6,82,0.4606741573033708,0.8476190476190476,0.9213483146067416,1,99,20,0,False,1,0.20202020202020202,0,0,10,3,False
7,6,36,40,4,0.1,5.142857142857143,0.3499271061118826,6,5.142857142857143,1.7261494247992246,6,0,2,1.1666666666666667,0.3726779962499649,5,16,0.4444444444444444,0.8571428571428571,0.8888888888888888,1,20,4,0,False,1,0.2,0,0,6,3,False
7,5,32,36,4,0.1111111111111111,4.571428571428571,0.4948716593053935,5,4.571428571428571,2.0603150145508513,6,0,3,1.4,0.8000000000000002,4,14,0.4375,0.7619047619047619,0.875,1,18,4,0,False,1,0.2222222222222222,0,0,5,3,False
12,9,109,126,17,0.1349206349206349,9.083333333333334,1.114924013354971,11,9.083333333333334,2.3258809561588105,11,0,2,1.3333333333333333,0.4714045207910317,6,52,0.47706422018348627,0.8257575757575758,0.9541284403669725,1,63,17,0,False,1,0.2698412698412698,0,0,9,3,False
7,2,9,24,15,0.625,1.2857142857142858,0.6998542122237652,3,1.2857142857142858,1.4846149779161806,4,0,4,3.5,0.5,0,3,0.3333333333333333,0.21428571428571427,0.6666666666666666,1,12,15,3,True,2,1.25,0,0,2,7,False
14,10,170,174,4,0.022988505747126436,12.142857142857142,0.8329931278350428,13,12.142857142857142,0.8329931278350428,13,0,2,1.4,0.48989794855663565,6,85,0.5,0.9340659340659341,1.0,1,87,4,0,False,1,0.04597701149425287,0,0,10,2,False
13,4,60,118,58,0.4915254237288136,4.615384615384615,2.3709284626803755,12,4.615384615384615,2.646869312936193,12,0,5,3.25,1.479019945774904,1,24,0.4,0.38461538461538464,0.8,1,59,58,7,True,3,0.9830508474576272,0,0,4,5,False
12,9,118,126,8,0.06349206349206349,9.833333333333334,0.6871842709362768,11,9.833333333333334,1.9507833184532708,11,0,2,1.3333333333333333,0.4714045207910317,6,56,0.4745762711864407,0.8939393939393939,0.9491525423728814,1,63,8,0,False,1,0.12698412698412698,0,0,9,5,False
16,8,163,206,43,0.2087378640776699,10.1875,3.376735664810025,15,10.1875,3.9086242784386425,15,0,5,2.0,1.5,5,66,0.4049079754601227,0.6791666666666667,0.8098159509202454,1,103,43,5,True,2,0.4174757281553398,0,0,8,3,False
42,8,500,1502,1002,0.6671105193075899,11.904761904761905,3.617480863868324,20,11.904761904761905,8.725467715146998,41,0,8,5.25,2.277608394786075,1,200,0.4,0.29036004645760743,0.8,1,751,1002,16,True,2,1.3342210386151798,0,0,8,8,False
7,3,20,28,8,0.2857142857142857,2.857142857142857,0.8329931278350429,4,2.857142857142857,1.6413036132965795,6,0,4,2.3333333333333335,1.247219128924647,1,9,0.45,0.47619047619047616,0.9,1,14,8,0,False,1,0.5714285714285714,0,0,3,4,False
34,9,449,990,541,0.5464646464646464,13.205882352941176,4.738946344573591,23,13.205882352941176,5.914983027993681,23,0,8,3.7777777777777777,2.042752923427804,0,206,0.45879732739420936,0.4001782531194296,0.9175946547884187,1,495,541,25,True,3,1.0929292929292929,0,0,9,2,False
10,8,82,86,4,0.046511627906976744,8.2,0.4,9,8.2,1.16619037896906,9,0,2,1.25,0.4330127018922193,6,39,0.47560975609756095,0.9111111111111111,0.9512195121951219,1,43,4,0,False,1,0.09302325581395349,0,0,8,4,False
15,9,162,198,36,0.18181818181818182,10.8,1.4696938456699067,14,10.8,2.785677655436824,14,0,2,1.6666666666666667,0.4714045207910317,3,75,0.46296296296296297,0.7714285714285715,0.9259259259259259,1,99,36,2,True,2,0.36363636363636365,0,0,9,2,False
4,4,12,12,0,0.0,3.0,0.0,3,3.0,0.0,3,0,1,1.0,0.0,4,6,0.5,1.0,1.0,1,6,0,0,False,0,0.0,0,0,4,8,False
9,8,70,70,0,0.0,7.777777777777778,0.41573970964154905,8,7.777777777777778,0.41573970964154905,8,0,2,1.125,0.33071891388307384,7,35,0.5,0.9722222222222222,1.0,1,35,0,0,False,0,0.0,0,0,8,5,False
20,9,223,346,123,0.3554913294797688,11.15,0.8529361054615991,13,11.15,6.8794985282359065,19,0,4,2.2222222222222223,1.0304020550550783,2,79,0.3542600896860987,0.5868421052631579,0.7085201793721974,3,173,123,16,True,2,0.7109826589595376,0,0,9,7,False
10,9,88,88,0,0.0,8.8,0.4,9,8.8,0.4,9,0,2,1.1111111111111112,0.3142696805273545,8,44,0.5,0.9777777777777777,1.0,1,44,0,0,False,0,0.0,0,0,9,8,False
13,4,81,120,39,0.325,6.230769230769231,2.1178307535286467,12,6.230769230769231,3.6826797549494836,12,0,4,3.25,1.299038105676658,1,23,0.2839506172839506,0.5192307692307693,0.5679012345679012,1,60,39,9,True,2,0.65,0,0,4,8,False
3,3,6,6,0,0.0,2.0,0.0,2,2.0,0.0,2,0,1,1.0,0.0,3,3,0.5,1.0,1.0,1,3,0,0,False,0,0.0,0,0,3,1,False
11,5,59,96,37,0.3854166666666667,5.363636363636363,1.610913195151759,9,5.363636363636363,3.3917742011232055,9,0,3,2.2,0.39999999999999997,0,11,0.1864406779661017,0.5363636363636364,0.3728813559322034,1,48,37,10,True,2,0.7708333333333334,0,0,5,7,False
4,3,9,10,1,0.1,2.25,0.4330127018922193,3,2.25,0.82915619758885,3,0,2,1.3333333333333333,0.4714045207910317,2,4,0.4444444444444444,0.75,0.8888888888888888,1,5,1,0,False,1,0.2,0,0,3,8,False
11,4,62,84,22,0.2619047619047619,5.636363636363637,2.307014098263549,10,5.636363636363637,2.3460887091934435,10,0,4,2.75,1.299038105676658,1,30,0.4838709677419355,0.5636363636363636,0.967741935483871,1,42,22,1,True,2,0.5238095238095238,0,0,4,3,False
22,8,327,404,77,0.1905940594059406,14.863636363636363,2.4917218315755902,19,14.863636363636363,4.957046908148719,21,0,6,2.75,1.5612494995995996,2,146,0.44648318042813456,0.7077922077922078,0.8929663608562691,1,202,77,0,False,1,0.3811881188118812,0,0,8,5,False
15,9,185,196,11,0.05612244897959184,12.333333333333334,0.5962847939999439,14,12.333333333333334,2.1186998109427604,14,0,3,1.6666666666666667,0.6666666666666666,4,89,0.4810810810810811,0.8809523809523809,0.9621621621621622,1,98,11,0,False,1,0.11224489795918367,0,0,9,2,False
5,2,10,12,2,0.16666666666666666,2.0,0.6324555320336759,3,2.0,0.6324555320336759,3,0,3,2.5,0.5,0,5,0.5,0.5,1.0,1,6,2,0,False,1,0.3333333333333333,0,0,2,5,False
11,7,72,102,30,0.29411764705882354,6.545454545454546,0.49792959773196915,7,6.545454545454546,2.709029895591153,10,0,2,1.5714285714285714,0.4948716593053935,3,27,0.375,0.6545454545454545,0.75,1,51,30,3,True,2,0.5882352941176471,0,0,7,8,False
2,2,2,2,0,0.0,1.0,0.0,1,1.0,0.0,1,0,1,1.0,0.0,2,1,0.5,1.0,1.0,1,0,0,0,False,0,,0,0,2,1,False
24,10,254,510,256,0.5019607843137255,10.583333333333334,2.1778557242286634,20,10.583333333333334,3.3530665897884515,19,0,5,2.4,0.9165151389911681,0,116,0.4566929133858268,0.4601449275362319,0.9133858267716536,1,255,256,18,True,2,1.003921568627451,0,0,10,6,False
2,2,2,2,0,0.0,1.0,0.0,1,1.0,0.0,1,0,1,1.0,0.0,2,1,0.5,1.0,1.0,1,0,0,0,False,0,,0,0,2,7,False
9,6,52,64,12,0.1875,5.777777777777778,0.7856742013183862,7,5.777777777777778,2.199887763691481,8,0,3,1.5,0.7637626158259734,4,23,0.4423076923076923,0.7222222222222222,0.8846153846153846,1,32,12,0,False,1,0.375,0,0,6,3,False
2,2,2,2,0,0.0,1.0,0.0,1,1.0,0.0,1,0,1,1.0,0.0,2,1,0.5,1.0,1.0,1,0,0,0,False,0,,0,0,2,3,False
9,4,34,60,26,0.43333333333333335,3.7777777777777777,0.7856742013183862,5,3.7777777777777777,1.8724777273725242,7,0,3,2.25,0.4330127018922193,0,14,0.4117647058823529,0.4722222222222222,0.8235294117647058,2,30,26,4,True,2,0.8666666666666667,0,0,4,8,False
4,4,12,12,0,0.0,3.0,0.0,3,3.0,0.0,3,0,1,1.0,0.0,4,6,0.5,1.0,1.0,1,6,0,0,False,0,0.0,0,0,4,1,False
11,3,29,76,47,0.618421052631579,2.6363636363636362,1.4316377952748747,7,2.6363636363636362,2.2672661660618045,9,0,5,3.6666666666666665,1.247219128924647,0,8,0.27586206896551724,0.2636363636363636,0.5517241379310345,4,38,47,8,True,3,1.236842105263158,0,0,3,2,False
15,6,119,180,61,0.3388888888888889,7.933333333333334,1.569146972791976,11,7.933333333333334,3.3559234529741917,14,0,4,2.5,1.118033988749895,2,50,0.42016806722689076,0.5666666666666667,0.8403361344537815,1,90,61,3,True,2,0.6777777777777778,0,0,6,5,False
10,8,82,84,2,0.023809523809523808,8.2,0.9797958971132712,9,8.2,1.2489995996796797,9,0,3,1.25,0.6614378277661477,7,40,0.4878048780487805,0.9111111111111111,0.975609756097561,1,42,2,0,False,1,0.047619047619047616,0,0,8,2,False
9,8,65,70,5,0.07142857142857142,7.222222222222222,0.41573970964154905,8,7.222222222222222,1.872477727372524,8,0,2,1.125,0.33071891388307384,7,30,0.46153846153846156,0.9027777777777778,0.9230769230769231,1,35,5,0,False,1,0.14285714285714285,0,0,8,6,False
7,2,11,24,13,0.5416666666666666,1.5714285714285714,0.7284313590846836,3,1.5714285714285714,0.9035079029052512,3,0,4,3.5,0.5,0,5,0.45454545454545453,0.2619047619047619,0.9090909090909091,1,12,13,1,True,2,1.0833333333333333,0,0,2,2,False
12,10,128,128,0,0.0,10.666666666666666,0.4714045207910317,11,10.666666666666666,0.4714045207910317,11,0,2,1.2,0.4,8,64,0.5,0.9696969696969697,1.0,1,64,0,0,False,0,0.0,0,0,10,1,False
6,6,30,30,0,0.0,5.0,0.0,5,5.0,0.0,5,0,1,1.0,0.0,6,15,0.5,1.0,1.0,1,15,0,0,False,0,0.0,0,0,6,2,False
12,10,128,128,0,0.0,10.666666666666666,0.4714045207910317,11,10.666666666666666,0.4714045207910317,11,0,2,1.2,0.4,8,64,0.5,0.9696969696969697,1.0,1,64,0,0,False,0,0.0,0,0,10,3,False
8,4,33,44,11,0.25,4.125,0.9270248108869579,5,4.125,2.5708704751503917,7,0,3,2.0,1.0,2,11,0.3333333333333333,0.5892857142857143,0.6666666666666666,1,22,11,0,False,1,0.5,0,0,4,4,False
11,7,85,102,17,0.16666666666666666,7.7272727272727275,0.44536177141512334,8,7.7272727272727275,2.831347545890443,10,0,2,1.5714285714285714,0.4948716593053935,3,36,0.4235294117647059,0.7727272727272727,0.8470588235294118,1,51,17,1,True,2,0.3333333333333333,0,0,7,5,False
10,8,80,86,6,0.06976744186046512,8.0,1.0,9,8.0,1.2649110640673518,9,0,2,1.25,0.4330127018922193,6,39,0.4875,0.8888888888888888,0.975,1,43,6,0,False,1,0.13953488372093023,0,0,8,2,False
32,8,354,868,514,0.5921658986175116,11.0625,3.1616599674854347,19,11.0625,6.056698254824983,23,0,7,4.0,1.8708286933869707,0,112,0.3163841807909605,0.35685483870967744,0.632768361581921,1,434,514,63,True,3,1.1843317972350231,8,0,8,8,True
10,6,61,82,21,0.25609756097560976,6.1,1.3,9,6.1,2.071231517720798,9,0,2,1.6666666666666667,0.4714045207910317,2,23,0.3770491803278688,0.6777777777777778,0.7540983606557377,1,41,21,4,True,2,0.5121951219512195,0,0,6,7,False
10,5,62,72,10,0.1388888888888889,6.2,0.8717797887081347,7,6.2,2.2271057451320084,9,0,4,2.0,1.2649110640673518,3,28,0.45161290322580644,0.6888888888888889,0.9032258064516129,1,36,10,0,False,1,0.2777777777777778,0,0,5,6,False
11,7,81,102,21,0.20588235294117646,7.363636363636363,1.4316377952748747,10,7.363636363636363,2.2268088570756164,10,0,2,1.5714285714285714,0.4948716593053935,3,34,0.41975308641975306,0.7363636363636363,0.8395061728395061,1,51,21,5,True,2,0.4117647058823529,0,0,7,4,False
3,3,6,6,0,0.0,2.0,0.0,2,2.0,0.0,2,0,1,1.0,0.0,3,3,0.5,1.0,1.0,1,3,0,0,False,0,0.0,0,0,3,5,False
62,9,1138,3388,2250,0.6641086186540732,18.35483870967742,7.253690438251789,39,18.35483870967742,9.05199456579304,37,0,10,6.888888888888889,1.7916128329552332,0,306,0.2688927943760984,0.3008989952406134,0.5377855887521968,1,1694,2250,129,True,4,1.3282172373081464,29,0,9,8,True
4,4,12,12,0,0.0,3.0,0.0,3,3.0,0.0,3,0,1,1.0,0.0,4,6,0.5,1.0,1.0,1,6,0,0,False,0,0.0,0,0,4,7,False
17,7,178,246,68,0.2764227642276423,10.470588235294118,2.3792645195478452,14,10.470588235294118,4.146120043930846,15,0,3,2.4285714285714284,0.49487165930539345,0,62,0.34831460674157305,0.6544117647058824,0.6966292134831461,1,123,68,21,True,2,0.5528455284552846,0,0,7,7,False
6,5,28,28,0,0.0,4.666666666666667,0.4714045207910317,5,4.666666666666667,0.4714045207910317,5,0,2,1.2,0.4000000000000001,4,14,0.5,0.9333333333333333,1.0,1,14,0,0,False,0,0.0,0,0,5,1,False
3,3,6,6,0,0.0,2.0,0.0,2,2.0,0.0,2,0,1,1.0,0.0,3,3,0.5,1.0,1.0,1,3,0,0,False,0,0.0,0,0,3,6,False
3,2,3,4,1,0.25,1.0,0.0,1,1.0,0.816496580927726,2,0,2,1.5,0.5,1,1,0.3333333333333333,0.5,0.6666666666666666,1,2,1,0,False,1,0.5,0,0,2,5,False
4,4,12,12,0,0.0,3.0,0.0,3,3.0,0.0,3,0,1,1.0,0.0,4,6,0.5,1.0,1.0,1,6,0,0,False,0,0.0,0,0,4,8,False
17,6,146,234,88,0.37606837606837606,8.588235294117647,3.0497603286625226,14,8.588235294117647,3.6951291234210375,15,0,5,2.8333333333333335,1.0671873729054748,0,62,0.4246575342465753,0.5367647058823529,0.8493150684931506,1,117,88,4,True,2,0.7521367521367521,0,0,6,6,False
3,3,6,6,0,0.0,2.0,0.0,2,2.0,0.0,2,0,1,1.0,0.0,3,3,0.5,1.0,1.0,1,3,0,0,False,0,0.0,0,0,3,2,False
7,5,28,36,8,0.2222222222222222,4.0,0.0,4,4.0,2.6186146828319083,6,0,3,1.4,0.8000000000000002,4,10,0.35714285714285715,0.6666666666666666,0.7142857142857143,1,18,8,0,False,1,0.4444444444444444,0,0,5,8,False
15,3,37,144,107,0.7430555555555556,2.466666666666667,0.618241233033047,4,2.466666666666667,1.0241527663824812,4,0,7,5.0,1.4142135623730951,0,17,0.4594594594594595,0.1761904761904762,0.918918918918919,4,72,107,3,True,2,1.4861111111111112,0,0,3,3,False
11,8,97,104,7,0.0673076923076923,8.818181818181818,0.8331955809010617,10,8.818181818181818,1.1922615498730909,10,0,2,1.375,0.4841229182759271,5,47,0.4845360824742268,0.8818181818181818,0.9690721649484536,1,52,7,0,False,1,0.1346153846153846,0,0,8,4,False
3,3,6,6,0,0.0,2.0,0.0,2,2.0,0.0,2,0,1,1.0,0.0,3,3,0.5,1.0,1.0,1,3,0,0,False,0,0.0,0,0,3,3,False
23,9,373,458,85,0.185589519650655,16.217391304347824,2.3022960512823873,22,16.217391304347824,3.425689670189949,22,0,5,2.5555555555555554,1.1653431646335017,2,165,0.44235924932975873,0.7371541501976284,0.8847184986595175,1,229,85,3,True,2,0.37117903930131,0,0,9,3,False
39,7,368,1278,910,0.7120500782472613,9.435897435897436,3.914436605464259,24,9.435897435897436,3.760761459958791,16,0,8,5.571428571428571,1.9166296949998198,0,154,0.41847826086956524,0.2483130904183536,0.8369565217391305,1,639,910,31,True,4,1.4241001564945226,6,0,7,5,True
14,10,152,174,22,0.12643678160919541,10.857142857142858,0.8329931278350429,12,10.857142857142858,3.1134992453861954,13,0,2,1.4,0.48989794855663565,6,67,0.4407894736842105,0.8351648351648352,0.881578947368421,1,87,22,4,True,2,0.25287356321839083,0,0,10,6,False
13,4,60,120,60,0.5,4.615384615384615,1.4432048491764398,7,4.615384615384615,2.869962785565789,9,0,5,3.25,1.299038105676658,0,22,0.36666666666666664,0.38461538461538464,0.7333333333333333,1,60,60,8,True,3,1.0,0,0,4,5,False
7,3,19,32,13,0.40625,2.7142857142857144,1.0301575072754257,5,2.7142857142857144,0.6998542122237652,4,0,3,2.3333333333333335,0.4714045207910317,0,8,0.42105263157894735,0.4523809523809524,0.8421052631578947,2,16,13,0,False,1,0.8125,0,0,3,1,False
25,6,224,508,284,0.5590551181102362,8.96,5.414646802885669,20,8.96,4.943521012395921,19,0,7,4.166666666666667,1.462494064565354,0,45,0.20089285714285715,0.37333333333333335,0.4017857142857143,2,254,284,38,True,2,1.1181102362204725,0,0,6,4,False
9,8,68,70,2,0.02857142857142857,7.555555555555555,0.49690399499995325,8,7.555555555555555,0.9558139185602919,8,0,2,1.125,0.33071891388307384,7,33,0.4852941176470588,0.9444444444444444,0.9705882352941176,1,35,2,0,False,1,0.05714285714285714,0,0,8,7,False
10,3,58,66,8,0.12121212121212122,5.8,0.6,7,5.8,0.6,7,0,4,3.3333333333333335,0.4714045207910317,0,28,0.4827586206896552,0.6444444444444445,0.9655172413793104,1,33,8,0,False,1,0.24242424242424243,0,0,3,3,False
3,3,6,6,0,0.0,2.0,0.0,2,2.0,0.0,2,0,1,1.0,0.0,3,3,0.5,1.0,1.0,1,3,0,0,False,0,0.0,0,0,3,3,False
9,8,63,70,7,0.1,7.0,0.0,7,7.0,1.8856180831641267,8,0,2,1.125,0.33071891388307384,7,28,0.4444444444444444,0.875,0.8888888888888888,1,35,7,0,False,1,0.2,0,0,8,6,False
3,2,3,4,1,0.25,1.0,0.0,1,1.0,0.816496580927726,2,0,2,1.5,0.5,1,1,0.3333333333333333,0.5,0.6666666666666666,1,2,1,0,False,1,0.5,0,0,2,8,False
16,9,183,220,37,0.16818181818181818,11.4375,2.6918569334197535,15,11.4375,3.390588997504711,15,0,3,1.7777777777777777,0.9162456945817024,5,86,0.46994535519125685,0.7625,0.9398907103825137,1,110,37,9,True,2,0.33636363636363636,0,0,9,8,False
14,6,80,162,82,0.5061728395061729,5.714285714285714,0.45175395145262565,6,5.714285714285714,0.45175395145262565,6,0,3,2.3333333333333335,0.4714045207910317,0,40,0.5,0.43956043956043955,1.0,2,81,82,0,False,1,1.0123456790123457,0,0,6,1,False
11,5,65,92,27,0.29347826086956524,5.909090909090909,2.0205555246266247,10,5.909090909090909,2.391444806902892,10,0,4,2.2,0.9797958971132712,1,29,0.4461538461538462,0.5909090909090909,0.8923076923076924,1,46,27,3,True,2,0.5869565217391305,0,0,5,3,False
11,8,99,104,5,0.04807692307692308,9.0,0.8528028654224418,10,9.0,1.044465935734187,10,0,2,1.375,0.4841229182759271,5,49,0.494949494949495,0.9,0.98989898989899,1,52,5,0,False,1,0.09615384615384616,0,0,8,6,False
7,7,42,42,0,0.0,6.0,0.0,6,6.0,0.0,6,0,1,1.0,0.0,7,21,0.5,1.0,1.0,1,21,0,0,False,0,0.0,0,0,7,7,False
13,9,148,148,0,0.0,11.384615384615385,0.4865042554105198,12,11.384615384615385,0.4865042554105198,12,0,2,1.4444444444444444,0.4969039949999533,5,74,0.5,0.9487179487179487,1.0,1,74,0,0,False,0,0.0,0,0,9,6,False
4,4,12,12,0,0.0,3.0,0.0,3,3.0,0.0,3,0,1,1.0,0.0,4,6,0.5,1.0,1.0,1,6,0,0,False,0,0.0,0,0,4,5,False
2,2,2,2,0,0.0,1.0,0.0,1,1.0,0.0,1,0,1,1.0,0.0,2,1,0.5,1.0,1.0,1,0,0,0,False,0,,0,0,2,8,False
12,8,112,124,12,0.0967741935483871,9.333333333333334,1.1055415967851332,11,9.333333333333334,2.357022603955158,11,0,2,1.5,0.5,4,52,0.4642857142857143,0.8484848484848485,0.9285714285714286,1,62,12,0,False,1,0.1935483870967742,0,0,8,2,False
8,7,53,54,1,0.018518518518518517,6.625,0.4841229182759271,7,6.625,0.6959705453537527,7,0,2,1.1428571428571428,0.3499271061118826,6,26,0.49056603773584906,0.9464285714285714,0.9811320754716981,1,27,1,0,False,1,0.037037037037037035,0,0,7,4,False
8,6,48,52,4,0.07692307692307693,6.0,0.7071067811865476,7,6.0,1.5811388300841898,7,0,2,1.3333333333333333,0.4714045207910317,4,22,0.4583333333333333,0.8571428571428571,0.9166666666666666,1,26,4,0,False,1,0.15384615384615385,0,0,6,3,False
11,4,61,90,29,0.32222222222222224,5.545454545454546,1.304790917673393,9,5.545454545454546,2.7090298955911525,9,0,3,2.75,0.4330127018922193,0,20,0.32786885245901637,0.5545454545454546,0.6557377049180327,1,45,29,7,True,4,0.6444444444444445,0,0,4,7,False
14,9,155,166,11,0.06626506024096386,11.071428571428571,1.222660197758835,13,11.071428571428571,2.631248636627695,13,0,4,1.5555555555555556,0.9558139185602919,6,72,0.4645161290322581,0.8516483516483516,0.9290322580645162,1,83,11,0,False,1,0.13253012048192772,0,0,9,6,False
2,2,2,2,0,0.0,1.0,0.0,1,1.0,0.0,1,0,1,1.0,0.0,2,1,0.5,1.0,1.0,1,0,0,0,False,0,,0,0,2,7,False
18,8,247,264,17,0.06439393939393939,13.722222222222221,2.2804861946415325,17,13.722222222222221,2.352435039971126,17,0,6,2.25,1.5612494995995996,3,121,0.4898785425101215,0.8071895424836601,0.979757085020243,1,132,17,1,True,2,0.12878787878787878,0,0,8,1,False
13,9,142,146,4,0.0273972602739726,10.923076923076923,0.9970370305242863,12,10.923076923076923,0.9970370305242863,12,0,3,1.4444444444444444,0.6849348892187752,6,71,0.5,0.9102564102564102,1.0,1,73,4,0,False,1,0.0547945205479452,0,0,9,1,False
6,6,30,30,0,0.0,5.0,0.0,5,5.0,0.0,5,0,1,1.0,0.0,6,15,0.5,1.0,1.0,1,15,0,0,False,0,0.0,0,0,6,2,False
10,9,88,88,0,0.0,8.8,0.4,9,8.8,0.4,9,0,2,1.1111111111111112,0.3142696805273545,8,44,0.5,0.9777777777777777,1.0,1,44,0,0,False,0,0.0,0,0,9,6,False
9,4,31,58,27,0.46551724137931033,3.4444444444444446,0.49690399499995325,4,3.4444444444444446,2.671292284482513,8,0,3,2.25,0.82915619758885,1,11,0.3548387096774194,0.4305555555555556,0.7096774193548387,2,29,27,5,True,2,0.9310344827586207,0,0,4,4,False
19,3,53,240,187,0.7791666666666667,2.789473684210526,0.6942582083301536,4,2.789473684210526,1.2388002416778756,5,0,7,6.333333333333333,0.4714045207910317,0,22,0.41509433962264153,0.15497076023391812,0.8301886792452831,5,120,187,4,True,3,1.5583333333333333,0,0,3,2,False
14,10,174,174,0,0.0,12.428571428571429,0.4948716593053934,13,12.428571428571429,0.4948716593053934,13,0,2,1.4,0.48989794855663565,6,87,0.5,0.9560439560439561,1.0,1,87,0,0,False,0,0.0,0,0,10,2,False
2,2,2,2,0,0.0,1.0,0.0,1,1.0,0.0,1,0,1,1.0,0.0,2,1,0.5,1.0,1.0,1,0,0,0,False,0,,0,0,2,8,False
4,2,5,8,3,0.375,1.25,0.4330127018922193,2,1.25,0.4330127018922193,2,0,2,2.0,0.0,0,2,0.4,0.4166666666666667,0.8,2,4,3,0,False,1,0.75,0,0,2,3,False
6,6,30,30,0,0.0,5.0,0.0,5,5.0,0.0,5,0,1,1.0,0.0,6,15,0.5,1.0,1.0,1,15,0,0,False,0,0.0,0,0,6,5,False
18,8,163,262,99,0.37786259541984735,9.055555555555555,0.5241100628920335,10,9.055555555555555,7.106118038721768,17,0,5,2.25,1.6393596310755,4,51,0.3128834355828221,0.5326797385620915,0.6257668711656442,4,131,99,1,True,2,0.7557251908396947,0,0,8,3,False
2,2,2,2,0,0.0,1.0,0.0,1,1.0,0.0,1,0,1,1.0,0.0,2,1,0.5,1.0,1.0,1,0,0,0,False,0,,0,0,2,5,False
15,7,154,188,34,0.18085106382978725,10.266666666666667,2.0154955277107964,14,10.266666666666667,2.644911256650316,14,0,4,2.142857142857143,0.8329931278350428,1,67,0.43506493506493504,0.7333333333333333,0.8701298701298701,1,94,34,3,True,2,0.3617021276595745,0,0,7,4,False
8,7,50,54,4,0.07407407407407407,6.25,0.4330127018922193,7,6.25,1.6393596310755,7,0,2,1.1428571428571428,0.34992710611188266,6,23,0.46,0.8928571428571429,0.92,1,27,4,0,False,1,0.14814814814814814,0,0,7,6,False
12,4,65,106,41,0.3867924528301887,5.416666666666667,0.9537935951882996,7,5.416666666666667,2.2157893000513886,8,0,4,3.0,0.7071067811865476,0,29,0.4461538461538462,0.49242424242424243,0.8923076923076924,1,53,41,3,True,2,0.7735849056603774,0,0,4,5,False
6,2,10,16,6,0.375,1.6666666666666667,0.4714045207910317,2,1.6666666666666667,1.3743685418725535,4,0,4,3.0,1.0,0,2,0.2,0.3333333333333333,0.4,1,8,6,1,True,2,0.75,0,0,2,3,False
15,9,168,192,24,0.125,11.2,1.7204650534085253,14,11.2,3.54400902933387,14,0,4,1.6666666666666667,0.9428090415820632,5,72,0.42857142857142855,0.8,0.8571428571428571,1,96,24,0,False,1,0.25,0,0,9,6,False
16,6,103,208,105,0.5048076923076923,6.4375,2.474084426611186,14,6.4375,1.869784412706449,11,0,4,2.6666666666666665,0.9428090415820634,0,50,0.4854368932038835,0.42916666666666664,0.970873786407767,1,104,105,0,False,1,1.0096153846153846,0,0,6,2,False
12,7,101,114,13,0.11403508771929824,8.416666666666666,1.8008485654145259,11,8.416666666666666,2.4986107250941583,11,0,4,1.7142857142857142,1.160576914947994,5,49,0.48514851485148514,0.7651515151515151,0.9702970297029703,1,57,13,0,False,1,0.22807017543859648,0,0,7,1,False
6,3,14,24,10,0.4166666666666667,2.3333333333333335,0.4714045207910317,3,2.3333333333333335,1.1055415967851332,4,0,2,2.0,0.0,0,6,0.42857142857142855,0.4666666666666667,0.8571428571428571,2,12,10,2,True,2,0.8333333333333334,0,0,3,8,False
12,10,118,128,10,0.078125,9.833333333333334,0.372677996249965,10,9.833333333333334,2.9953667926019047,11,0,2,1.2,0.4,8,54,0.4576271186440678,0.8939393939393939,0.9152542372881356,1,64,10,0,False,1,0.15625,0,0,10,4,False
13,4,50,126,76,0.6031746031746031,3.8461538461538463,1.0986812966989001,6,3.8461538461538463,1.2917581249035894,6,0,4,3.25,0.4330127018922193,0,22,0.44,0.32051282051282054,0.88,2,63,76,4,True,3,1.2063492063492063,0,0,4,1,False
14,10,172,172,0,0.0,12.285714285714286,0.7953949089757174,13,12.285714285714286,0.7953949089757174,13,0,3,1.4,0.66332495807108,7,86,0.5,0.945054945054945,1.0,1,86,0,0,False,0,0.0,0,0,10,2,False
11,10,103,108,5,0.046296296296296294,9.363636363636363,0.4810456929208346,10,9.363636363636363,1.7200807207658637,10,0,2,1.1,0.3,9,49,0.47572815533980584,0.9363636363636364,0.9514563106796117,1,54,5,0,False,1,0.09259259259259259,0,0,10,8,False
4,4,12,12,0,0.0,3.0,0.0,3,3.0,0.0,3,0,1,1.0,0.0,4,6,0.5,1.0,1.0,1,6,0,0,False,0,0.0,0,0,4,5,False
10,6,58,78,20,0.2564102564102564,5.8,0.8717797887081347,7,5.8,2.9597297173897488,9,0,3,1.6666666666666667,0.9428090415820634,4,23,0.39655172413793105,0.6444444444444445,0.7931034482758621,1,39,20,2,True,3,0.5128205128205128,0,0,6,5,False
17,10,181,256,75,0.29296875,10.647058823529411,1.9686118271390014,14,10.647058823529411,4.0720160705592425,16,0,3,1.7,0.6403124237432849,4,76,0.4198895027624309,0.6654411764705882,0.8397790055248618,1,128,75,4,True,2,0.5859375,0,0,10,5,False
15,8,131,184,53,0.28804347826086957,8.733333333333333,1.7688665548562132,12,8.733333333333333,4.234251868853444,14,0,4,1.875,1.2686114456365274,5,55,0.4198473282442748,0.6238095238095238,0.8396946564885496,1,92,53,3,True,2,0.5760869565217391,0,0,8,5,False
10,5,47,80,33,0.4125,4.7,0.9,7,4.7,1.676305461424021,8,0,2,2.0,0.0,0,17,0.3617021276595745,0.5222222222222223,0.723404255319149,1,40,33,4,True,2,0.825,0,0,5,8,False
11,9,99,106,7,0.0660377358490566,9.0,0.6030226891555273,10,9.0,2.256304299271065,10,0,2,1.2222222222222223,0.41573970964154905,7,46,0.46464646464646464,0.9,0.9292929292929293,1,53,7,0,False,1,0.1320754716981132,0,0,9,4,False
2,2,2,2,0,0.0,1.0,0.0,1,1.0,0.0,1,0,1,1.0,0.0,2,1,0.5,1.0,1.0,1,0,0,0,False,0,,0,0,2,4,False
24,8,241,502,261,0.5199203187250996,10.041666666666666,2.8792239502260943,16,10.041666666666666,2.3180301742835208,16,0,4,3.0,0.5,0,102,0.42323651452282157,0.4365942028985507,0.8464730290456431,1,251,261,18,True,3,1.0398406374501992,1,0,8,7,True
9,5,36,60,24,0.4,4.0,0.0,4,4.0,3.0550504633038935,8,0,3,1.8,0.9797958971132713,3,12,0.3333333333333333,0.5,0.6666666666666666,3,30,24,0,False,1,0.8,0,0,5,2,False
6,2,6,18,12,0.6666666666666666,1.0,0.0,1,1.0,0.0,1,0,3,3.0,0.0,0,3,0.5,0.2,1.0,3,9,12,0,False,1,1.3333333333333333,0,0,2,1,False
7,3,18,30,12,0.4,2.5714285714285716,1.3997084244475304,6,2.5714285714285716,1.3997084244475304,6,0,3,2.3333333333333335,0.9428090415820634,1,9,0.5,0.42857142857142855,1.0,1,15,12,0,False,1,0.8,0,0,3,1,False
4,4,12,12,0,0.0,3.0,0.0,3,3.0,0.0,3,0,1,1.0,0.0,4,6,0.5,1.0,1.0,1,6,0,0,False,0,0.0,0,0,4,5,False
4,3,10,10,0,0.0,2.5,0.5,3,2.5,0.5,3,0,2,1.3333333333333333,0.4714045207910317,2,5,0.5,0.8333333333333334,1.0,1,5,0,0,False,0,0.0,0,0,3,2,False
19,7,158,276,118,0.427536231884058,8.31578947368421,2.65672199244715,13,8.31578947368421,6.147764947557406,18,0,6,2.7142857142857144,2.1852940772540506,4,58,0.3670886075949367,0.4619883040935672,0.7341772151898734,1,138,118,9,True,2,0.855072463768116,0,0,7,4,False
11,6,93,94,1,0.010638297872340425,8.454545454545455,1.1570838237598051,10,8.454545454545455,1.233150906022776,10,0,4,1.8333333333333333,1.0671873729054748,3,46,0.4946236559139785,0.8454545454545455,0.989247311827957,1,47,1,0,False,1,0.02127659574468085,0,0,6,6,False
8,4,33,42,9,0.21428571428571427,4.125,1.4523687548277813,6,4.125,2.2603926650031405,7,0,4,2.0,1.224744871391589,2,12,0.36363636363636365,0.5892857142857143,0.7272727272727273,1,21,9,3,True,2,0.42857142857142855,0,0,4,4,False
9,9,72,72,0,0.0,8.0,0.0,8,8.0,0.0,8,0,1,1.0,0.0,9,36,0.5,1.0,1.0,1,36,0,0,False,0,0.0,0,0,9,8,False
12,8,101,120,19,0.15833333333333333,8.416666666666666,1.4409680388158819,11,8.416666666666666,2.8710721961587025,11,0,3,1.5,0.8660254037844386,6,45,0.44554455445544555,0.7651515151515151,0.8910891089108911,1,60,19,0,False,1,0.31666666666666665,0,0,8,8,False
8,6,48,50,2,0.04,6.0,1.0,7,6.0,1.3228756555322954,7,0,3,1.3333333333333333,0.74535599249993,5,23,0.4791666666666667,0.8571428571428571,0.9583333333333334,1,25,2,0,False,1,0.08,0,0,6,4,False
8,8,56,56,0,0.0,7.0,0.0,7,7.0,0.0,7,0,1,1.0,0.0,8,28,0.5,1.0,1.0,1,28,0,0,False,0,0.0,0,0,8,5,False
11,9,106,106,0,0.0,9.636363636363637,0.4810456929208347,10,9.636363636363637,0.4810456929208347,10,0,2,1.2222222222222223,0.41573970964154905,7,53,0.5,0.9636363636363636,1.0,1,53,0,0,False,0,0.0,0,0,9,4,False
15,10,155,196,41,0.20918367346938777,10.333333333333334,1.3498971154211057,14,10.333333333333334,4.044200236827493,14,0,3,1.5,0.806225774829855,7,67,0.432258064516129,0.7380952380952381,0.864516129032258,1,98,41,0,False,1,0.41836734693877553,0,0,10,5,False
3,3,6,6,0,0.0,2.0,0.0,2,2.0,0.0,2,0,1,1.0,0.0,3,3,0.5,1.0,1.0,1,3,0,0,False,0,0.0,0,0,3,5,False
4,2,6,6,0,0.0,1.5,0.8660254037844386,3,1.5,0.8660254037844386,3,0,3,2.0,1.0,1,3,0.5,0.5,1.0,1,3,0,0,False,0,0.0,0,0,2,6,False
5,4,16,18,2,0.1111111111111111,3.2,0.39999999999999997,4,3.2,1.16619037896906,4,0,2,1.25,0.4330127018922193,3,7,0.4375,0.8,0.875,1,9,2,0,False,1,0.2222222222222222,0,0,4,5,False
6,5,28,28,0,0.0,4.666666666666667,0.4714045207910317,5,4.666666666666667,0.4714045207910317,5,0,2,1.2,0.4000000000000001,4,14,0.5,0.9333333333333333,1.0,1,14,0,0,False,0,0.0,0,0,5,2,False
26,9,391,582,191,0.3281786941580756,15.038461538461538,3.4248050953051914,24,15.038461538461538,6.060469448881696,25,0,5,2.888888888888889,1.4487116456005886,2,167,0.42710997442455245,0.6015384615384616,0.8542199488491049,1,291,191,4,True,2,0.6563573883161512,0,0,9,6,False
6,5,25,28,3,0.10714285714285714,4.166666666666667,0.37267799624996495,5,4.166666666666667,1.2133516482134197,5,0,2,1.2,0.4000000000000001,4,11,0.44,0.8333333333333334,0.88,1,14,3,0,False,1,0.21428571428571427,0,0,5,6,False
14,8,130,164,34,0.2073170731707317,9.285714285714286,2.813959371941744,13,9.285714285714286,2.889106916593812,13,0,3,1.75,0.9682458365518543,5,64,0.49230769230769234,0.7142857142857143,0.9846153846153847,1,82,34,2,True,2,0.4146341463414634,0,0,8,2,False
6,4,25,26,1,0.038461538461538464,4.166666666666667,0.37267799624996495,5,4.166666666666667,0.6871842709362768,5,0,2,1.5,0.5,2,12,0.48,0.8333333333333334,0.96,1,13,1,0,False,1,0.07692307692307693,0,0,4,1,False
14,7,110,154,44,0.2857142857142857,7.857142857142857,1.7670452681218545,10,7.857142857142857,4.137928102274355,13,0,5,2.0,1.4142135623730951,4,47,0.42727272727272725,0.6043956043956044,0.8545454545454545,1,77,44,3,True,2,0.5714285714285714,1,0,7,7,True
5,5,20,20,0,0.0,4.0,0.0,4,4.0,0.0,4,0,1,1.0,0.0,5,10,0.5,1.0,1.0,1,10,0,0,False,0,0.0,0,0,5,6,False
13,10,144,150,6,0.04,11.076923076923077,0.6153846153846154,12,11.076923076923077,1.817078740156572,12,0,2,1.3,0.45825756949558394,7,69,0.4791666666666667,0.9230769230769231,0.9583333333333334,1,75,6,0,False,1,0.08,0,0,10,7,False
9,7,59,68,9,0.1323529411764706,6.555555555555555,0.6849348892187751,8,6.555555555555555,2.2166597048066667,8,0,2,1.2857142857142858,0.45175395145262565,5,25,0.423728813559322,0.8194444444444444,0.847457627118644,1,34,9,1,True,2,0.2647058823529412,0,0,7,4,False
24,8,316,496,180,0.3629032258064516,13.166666666666666,2.5603819159562025,17,13.166666666666666,5.241395064505462,20,0,5,3.0,1.0,0,106,0.33544303797468356,0.572463768115942,0.6708860759493671,1,248,180,26,True,3,0.7258064516129032,1,0,8,6,True
13,8,107,146,39,0.2671232876712329,8.23076923076923,0.42132504423474315,9,8.23076923076923,3.285254846778865,12,0,2,1.625,0.4841229182759271,3,46,0.42990654205607476,0.6858974358974359,0.8598130841121495,1,73,39,0,False,1,0.5342465753424658,0,0,8,4,False
16,6,133,196,63,0.32142857142857145,8.3125,3.5482169818093143,15,8.3125,3.900620944157481,15,0,6,2.6666666666666665,1.699673171197595,2,39,0.2932330827067669,0.5541666666666667,0.5864661654135338,1,98,63,15,True,2,0.6428571428571429,0,0,6,5,False
7,5,38,38,0,0.0,5.428571428571429,0.4948716593053935,6,5.428571428571429,0.4948716593053935,6,0,2,1.4,0.4898979485566356,3,19,0.5,0.9047619047619048,1.0,1,19,0,0,False,0,0.0,0,0,5,3,False
16,10,222,228,6,0.02631578947368421,13.875,0.7806247497997998,15,13.875,1.2183492931011204,15,0,2,1.6,0.48989794855663565,4,108,0.4864864864864865,0.925,0.972972972972973,1,114,6,0,False,1,0.05263157894736842,0,0,10,8,False
39,10,480,1316,836,0.6352583586626139,12.307692307692308,7.200975169552033,38,12.307692307692308,8.47667643552029,38,0,7,3.9,2.3000000000000003,3,215,0.4479166666666667,0.32388663967611336,0.8958333333333334,1,658,836,19,True,3,1.2705167173252279,0,0,10,4,False
5,3,10,14,4,0.2857142857142857,2.0,0.0,2,2.0,1.7888543819998317,4,0,3,1.6666666666666667,0.9428090415820634,2,3,0.3,0.5,0.6,1,7,4,0,False,1,0.5714285714285714,0,0,3,6,False
11,3,42,80,38,0.475,3.8181818181818183,1.192261549873091,6,3.8181818181818183,1.8497263590341642,7,0,4,3.6666666666666665,0.4714045207910317,0,16,0.38095238095238093,0.38181818181818183,0.7619047619047619,1,40,38,4,True,3,0.95,1,0,3,3,True
10,9,85,88,3,0.03409090909090909,8.5,0.5,9,8.5,1.2041594578792296,9,0,2,1.1111111111111112,0.3142696805273545,8,41,0.4823529411764706,0.9444444444444444,0.9647058823529412,1,44,3,0,False,1,0.06818181818181818,0,0,9,7,False
13,10,128,150,22,0.14666666666666667,9.846153846153847,0.36080121229411,10,9.846153846153847,3.8399950690303646,12,0,2,1.3,0.45825756949558394,7,55,0.4296875,0.8205128205128205,0.859375,2,75,22,0,False,1,0.29333333333333333,0,0,10,7,False
11,7,88,100,12,0.12,8.0,0.7385489458759964,9,8.0,2.449489742783178,10,0,3,1.5714285714285714,0.7284313590846835,4,40,0.45454545454545453,0.8,0.9090909090909091,1,50,12,0,False,1,0.24,0,0,7,2,False
38,6,282,1200,918,0.765,7.421052631578948,2.3354429191930306,17,7.421052631578948,1.9951464653710387,16,0,8,6.333333333333333,0.7453559924999298,0,132,0.46808510638297873,0.20056899004267426,0.9361702127659575,3,600,918,7,True,3,1.53,2,0,6,5,True
8,6,52,52,0,0.0,6.5,0.5,7,6.5,0.5,7,0,2,1.3333333333333333,0.4714045207910317,4,26,0.5,0.9285714285714286,1.0,1,26,0,0,False,0,0.0,0,0,6,3,False
11,10,107,108,1,0.009259259259259259,9.727272727272727,0.4453617714151233,10,9.727272727272727,0.616575453011388,10,0,2,1.1,0.3,9,53,0.4953271028037383,0.9727272727272728,0.9906542056074766,1,54,1,0,False,1,0.018518518518518517,0,0,10,4,False
13,9,135,146,11,0.07534246575342465,10.384615384615385,0.8355984993230936,11,10.384615384615385,2.2373907034229212,12,0,3,1.4444444444444444,0.6849348892187752,6,63,0.4666666666666667,0.8653846153846154,0.9333333333333333,1,73,11,0,False,1,0.1506849315068493,0,0,9,3,False
4,3,9,10,1,0.1,2.25,0.4330127018922193,3,2.25,0.82915619758885,3,0,2,1.3333333333333333,0.4714045207910317,2,4,0.4444444444444444,0.75,0.8888888888888888,1,5,1,0,False,1,0.2,0,0,3,8,False
38,10,647,1290,643,0.49844961240310076,17.026315789473685,2.433179013308171,23,17.026315789473685,10.040672136511011,35,0,5,3.8,0.9797958971132712,0,214,0.33075734157650694,0.4601706970128023,0.6615146831530139,2,645,643,69,True,2,0.9968992248062015,0,0,10,6,False
2,2,2,2,0,0.0,1.0,0.0,1,1.0,0.0,1,0,1,1.0,0.0,2,1,0.5,1.0,1.0,1,0,0,0,False,0,,0,0,2,1,False
28,8,342,678,336,0.49557522123893805,12.214285714285714,2.4691980024919435,17,12.214285714285714,6.799984993981041,23,0,5,3.5,1.0,0,121,0.3538011695906433,0.4523809523809524,0.7076023391812866,1,339,336,36,True,2,0.9911504424778761,6,0,8,4,True
12,9,120,120,0,0.0,10.0,1.4142135623730951,11,10.0,1.4142135623730951,11,0,4,1.3333333333333333,0.9428090415820635,8,60,0.5,0.9090909090909091,1.0,1,60,0,0,False,0,0.0,0,0,9,5,False
8,3,29,40,11,0.275,3.625,1.2183492931011204,6,3.625,1.5761900266148114,6,0,4,2.6666666666666665,0.9428090415820634,0,14,0.4827586206896552,0.5178571428571429,0.9655172413793104,1,20,11,1,True,2,0.55,0,0,3,8,False
7,4,27,36,9,0.25,3.857142857142857,0.989743318610787,6,3.857142857142857,1.355261854357877,6,0,2,1.75,0.4330127018922193,1,11,0.4074074074074074,0.6428571428571429,0.8148148148148148,1,18,9,1,True,2,0.5,0,0,4,5,False
6,6,30,30,0,0.0,5.0,0.0,5,5.0,0.0,5,0,1,1.0,0.0,6,15,0.5,1.0,1.0,1,15,0,0,False,0,0.0,0,0,6,2,False
24,8,291,500,209,0.418,12.125,3.1926021257484205,20,12.125,3.6777767287678933,19,0,4,3.0,0.7071067811865476,0,122,0.41924398625429554,0.5271739130434783,0.8384879725085911,1,250,209,16,True,2,0.836,1,0,8,8,True
20,8,241,340,99,0.2911764705882353,12.05,1.116915395184434,14,12.05,5.669876541865793,19,0,4,2.5,1.118033988749895,2,95,0.3941908713692946,0.6342105263157894,0.7883817427385892,1,170,99,4,True,3,0.5823529411764706,0,0,8,4,False
32,7,431,828,397,0.47946859903381644,13.46875,7.399258303201747,31,13.46875,7.52073955389362,31,0,8,4.571428571428571,2.6649654437396615,2,192,0.44547563805104406,0.4344758064516129,0.8909512761020881,1,414,397,17,True,2,0.9589371980676329,0,0,7,5,False
27,9,432,638,206,0.322884012539185,16.0,3.701851388657263,22,16.0,6.400231477295408,24,0,5,3.0,1.0540925533894598,0,170,0.39351851851851855,0.6153846153846154,0.7870370370370371,2,319,206,28,True,2,0.64576802507837,0,0,9,4,False
5,4,18,18,0,0.0,3.6,0.4898979485566356,4,3.6,0.4898979485566356,4,0,2,1.25,0.4330127018922193,3,9,0.5,0.9,1.0,1,9,0,0,False,0,0.0,0,0,4,4,False
9,8,69,70,1,0.014285714285714285,7.666666666666667,0.4714045207910317,8,7.666666666666667,0.6666666666666666,8,0,2,1.125,0.33071891388307384,7,34,0.4927536231884058,0.9583333333333334,0.9855072463768116,1,35,1,0,False,1,0.02857142857142857,0,0,8,2,False
3,3,6,6,0,0.0,2.0,0.0,2,2.0,0.0,2,0,1,1.0,0.0,3,3,0.5,1.0,1.0,1,3,0,0,False,0,0.0,0,0,3,1,False
22,10,310,420,110,0.2619047619047619,14.090909090909092,4.50160669205089,21,14.090909090909092,4.775972922386799,21,0,5,2.2,1.2489995996796797,4,127,0.4096774193548387,0.670995670995671,0.8193548387096774,1,210,110,25,True,3,0.5238095238095238,0,0,10,4,False
11,8,83,98,15,0.15306122448979592,7.545454545454546,1.1570838237598051,10,7.545454545454546,3.3942099459262676,10,0,4,1.375,0.9921567416492215,7,34,0.40963855421686746,0.7545454545454545,0.8192771084337349,1,49,15,0,False,1,0.30612244897959184,0,0,8,4,False
23,10,241,456,215,0.47149122807017546,10.478260869565217,1.4101978034979874,15,10.478260869565217,6.419193808363974,22,0,5,2.3,1.4177446878757827,5,89,0.36929460580912865,0.4762845849802372,0.7385892116182573,1,228,215,4,True,2,0.9429824561403509,0,0,10,7,False
5,3,13,16,3,0.1875,2.6,0.4898979485566356,3,2.6,1.019803902718557,4,0,2,1.6666666666666667,0.4714045207910317,1,5,0.38461538461538464,0.65,0.7692307692307693,1,8,3,0,False,1,0.375,0,0,3,7,False
15,8,165,194,29,0.14948453608247422,11.0,1.8618986725025255,14,11.0,2.4765567494675613,14,0,3,1.875,0.5994789404140899,2,79,0.47878787878787876,0.7857142857142857,0.9575757575757575,1,97,29,2,True,2,0.29896907216494845,0,0,8,4,False
8,6,49,52,3,0.057692307692307696,6.125,0.7806247497997998,7,6.125,1.2686114456365274,7,0,2,1.3333333333333333,0.4714045207910317,4,23,0.46938775510204084,0.875,0.9387755102040817,1,26,3,0,False,1,0.11538461538461539,0,0,6,5,False
8,5,36,50,14,0.28,4.5,0.5,5,4.5,2.179449471770337,7,0,2,1.6,0.4898979485566356,2,13,0.3611111111111111,0.6428571428571429,0.7222222222222222,2,25,14,2,True,2,0.56,0,0,5,7,False
14,9,136,170,34,0.2,9.714285714285714,0.6998542122237652,11,9.714285714285714,4.333071682315172,13,0,3,1.5555555555555556,0.6849348892187752,5,56,0.4117647058823529,0.7472527472527473,0.8235294117647058,1,85,34,2,True,2,0.4,0,0,9,4,False
10,3,35,66,31,0.4696969696969697,3.5,0.806225774829855,4,3.5,1.8027756377319946,7,0,4,3.3333333333333335,0.4714045207910317,0,14,0.4,0.3888888888888889,0.8,1,33,31,6,True,3,0.9393939393939394,1,0,3,5,True
7,5,35,38,3,0.07894736842105263,5.0,0.7559289460184544,6,5.0,1.3093073414159542,6,0,2,1.4,0.4898979485566356,3,16,0.45714285714285713,0.8333333333333334,0.9142857142857143,1,19,3,0,False,1,0.15789473684210525,0,0,5,2,False
23,9,304,468,164,0.3504273504273504,13.217391304347826,2.903618757750261,19,13.217391304347826,4.558379972897794,20,0,3,2.5555555555555554,0.49690399499995325,0,139,0.45723684210526316,0.6007905138339921,0.9144736842105263,1,234,164,20,True,2,0.7008547008547008,0,0,9,4,False
2,2,2,2,0,0.0,1.0,0.0,1,1.0,0.0,1,0,1,1.0,0.0,2,1,0.5,1.0,1.0,1,0,0,0,False,0,,0,0,2,6,False
20,9,224,354,130,0.3672316384180791,11.2,2.839013913315678,18,11.2,2.249444375840399,15,0,3,2.2222222222222223,0.41573970964154905,0,109,0.48660714285714285,0.5894736842105263,0.9732142857142857,1,177,130,0,False,1,0.7344632768361582,0,0,9,2,False
4,4,12,12,0,0.0,3.0,0.0,3,3.0,0.0,3,0,1,1.0,0.0,4,6,0.5,1.0,1.0,1,6,0,0,False,0,0.0,0,0,4,1,False
6,3,16,24,8,0.3333333333333333,2.6666666666666665,0.7453559924999298,4,2.6666666666666665,0.7453559924999298,4,0,2,2.0,0.0,0,8,0.5,0.5333333333333333,1.0,1,12,8,0,False,1,0.6666666666666666,0,0,3,3,False
12,4,53,106,53,0.5,4.416666666666667,0.7592027982620249,6,4.416666666666667,3.4990077958695025,9,0,4,3.0,0.7071067811865476,0,14,0.2641509433962264,0.4015151515151515,0.5283018867924528,1,53,53,13,True,3,1.0,0,0,4,8,False
12,4,55,106,51,0.4811320754716981,4.583333333333333,1.9346977943739831,9,4.583333333333333,1.9773017529507788,9,0,4,3.0,0.7071067811865476,0,16,0.2909090909090909,0.4166666666666667,0.5818181818181818,1,53,51,10,True,3,0.9622641509433962,0,0,4,3,False
13,7,126,138,12,0.08695652173913043,9.692307692307692,1.3234346564680965,12,9.692307692307692,2.865836309261101,12,0,4,1.8571428571428572,0.9897433186107869,3,57,0.4523809523809524,0.8076923076923077,0.9047619047619048,1,69,12,2,True,2,0.17391304347826086,0,0,7,5,False
4,2,5,8,3,0.375,1.25,0.4330127018922193,2,1.25,0.82915619758885,2,0,2,2.0,0.0,0,2,0.4,0.4166666666666667,0.8,1,4,3,1,True,2,0.75,0,0,2,6,False
51,9,592,2302,1710,0.7428323197219809,11.607843137254902,4.102024518681558,24,11.607843137254902,4.307214337358091,24,0,7,5.666666666666667,1.0540925533894598,0,278,0.46959459459459457,0.23215686274509803,0.9391891891891891,1,1151,1710,25,True,3,1.4856646394439619,4,0,9,6,True
12,7,114,116,2,0.017241379310344827,9.5,1.3844373104863459,11,9.5,1.3844373104863459,11,0,4,1.7142857142857142,1.0301575072754254,4,57,0.5,0.8636363636363636,1.0,1,58,2,0,False,1,0.034482758620689655,0,0,7,1,False
20,6,146,290,144,0.496551724137931,7.3,3.634556369077249,19,7.3,5.282991576748916,19,0,9,3.3333333333333335,2.6874192494328497,1,64,0.4383561643835616,0.38421052631578945,0.8767123287671232,1,145,144,17,True,2,0.993103448275862,0,0,6,7,False
7,3,18,28,10,0.35714285714285715,2.5714285714285716,1.3997084244475304,6,2.5714285714285716,1.6781914463529615,6,0,4,2.3333333333333335,1.247219128924647,1,8,0.4444444444444444,0.42857142857142855,0.8888888888888888,1,14,10,2,True,2,0.7142857142857143,0,0,3,4,False
17,8,216,240,24,0.1,12.705882352941176,1.7068962504172833,16,12.705882352941176,3.443061323920446,16,0,5,2.125,1.2686114456365274,3,98,0.4537037037037037,0.7941176470588235,0.9074074074074074,1,120,24,4,True,2,0.2,0,0,8,6,False
12,9,124,124,0,0.0,10.333333333333334,0.8498365855987975,11,10.333333333333334,0.8498365855987975,11,0,3,1.3333333333333333,0.6666666666666666,7,62,0.5,0.9393939393939394,1.0,1,62,0,0,False,0,0.0,0,0,9,1,False
3,2,3,4,1,0.25,1.0,0.0,1,1.0,0.816496580927726,2,0,2,1.5,0.5,1,1,0.3333333333333333,0.5,0.6666666666666666,1,2,1,0,False,1,0.5,0,0,2,3,False
14,10,160,172,12,0.06976744186046512,11.428571428571429,1.1780301787479033,13,11.428571428571429,2.0946968998021687,13,0,3,1.4,0.66332495807108,7,77,0.48125,0.8791208791208791,0.9625,1,86,12,0,False,1,0.13953488372093023,0,0,10,2,False
14,8,146,168,22,0.13095238095238096,10.428571428571429,0.9793792286287207,13,10.428571428571429,3.9227229193559947,13,0,3,1.75,0.6614378277661477,3,62,0.4246575342465753,0.8021978021978022,0.8493150684931506,1,84,22,0,False,1,0.2619047619047619,0,0,8,8,False
6,3,16,24,8,0.3333333333333333,2.6666666666666665,0.7453559924999298,4,2.6666666666666665,0.7453559924999298,4,0,2,2.0,0.0,0,8,0.5,0.5333333333333333,1.0,1,12,8,0,False,1,0.6666666666666666,0,0,3,7,False
28,4,108,586,478,0.8156996587030717,3.857142857142857,1.406979685970872,9,3.857142857142857,1.406979685970872,9,0,8,7.0,0.7071067811865476,0,54,0.5,0.14285714285714285,1.0,4,293,478,0,False,1,1.6313993174061434,0,0,4,1,False
12,7,96,114,18,0.15789473684210525,8.0,2.160246899469287,11,8.0,2.614064523559687,11,0,4,1.7142857142857142,1.160576914947994,5,45,0.46875,0.7272727272727273,0.9375,1,57,18,0,False,1,0.3157894736842105,0,0,7,4,False
20,10,328,352,24,0.06818181818181818,16.4,1.772004514666935,19,16.4,1.772004514666935,19,0,4,2.0,0.8944271909999159,3,164,0.5,0.8631578947368421,1.0,1,176,24,0,False,1,0.13636363636363635,0,0,10,1,False
9,6,62,66,4,0.06060606060606061,6.888888888888889,0.8748897637790901,8,6.888888888888889,0.8748897637790901,8,0,2,1.5,0.5,3,31,0.5,0.8611111111111112,1.0,1,33,4,0,False,1,0.12121212121212122,0,0,6,8,False
20,10,302,352,50,0.14204545454545456,15.1,2.142428528562855,19,15.1,2.3853720883753127,19,0,4,2.0,0.8944271909999159,3,150,0.4966887417218543,0.7947368421052632,0.9933774834437086,1,176,50,0,False,1,0.2840909090909091,0,0,10,2,False
10,4,50,74,24,0.32432432432432434,5.0,1.2649110640673518,7,5.0,1.2649110640673518,7,0,3,2.5,0.5,0,25,0.5,0.5555555555555556,1.0,1,37,24,0,False,1,0.6486486486486487,0,0,4,3,False
3,2,3,4,1,0.25,1.0,0.0,1,1.0,0.816496580927726,2,0,2,1.5,0.5,1,1,0.3333333333333333,0.5,0.6666666666666666,1,2,1,0,False,1,0.5,0,0,2,6,False
15,10,198,198,0,0.0,13.2,0.7483314773547883,14,13.2,0.7483314773547883,14,0,3,1.5,0.6708203932499369,6,99,0.5,0.9428571428571428,1.0,1,99,0,0,False,0,0.0,0,0,10,1,False
14,8,130,170,40,0.23529411764705882,9.285714285714286,2.050385727772475,13,9.285714285714286,2.050385727772475,13,0,2,1.75,0.4330127018922193,2,65,0.5,0.7142857142857143,1.0,1,85,40,0,False,1,0.47058823529411764,0,0,8,1,False
33,10,689,954,265,0.2777777777777778,20.87878787878788,3.3552995237979175,29,20.87878787878788,6.745402815015777,32,0,6,3.3,1.6155494421403513,2,308,0.44702467343976776,0.6524621212121212,0.8940493468795355,1,477,265,13,True,2,0.5555555555555556,0,0,10,3,False
13,5,113,130,17,0.13076923076923078,8.692307692307692,1.2639751327042295,11,8.692307692307692,2.642394467279641,12,0,4,2.6,1.019803902718557,1,52,0.46017699115044247,0.7243589743589743,0.9203539823008849,1,65,17,1,True,2,0.26153846153846155,0,0,5,7,False
5,3,12,16,4,0.25,2.4,0.8,4,2.4,0.8,4,0,2,1.6666666666666667,0.4714045207910317,1,6,0.5,0.6,1.0,1,8,4,0,False,1,0.5,0,0,3,8,False
4,3,10,10,0,0.0,2.5,0.5,3,2.5,0.5,3,0,2,1.3333333333333333,0.4714045207910317,2,5,0.5,0.8333333333333334,1.0,1,5,0,0,False,0,0.0,0,0,3,4,False
8,4,32,48,16,0.3333333333333333,4.0,1.3228756555322954,6,4.0,1.9364916731037085,6,0,2,2.0,0.0,0,10,0.3125,0.5714285714285714,0.625,1,24,16,2,True,2,0.6666666666666666,0,0,4,5,False
24,6,220,466,246,0.5278969957081545,9.166666666666666,4.317277948996206,17,9.166666666666666,3.7267799624996494,16,0,7,4.0,1.5275252316519468,0,97,0.4409090909090909,0.39855072463768115,0.8818181818181818,1,233,246,6,True,2,1.055793991416309,0,0,6,8,False
21,10,331,392,61,0.1556122448979592,15.761904761904763,2.6709149833105066,20,15.761904761904763,3.336732960258067,20,0,3,2.1,0.7,2,156,0.47129909365558914,0.7880952380952381,0.9425981873111783,1,196,61,8,True,2,0.3112244897959184,4,0,10,4,True
18,10,262,284,22,0.07746478873239436,14.555555555555555,1.2570787221094177,17,14.555555555555555,2.852332811776319,17,0,3,1.8,0.8717797887081348,5,122,0.46564885496183206,0.8562091503267973,0.9312977099236641,1,142,22,0,False,1,0.15492957746478872,0,0,10,5,False
14,4,67,138,71,0.5144927536231884,4.785714285714286,2.807606286719078,11,4.785714285714286,2.782048870592921,12,0,5,3.5,1.5,0,18,0.26865671641791045,0.36813186813186816,0.5373134328358209,1,69,71,11,True,2,1.0289855072463767,0,0,4,8,False
30,3,112,594,482,0.8114478114478114,3.7333333333333334,2.2793761329705013,10,3.7333333333333334,2.5024432505497947,10,0,11,10.0,1.4142135623730951,0,49,0.4375,0.12873563218390804,0.875,3,297,482,8,True,2,1.6228956228956228,0,0,3,3,False
15,9,154,194,40,0.20618556701030927,10.266666666666667,1.3888444437333105,12,10.266666666666667,4.419150245113747,14,0,3,1.6666666666666667,0.816496580927726,5,59,0.38311688311688313,0.7333333333333333,0.7662337662337663,2,97,40,8,True,2,0.41237113402061853,0,0,9,8,False
5,5,20,20,0,0.0,4.0,0.0,4,4.0,0.0,4,0,1,1.0,0.0,5,10,0.5,1.0,1.0,1,10,0,0,False,0,0.0,0,0,5,2,False
14,8,160,164,4,0.024390243902439025,11.428571428571429,1.178030178747903,13,11.428571428571429,1.178030178747903,13,0,4,1.75,0.9682458365518543,4,80,0.5,0.8791208791208791,1.0,1,82,4,0,False,1,0.04878048780487805,0,0,8,1,False
5,4,18,18,0,0.0,3.6,0.4898979485566356,4,3.6,0.4898979485566356,4,0,2,1.25,0.4330127018922193,3,9,0.5,0.9,1.0,1,9,0,0,False,0,0.0,0,0,4,5,False
11,7,75,100,25,0.25,6.818181818181818,1.1922615498730909,9,6.818181818181818,3.009626428590336,10,0,3,1.5714285714285714,0.7284313590846836,4,31,0.41333333333333333,0.6818181818181818,0.8266666666666667,1,50,25,2,True,2,0.5,0,0,7,8,False
24,3,107,382,275,0.7198952879581152,4.458333333333333,2.14046658984022,9,4.458333333333333,2.532771319238189,9,0,9,8.0,0.816496580927726,0,45,0.4205607476635514,0.19384057971014493,0.8411214953271028,2,191,275,7,True,3,1.4397905759162304,0,0,3,4,False
3,3,6,6,0,0.0,2.0,0.0,2,2.0,0.0,2,0,1,1.0,0.0,3,3,0.5,1.0,1.0,1,3,0,0,False,0,0.0,0,0,3,8,False
13,6,130,134,4,0.029850746268656716,10.0,1.4675987714106855,12,10.0,1.3587324409735149,12,0,4,2.1666666666666665,1.0671873729054748,2,63,0.4846153846153846,0.8333333333333334,0.9692307692307692,1,67,4,0,False,1,0.05970149253731343,0,0,6,7,False
15,8,158,194,36,0.18556701030927836,10.533333333333333,1.14697670227235,13,10.533333333333333,3.5188381921057723,14,0,3,1.875,0.5994789404140899,2,69,0.43670886075949367,0.7523809523809524,0.8734177215189873,1,97,36,8,True,2,0.3711340206185567,0,0,8,2,False
17,5,72,228,156,0.6842105263157895,4.235294117647059,0.6443794794178425,6,4.235294117647059,1.164646463130784,6,0,5,3.4,0.8,0,34,0.4722222222222222,0.2647058823529412,0.9444444444444444,3,114,156,4,True,2,1.368421052631579,0,0,5,1,False
23,8,285,452,167,0.3694690265486726,12.391304347826088,4.743316858530102,20,12.391304347826088,4.967189131077469,20,0,5,2.875,1.165922381636102,0,138,0.4842105263157895,0.5632411067193676,0.968421052631579,1,226,167,9,True,2,0.7389380530973452,0,0,8,2,False
14,8,132,168,36,0.21428571428571427,9.428571428571429,0.6226998490772391,11,9.428571428571429,4.083315979416129,13,0,3,1.75,0.6614378277661477,3,54,0.4090909090909091,0.7252747252747253,0.8181818181818182,1,84,36,2,True,3,0.42857142857142855,1,0,8,3,True
22,6,156,340,184,0.5411764705882353,7.090909090909091,2.6269424139636164,12,7.090909090909091,6.323901923432248,21,0,10,3.6666666666666665,3.248931448269655,3,53,0.33974358974358976,0.33766233766233766,0.6794871794871795,1,170,184,11,True,2,1.0823529411764705,2,0,6,7,True
19,8,242,300,58,0.19333333333333333,12.736842105263158,3.431159160632973,18,12.736842105263158,3.431159160632973,18,0,5,2.375,1.4086784586980805,3,121,0.5,0.7076023391812866,1.0,1,150,58,0,False,1,0.38666666666666666,0,0,8,1,False
6,4,24,26,2,0.07692307692307693,4.0,0.816496580927726,5,4.0,1.0,5,0,2,1.5,0.5,2,11,0.4583333333333333,0.8,0.9166666666666666,1,13,2,0,False,1,0.15384615384615385,0,0,4,7,False
12,9,99,124,25,0.20161290322580644,8.25,0.5951190357119042,10,8.25,4.245095208983343,11,0,3,1.3333333333333333,0.6666666666666666,7,37,0.37373737373737376,0.75,0.7474747474747475,1,62,25,2,True,2,0.4032258064516129,0,0,9,6,False
8,7,54,54,0,0.0,6.75,0.4330127018922193,7,6.75,0.4330127018922193,7,0,2,1.1428571428571428,0.34992710611188266,6,27,0.5,0.9642857142857143,1.0,1,27,0,0,False,0,0.0,0,0,7,5,False
15,9,164,192,28,0.14583333333333334,10.933333333333334,0.9285592184789415,12,10.933333333333334,3.8378234572331342,14,0,3,1.6666666666666667,0.9428090415820634,6,68,0.4146341463414634,0.780952380952381,0.8292682926829268,1,96,28,1,True,2,0.2916666666666667,0,0,9,6,False
14,6,111,162,51,0.3148148148148148,7.928571428571429,1.2797480619406367,10,7.928571428571429,3.554962039465515,12,0,3,2.3333333333333335,0.4714045207910317,0,44,0.3963963963963964,0.6098901098901099,0.7927927927927928,1,81,51,10,True,2,0.6296296296296297,0,0,6,6,False
6,4,24,24,0,0.0,4.0,1.0,5,4.0,1.0,5,0,3,1.5,0.8660254037844386,3,12,0.5,0.8,1.0,1,12,0,0,False,0,0.0,0,0,4,2,False
6,4,21,24,3,0.125,3.5,0.5,4,3.5,1.8027756377319946,5,0,3,1.5,0.8660254037844386,3,9,0.42857142857142855,0.7,0.8571428571428571,1,12,3,0,False,1,0.25,0,0,4,8,False
13,3,58,108,50,0.46296296296296297,4.461538461538462,1.598816130063579,7,4.461538461538462,2.4373814642699787,9,0,6,4.333333333333333,1.247219128924647,0,10,0.1724137931034483,0.3717948717948718,0.3448275862068966,2,54,50,11,True,3,0.9259259259259259,0,0,3,7,False
14,8,130,156,26,0.16666666666666666,9.285714285714286,1.905952009160905,13,9.285714285714286,4.283332671589986,13,0,5,1.75,1.3919410907075054,6,52,0.4,0.7142857142857143,0.8,1,78,26,2,True,2,0.3333333333333333,0,0,8,2,False
9,6,52,64,12,0.1875,5.777777777777778,0.41573970964154905,6,5.777777777777778,2.8588178511708016,8,0,3,1.5,0.7637626158259734,4,20,0.38461538461538464,0.7222222222222222,0.7692307692307693,1,32,12,0,False,1,0.375,0,0,6,4,False
9,4,39,50,11,0.22,4.333333333333333,1.247219128924647,7,4.333333333333333,3.018461712712472,8,0,5,2.25,1.6393596310755,2,14,0.358974358974359,0.5416666666666666,0.717948717948718,1,25,11,0,False,1,0.44,0,0,4,5,False
3,2,3,4,1,0.25,1.0,0.0,1,1.0,0.816496580927726,2,0,2,1.5,0.5,1,1,0.3333333333333333,0.5,0.6666666666666666,1,2,1,0,False,1,0.5,0,0,2,7,False
10,6,70,76,6,0.07894736842105263,7.0,1.7320508075688772,9,7.0,1.8973665961010275,9,0,4,1.6666666666666667,1.1055415967851332,4,32,0.45714285714285713,0.7777777777777778,0.9142857142857143,1,38,6,0,False,1,0.15789473684210525,0,0,6,8,False
7,4,29,34,5,0.14705882352941177,4.142857142857143,1.2453996981544782,6,4.142857142857143,1.2453996981544782,6,0,3,1.75,0.82915619758885,2,14,0.4827586206896552,0.6904761904761905,0.9655172413793104,1,17,5,0,False,1,0.29411764705882354,0,0,4,7,False
20,6,192,330,138,0.41818181818181815,9.6,2.7459060435491964,15,9.6,3.5832945734337835,17,0,4,3.3333333333333335,0.7453559924999298,0,83,0.4322916666666667,0.5052631578947369,0.8645833333333334,1,165,138,8,True,4,0.8363636363636363,1,0,6,6,True
9,2,17,40,23,0.575,1.8888888888888888,0.8748897637790901,3,1.8888888888888888,1.3698697784375504,4,0,5,4.5,0.5,0,5,0.29411764705882354,0.2361111111111111,0.5882352941176471,1,20,23,3,True,2,1.15,0,0,2,5,False
5,5,20,20,0,0.0,4.0,0.0,4,4.0,0.0,4,0,1,1.0,0.0,5,10,0.5,1.0,1.0,1,10,0,0,False,0,0.0,0,0,5,4,False
18,7,159,274,115,0.4197080291970803,8.833333333333334,2.3392781412697,15,8.833333333333334,3.253203549323856,14,0,4,2.5714285714285716,0.7284313590846836,0,72,0.4528301886792453,0.5196078431372549,0.9056603773584906,1,137,115,12,True,2,0.8394160583941606,0,0,7,4,False
24,10,427,502,75,0.14940239043824702,17.791666666666668,3.0819253542045577,23,17.791666666666668,3.5821218882419705,23,0,5,2.4,1.2806248474865698,4,206,0.48243559718969553,0.7735507246376812,0.9648711943793911,1,251,75,5,True,3,0.29880478087649404,0,0,10,7,False
19,10,261,316,55,0.17405063291139242,13.736842105263158,1.7119427333990096,18,13.736842105263158,5.097389479075053,18,0,4,1.9,0.9433981132056604,4,106,0.4061302681992337,0.7631578947368421,0.8122605363984674,1,158,55,9,True,3,0.34810126582278483,1,0,10,6,True
5,4,18,18,0,0.0,3.6,0.4898979485566356,4,3.6,0.4898979485566356,4,0,2,1.25,0.4330127018922193,3,9,0.5,0.9,1.0,1,9,0,0,False,0,0.0,0,0,4,2,False
5,5,20,20,0,0.0,4.0,0.0,4,4.0,0.0,4,0,1,1.0,0.0,5,10,0.5,1.0,1.0,1,10,0,0,False,0,0.0,0,0,5,3,False
11,8,97,102,5,0.049019607843137254,8.818181818181818,0.5749595745760689,10,8.818181818181818,1.9917183909278768,10,0,3,1.375,0.6959705453537527,6,46,0.4742268041237113,0.8818181818181818,0.9484536082474226,1,51,5,0,False,1,0.09803921568627451,0,0,8,4,False
12,7,119,122,3,0.02459016393442623,9.916666666666666,0.6400954789890507,11,9.916666666666666,0.759202798262025,11,0,2,1.7142857142857142,0.45175395145262565,2,58,0.48739495798319327,0.9015151515151515,0.9747899159663865,1,61,3,1,True,2,0.04918032786885246,0,0,7,3,False
24,9,304,484,180,0.371900826446281,12.666666666666666,5.2014955114424115,23,12.666666666666666,6.189148209209047,23,0,5,2.6666666666666665,1.7638342073763937,4,137,0.4506578947368421,0.5507246376811594,0.9013157894736842,1,242,180,10,True,2,0.743801652892562,0,0,9,4,False
4,3,10,10,0,0.0,2.5,0.5,3,2.5,0.5,3,0,2,1.3333333333333333,0.4714045207910317,2,5,0.5,0.8333333333333334,1.0,1,5,0,0,False,0,0.0,0,0,3,6,False
6,3,19,24,5,0.20833333333333334,3.1666666666666665,0.3726779962499649,4,3.1666666666666665,1.4624940645653537,4,0,2,2.0,0.0,0,7,0.3684210526315789,0.6333333333333333,0.7368421052631579,1,12,5,1,True,2,0.4166666666666667,0,0,3,7,False
13,8,139,144,5,0.034722222222222224,10.692307692307692,0.9910845174403943,12,10.692307692307692,1.2015768732164085,12,0,3,1.625,0.6959705453537527,4,67,0.48201438848920863,0.8910256410256411,0.9640287769784173,1,72,5,0,False,1,0.06944444444444445,0,0,8,8,False
5,3,11,16,5,0.3125,2.2,0.39999999999999997,3,2.2,1.16619037896906,4,0,2,1.6666666666666667,0.4714045207910317,1,4,0.36363636363636365,0.55,0.7272727272727273,2,8,5,0,False,1,0.625,0,0,3,6,False
6,6,30,30,0,0.0,5.0,0.0,5,5.0,0.0,5,0,1,1.0,0.0,6,15,0.5,1.0,1.0,1,15,0,0,False,0,0.0,0,0,6,5,False
9,7,60,68,8,0.11764705882352941,6.666666666666667,0.9428090415820634,8,6.666666666666667,1.4907119849998598,8,0,2,1.2857142857142858,0.45175395145262565,5,28,0.4666666666666667,0.8333333333333334,0.9333333333333333,1,34,8,0,False,1,0.23529411764705882,0,0,7,5,False
7,4,34,36,2,0.05555555555555555,4.857142857142857,0.6388765649999399,6,4.857142857142857,0.6388765649999399,6,0,2,1.75,0.4330127018922193,1,17,0.5,0.8095238095238095,1.0,1,18,2,0,False,1,0.1111111111111111,0,0,4,3,False
5,2,5,8,3,0.375,1.0,0.0,1,1.0,1.5491933384829668,4,0,4,2.5,1.5,1,1,0.2,0.25,0.4,1,4,3,0,False,1,0.75,0,0,2,4,False
10,9,88,88,0,0.0,8.8,0.4,9,8.8,0.4,9,0,2,1.1111111111111112,0.3142696805273545,8,44,0.5,0.9777777777777777,1.0,1,44,0,0,False,0,0.0,0,0,9,3,False
14,7,120,160,40,0.25,8.571428571428571,1.8405855323893037,12,8.571428571428571,3.7361990944634345,13,0,4,2.0,1.0690449676496976,3,45,0.375,0.6593406593406593,0.75,1,80,40,0,False,1,0.5,0,0,7,7,False
7,5,34,38,4,0.10526315789473684,4.857142857142857,0.6388765649999399,6,4.857142857142857,1.355261854357877,6,0,2,1.4,0.4898979485566356,3,16,0.47058823529411764,0.8095238095238095,0.9411764705882353,1,19,4,0,False,1,0.21052631578947367,0,0,5,3,False
9,7,57,68,11,0.16176470588235295,6.333333333333333,0.6666666666666666,8,6.333333333333333,2.6246692913372702,8,0,2,1.2857142857142858,0.45175395145262565,5,23,0.40350877192982454,0.7916666666666666,0.8070175438596491,1,34,11,1,True,2,0.3235294117647059,0,0,7,8,False
31,10,563,848,285,0.33608490566037735,18.161290322580644,5.853572243723228,28,18.161290322580644,8.266125098346823,30,0,5,3.1,1.3,1,213,0.3783303730017762,0.6053763440860215,0.7566607460035524,1,424,285,2,True,3,0.6721698113207547,0,0,10,2,False
45,10,707,1782,1075,0.6032547699214366,15.71111111111111,5.608018949968864,44,15.71111111111111,7.8870420373398185,44,0,8,4.5,2.0124611797498106,1,283,0.4002828854314003,0.3570707070707071,0.8005657708628006,1,891,1075,47,True,3,1.2065095398428731,0,0,10,4,False
11,9,105,106,1,0.009433962264150943,9.545454545454545,0.49792959773196915,10,9.545454545454545,0.655554777357089,10,0,2,1.2222222222222223,0.41573970964154905,7,52,0.49523809523809526,0.9545454545454546,0.9904761904761905,1,53,1,0,False,1,0.018867924528301886,0,0,9,3,False
39,5,220,1212,992,0.8184818481848185,5.641025641025641,2.454584193594732,16,5.641025641025641,2.913163576763853,16,0,9,7.8,0.9797958971132712,0,97,0.4409090909090909,0.1484480431848853,0.8818181818181818,4,606,992,14,True,3,1.636963696369637,0,0,5,2,False
21,5,184,322,138,0.42857142857142855,8.761904761904763,3.490187086058799,20,8.761904761904763,3.914621698012306,20,0,8,4.2,2.4819347291981715,1,61,0.33152173913043476,0.4380952380952381,0.6630434782608695,1,161,138,15,True,3,0.8571428571428571,4,0,5,4,True
12,7,96,120,24,0.2,8.0,2.0,11,8.0,2.0,11,0,3,1.7142857142857142,0.6998542122237652,3,48,0.5,0.7272727272727273,1.0,1,60,24,0,False,1,0.4,0,0,7,2,False
3,3,6,6,0,0.0,2.0,0.0,2,2.0,0.0,2,0,1,1.0,0.0,3,3,0.5,1.0,1.0,1,3,0,0,False,0,0.0,0,0,3,8,False
31,9,449,846,397,0.46926713947990545,14.483870967741936,3.0360305976393396,25,14.483870967741936,2.860982999824739,24,0,5,3.4444444444444446,0.9558139185602919,0,222,0.49443207126948774,0.4827956989247312,0.9888641425389755,1,423,397,3,True,2,0.9385342789598109,0,0,9,1,False
11,8,94,102,8,0.0784313725490196,8.545454545454545,1.233150906022776,10,8.545454545454545,1.9241827716833386,10,0,3,1.375,0.6959705453537527,6,43,0.4574468085106383,0.8545454545454545,0.9148936170212766,1,51,8,1,True,2,0.1568627450980392,0,0,8,5,False
13,10,147,150,3,0.02,11.307692307692308,0.46153846153846156,12,11.307692307692308,0.910166120476864,12,0,2,1.3,0.45825756949558394,7,72,0.4897959183673469,0.9423076923076923,0.9795918367346939,1,75,3,0,False,1,0.04,0,0,10,4,False
8,4,34,36,2,0.05555555555555555,4.25,1.713913650100261,7,4.25,2.165063509461097,7,0,5,2.0,1.7320508075688772,3,16,0.47058823529411764,0.6071428571428571,0.9411764705882353,1,18,2,0,False,1,0.1111111111111111,0,0,4,8,False
9,4,32,60,28,0.4666666666666667,3.5555555555555554,0.8314794192830981,5,3.5555555555555554,1.892154040658489,6,0,3,2.25,0.4330127018922193,0,13,0.40625,0.4444444444444444,0.8125,2,30,28,6,True,2,0.9333333333333333,0,0,4,4,False
12,10,114,128,14,0.109375,9.5,0.7637626158259734,11,9.5,2.7233557730613653,11,0,2,1.2,0.4,8,50,0.43859649122807015,0.8636363636363636,0.8771929824561403,1,64,14,1,True,2,0.21875,0,0,10,8,False
13,7,129,142,13,0.09154929577464789,9.923076923076923,1.071414482860317,12,9.923076923076923,1.4915938022819475,12,0,3,1.8571428571428572,0.6388765649999398,2,59,0.4573643410852713,0.8269230769230769,0.9147286821705426,1,71,13,2,True,2,0.18309859154929578,0,0,7,8,False
13,7,95,138,43,0.3115942028985507,7.3076923076923075,1.4349813927828945,10,7.3076923076923075,3.4947128281847837,12,0,3,1.8571428571428572,0.989743318610787,4,34,0.35789473684210527,0.6089743589743589,0.7157894736842105,1,69,43,8,True,2,0.6231884057971014,0,0,7,8,False
5,5,20,20,0,0.0,4.0,0.0,4,4.0,0.0,4,0,1,1.0,0.0,5,10,0.5,1.0,1.0,1,10,0,0,False,0,0.0,0,0,5,5,False
14,5,76,146,70,0.4794520547945205,5.428571428571429,3.133101742780187,13,5.428571428571429,3.133101742780187,13,0,4,2.8,1.469693845669907,2,37,0.4868421052631579,0.4175824175824176,0.9736842105263158,1,73,70,1,True,2,0.958904109589041,0,0,5,4,False
7,4,24,36,12,0.3333333333333333,3.4285714285714284,0.49487165930539345,4,3.4285714285714284,1.761261143705422,6,0,2,1.75,0.4330127018922193,1,8,0.3333333333333333,0.5714285714285714,0.6666666666666666,2,18,12,1,True,2,0.6666666666666666,0,0,4,6,False
17,8,178,252,74,0.29365079365079366,10.470588235294118,2.003457219520753,14,10.470588235294118,2.003457219520753,14,0,3,2.125,0.33071891388307384,0,89,0.5,0.6544117647058824,1.0,1,126,74,0,False,1,0.5873015873015873,0,0,8,1,False
11,7,73,102,29,0.28431372549019607,6.636363636363637,0.4810456929208346,7,6.636363636363637,3.3377381364883307,10,0,2,1.5714285714285714,0.4948716593053935,3,29,0.3972602739726027,0.6636363636363637,0.7945205479452054,1,51,29,4,True,2,0.5686274509803921,0,0,7,5,False
12,8,106,120,14,0.11666666666666667,8.833333333333334,1.4043582955293932,11,8.833333333333334,2.544056253745625,11,0,3,1.5,0.8660254037844386,6,50,0.4716981132075472,0.803030303030303,0.9433962264150944,1,60,14,0,False,1,0.23333333333333334,0,0,8,3,False
11,3,36,78,42,0.5384615384615384,3.272727272727273,0.9620913858416693,5,3.272727272727273,2.377581241931276,8,0,5,3.6666666666666665,0.9428090415820634,0,9,0.25,0.32727272727272727,0.5,1,39,42,11,True,4,1.0769230769230769,0,0,3,8,False
17,4,80,216,136,0.6296296296296297,4.705882352941177,1.9930675701291078,10,4.705882352941177,2.7173669323414344,10,0,5,4.25,0.4330127018922193,0,26,0.325,0.29411764705882354,0.65,1,108,136,14,True,2,1.2592592592592593,0,0,4,6,False
10,8,78,86,8,0.09302325581395349,7.8,0.39999999999999997,8,7.8,2.6381811916545836,9,0,2,1.25,0.4330127018922193,6,35,0.44871794871794873,0.8666666666666667,0.8974358974358975,1,43,8,0,False,1,0.18604651162790697,0,0,8,7,False
18,9,225,284,59,0.20774647887323944,12.5,2.0069324297987157,17,12.5,3.531603350069515,17,0,3,2.0,0.6666666666666666,2,100,0.4444444444444444,0.7352941176470589,0.8888888888888888,1,142,59,4,True,3,0.4154929577464789,0,0,9,5,False
7,3,18,32,14,0.4375,2.5714285714285716,0.7284313590846836,4,2.5714285714285716,1.9166296949998198,5,0,3,2.3333333333333335,0.4714045207910317,0,6,0.3333333333333333,0.42857142857142855,0.6666666666666666,1,16,14,5,True,3,0.875,1,0,3,8,True
22,9,262,428,166,0.3878504672897196,11.909090909090908,4.144098661833266,20,11.909090909090908,4.066594408426371,20,0,3,2.4444444444444446,0.49690399499995325,0,107,0.4083969465648855,0.5670995670995671,0.816793893129771,1,214,166,10,True,2,0.7757009345794392,0,0,9,7,False
11,5,57,90,33,0.36666666666666664,5.181818181818182,1.6958871005616027,10,5.181818181818182,3.185711903260951,10,0,4,2.2,1.16619037896906,2,22,0.38596491228070173,0.5181818181818182,0.7719298245614035,1,45,33,6,True,3,0.7333333333333333,0,0,5,6,False
7,5,35,38,3,0.07894736842105263,5.0,0.0,5,5.0,1.3093073414159542,6,0,2,1.4,0.4898979485566356,3,16,0.45714285714285713,0.8333333333333334,0.9142857142857143,1,19,3,0,False,1,0.15789473684210525,0,0,5,5,False
11,7,77,96,19,0.19791666666666666,7.0,1.044465935734187,9,7.0,3.3574882386580707,10,0,4,1.5714285714285714,1.049781318335648,5,32,0.4155844155844156,0.7,0.8311688311688312,1,48,19,2,True,2,0.3958333333333333,0,0,7,4,False
10,7,82,82,0,0.0,8.2,0.8717797887081348,9,8.2,0.8717797887081348,9,0,3,1.4285714285714286,0.7284313590846835,5,41,0.5,0.9111111111111111,1.0,1,41,0,0,False,0,0.0,0,0,7,1,False
3,3,6,6,0,0.0,2.0,0.0,2,2.0,0.0,2,0,1,1.0,0.0,3,3,0.5,1.0,1.0,1,3,0,0,False,0,0.0,0,0,3,7,False
9,3,18,54,36,0.6666666666666666,2.0,0.0,2,2.0,1.1547005383792515,4,0,3,3.0,0.0,0,7,0.3888888888888889,0.25,0.7777777777777778,3,27,36,4,True,2,1.3333333333333333,0,0,3,2,False
4,3,8,10,2,0.2,2.0,0.0,2,2.0,1.224744871391589,3,0,2,1.3333333333333333,0.4714045207910317,2,3,0.375,0.6666666666666666,0.75,1,5,2,0,False,1,0.4,0,0,3,3,False
14,8,155,168,13,0.07738095238095238,11.071428571428571,0.8835226340609272,13,11.071428571428571,1.533636468113135,13,0,3,1.75,0.6614378277661477,3,74,0.4774193548387097,0.8516483516483516,0.9548387096774194,1,84,13,1,True,2,0.15476190476190477,0,0,8,4,False
9,3,25,54,29,0.5370370370370371,2.7777777777777777,1.314684396244359,6,2.7777777777777777,1.4740554623801778,5,0,3,3.0,0.0,0,6,0.24,0.3472222222222222,0.48,2,27,29,6,True,2,1.0740740740740742,0,0,3,8,False
11,9,104,104,0,0.0,9.454545454545455,0.8907235428302467,10,9.454545454545455,0.8907235428302467,10,0,3,1.2222222222222223,0.628539361054709,8,52,0.5,0.9454545454545454,1.0,1,52,0,0,False,0,0.0,0,0,9,1,False
2,2,2,2,0,0.0,1.0,0.0,1,1.0,0.0,1,0,1,1.0,0.0,2,1,0.5,1.0,1.0,1,0,0,0,False,0,,0,0,2,3,False
9,4,32,60,28,0.4666666666666667,3.5555555555555554,1.257078722109418,7,3.5555555555555554,0.9558139185602919,5,0,3,2.25,0.4330127018922193,0,13,0.40625,0.4444444444444444,0.8125,2,30,28,2,True,2,0.9333333333333333,0,0,4,3,False
9,6,54,66,12,0.18181818181818182,6.0,0.6666666666666666,7,6.0,2.494438257849294,8,0,2,1.5,0.5,3,21,0.3888888888888889,0.75,0.7777777777777778,1,33,12,1,True,2,0.36363636363636365,0,0,6,6,False
3,3,6,6,0,0.0,2.0,0.0,2,2.0,0.0,2,0,1,1.0,0.0,3,3,0.5,1.0,1.0,1,3,0,0,False,0,0.0,0,0,3,3,False
37,6,598,1122,524,0.46702317290552586,16.16216216216216,4.309094803756062,28,16.16216216216216,7.98144305015657,29,0,9,6.166666666666667,1.7716909687891083,0,220,0.36789297658862874,0.44894894894894893,0.7357859531772575,1,561,524,31,True,3,0.9340463458110517,9,0,6,6,True
5,4,16,18,2,0.1111111111111111,3.2,0.39999999999999997,4,3.2,1.16619037896906,4,0,2,1.25,0.4330127018922193,3,7,0.4375,0.8,0.875,1,9,2,0,False,1,0.2222222222222222,0,0,4,3,False
3,3,6,6,0,0.0,2.0,0.0,2,2.0,0.0,2,0,1,1.0,0.0,3,3,0.5,1.0,1.0,1,3,0,0,False,0,0.0,0,0,3,2,False
19,9,219,314,95,0.30254777070063693,11.526315789473685,2.98008161408254,18,11.526315789473685,4.082935232256731,18,0,3,2.111111111111111,0.8748897637790901,3,92,0.4200913242009132,0.6403508771929824,0.8401826484018264,1,157,95,12,True,2,0.6050955414012739,0,0,9,3,False
12,10,116,128,12,0.09375,9.666666666666666,0.8498365855987975,11,9.666666666666666,2.3921166824012206,11,0,2,1.2,0.4,8,53,0.45689655172413796,0.8787878787878788,0.9137931034482759,1,64,12,0,False,1,0.1875,0,0,10,6,False
9,4,43,58,15,0.25862068965517243,4.777777777777778,0.6285393610547089,6,4.777777777777778,2.298684540619689,8,0,3,2.25,0.82915619758885,1,17,0.3953488372093023,0.5972222222222222,0.7906976744186046,1,29,15,2,True,3,0.5172413793103449,0,0,4,3,False
6,3,19,22,3,0.13636363636363635,3.1666666666666665,1.0671873729054748,5,3.1666666666666665,1.0671873729054748,5,0,3,2.0,0.816496580927726,1,9,0.47368421052631576,0.6333333333333333,0.9473684210526315,1,11,3,0,False,1,0.2727272727272727,0,0,3,4,False
24,10,303,512,209,0.408203125,12.625,1.8888378261071894,16,12.625,4.347532825254649,21,0,4,2.4,0.8,0,132,0.43564356435643564,0.5489130434782609,0.8712871287128713,1,256,209,15,True,2,0.81640625,0,0,10,5,False
24,8,234,492,258,0.524390243902439,9.75,1.7380544678845176,12,9.75,1.8085445345175588,12,0,6,3.0,1.224744871391589,0,114,0.48717948717948717,0.42391304347826086,0.9743589743589743,2,246,258,4,True,2,1.048780487804878,0,0,8,1,False
2,2,2,2,0,0.0,1.0,0.0,1,1.0,0.0,1,0,1,1.0,0.0,2,1,0.5,1.0,1.0,1,0,0,0,False,0,,0,0,2,3,False
22,9,261,426,165,0.3873239436619718,11.863636363636363,2.563652482218832,17,11.863636363636363,4.929461104102507,20,0,4,2.4444444444444446,0.6849348892187751,0,105,0.40229885057471265,0.564935064935065,0.8045977011494253,1,213,165,18,True,2,0.7746478873239436,0,0,9,8,False
18,10,230,286,56,0.1958041958041958,12.777777777777779,2.57240820062005,17,12.777777777777779,4.3018801516902085,17,0,3,1.8,0.7483314773547883,4,102,0.4434782608695652,0.7516339869281046,0.8869565217391304,1,143,56,0,False,1,0.3916083916083916,0,0,10,6,False
34,10,404,898,494,0.5501113585746102,11.882352941176471,1.811153449216547,16,11.882352941176471,11.142828624626041,33,0,11,3.4,3.7735924528226414,7,113,0.27970297029702973,0.3600713012477718,0.5594059405940595,1,449,494,9,True,2,1.1002227171492205,0,0,10,5,False
10,3,32,66,34,0.5151515151515151,3.2,0.9797958971132713,5,3.2,1.8330302779823358,6,0,4,3.3333333333333335,0.4714045207910317,0,9,0.28125,0.35555555555555557,0.5625,1,33,34,7,True,3,1.0303030303030303,0,0,3,5,False
21,10,328,394,66,0.16751269035532995,15.619047619047619,1.8892223261787975,19,15.619047619047619,4.434455895932501,20,0,3,2.1,0.5385164807134504,1,146,0.4451219512195122,0.780952380952381,0.8902439024390244,1,197,66,7,True,2,0.3350253807106599,0,0,10,4,False
13,10,142,150,8,0.05333333333333334,10.923076923076923,0.7297563831157798,12,10.923076923076923,1.4390989949130546,12,0,2,1.3,0.45825756949558405,7,69,0.4859154929577465,0.9102564102564102,0.971830985915493,1,75,8,0,False,1,0.10666666666666667,0,0,10,1,False
11,10,108,108,0,0.0,9.818181818181818,0.385694607919935,10,9.818181818181818,0.385694607919935,10,0,2,1.1,0.3,9,54,0.5,0.9818181818181818,1.0,1,54,0,0,False,0,0.0,0,0,10,4,False
10,5,61,80,19,0.2375,6.1,1.0440306508910548,8,6.1,1.57797338380595,8,0,2,2.0,0.0,0,27,0.4426229508196721,0.6777777777777778,0.8852459016393442,1,40,19,1,True,2,0.475,0,0,5,3,False
9,6,58,66,8,0.12121212121212122,6.444444444444445,0.6849348892187751,8,6.444444444444445,2.1140330656044943,8,0,2,1.5,0.5,3,26,0.4482758620689655,0.8055555555555556,0.896551724137931,1,33,8,2,True,2,0.24242424242424243,0,0,6,7,False
6,3,16,24,8,0.3333333333333333,2.6666666666666665,0.7453559924999298,4,2.6666666666666665,0.7453559924999298,4,0,2,2.0,0.0,0,8,0.5,0.5333333333333333,1.0,1,12,8,0,False,1,0.6666666666666666,0,0,3,1,False
4,4,12,12,0,0.0,3.0,0.0,3,3.0,0.0,3,0,1,1.0,0.0,4,6,0.5,1.0,1.0,1,6,0,0,False,0,0.0,0,0,4,8,False
11,3,58,80,22,0.275,5.2727272727272725,1.7104443383842527,8,5.2727272727272725,1.7104443383842527,8,0,4,3.6666666666666665,0.4714045207910317,0,29,0.5,0.5272727272727272,1.0,1,40,22,0,False,1,0.55,0,0,3,3,False
9,7,66,68,2,0.029411764705882353,7.333333333333333,0.4714045207910317,8,7.333333333333333,0.9428090415820634,8,0,2,1.2857142857142858,0.45175395145262565,5,32,0.48484848484848486,0.9166666666666666,0.9696969696969697,1,34,2,0,False,1,0.058823529411764705,0,0,7,1,False
11,6,72,92,20,0.21739130434782608,6.545454545454546,2.147456692912312,10,6.545454545454546,2.675261630829484,10,0,4,1.8333333333333333,1.21335164821342,4,34,0.4722222222222222,0.6545454545454545,0.9444444444444444,1,46,20,0,False,1,0.43478260869565216,0,0,6,2,False
53,9,707,2478,1771,0.7146892655367232,13.339622641509434,3.8359933707736555,27,13.339622641509434,4.9676059919807285,25,0,8,5.888888888888889,1.4487116456005884,0,312,0.44130127298444133,0.2565312046444122,0.8826025459688827,2,1239,1771,45,True,2,1.4293785310734464,3,0,9,5,True
7,7,42,42,0,0.0,6.0,0.0,6,6.0,0.0,6,0,1,1.0,0.0,7,21,0.5,1.0,1.0,1,21,0,0,False,0,0.0,0,0,7,5,False
11,9,100,106,6,0.05660377358490566,9.090909090909092,0.9958591954639383,10,9.090909090909092,1.2398346997259868,10,0,2,1.2222222222222223,0.41573970964154905,7,49,0.49,0.9090909090909091,0.98,1,53,6,0,False,1,0.11320754716981132,0,0,9,5,False
10,9,88,88,0,0.0,8.8,0.39999999999999997,9,8.8,0.39999999999999997,9,0,2,1.1111111111111112,0.3142696805273545,8,44,0.5,0.9777777777777777,1.0,1,44,0,0,False,0,0.0,0,0,9,7,False
14,7,138,154,16,0.1038961038961039,9.857142857142858,1.7670452681218547,12,9.857142857142858,3.3775972621533974,13,0,5,2.0,1.4142135623730951,4,61,0.4420289855072464,0.7582417582417582,0.8840579710144928,1,77,16,4,True,2,0.2077922077922078,0,0,7,2,False
27,9,445,630,185,0.29365079365079366,16.48148148148148,4.2719617349025825,26,16.48148148148148,4.391661883787152,26,0,6,3.0,1.4142135623730951,1,218,0.4898876404494382,0.6339031339031339,0.9797752808988764,1,315,185,4,True,3,0.5873015873015873,2,0,9,4,True
17,9,199,250,51,0.204,11.705882352941176,2.7603219309764864,16,11.705882352941176,3.8312139971608903,16,0,4,1.8888888888888888,0.8748897637790901,3,83,0.41708542713567837,0.7316176470588235,0.8341708542713567,1,125,51,5,True,2,0.408,0,0,9,7,False
24,9,332,510,178,0.34901960784313724,13.833333333333334,2.0949675149960894,18,13.833333333333334,7.1860203791033666,22,0,3,2.6666666666666665,0.4714045207910317,0,118,0.35542168674698793,0.6014492753623188,0.7108433734939759,1,255,178,11,True,2,0.6980392156862745,0,0,9,8,False
14,3,51,126,75,0.5952380952380952,3.642857142857143,1.7157731642091876,8,3.642857142857143,1.394230092567367,6,0,6,4.666666666666667,1.247219128924647,0,20,0.39215686274509803,0.2802197802197802,0.7843137254901961,2,63,75,3,True,2,1.1904761904761905,0,0,3,5,False
7,2,12,24,12,0.5,1.7142857142857142,0.45175395145262565,2,1.7142857142857142,1.2777531299998797,4,0,4,3.5,0.5,0,3,0.25,0.2857142857142857,0.5,1,12,12,4,True,4,1.0,0,0,2,6,False
17,7,138,246,108,0.43902439024390244,8.117647058823529,1.6762125704441184,11,8.117647058823529,3.5625891599356994,15,0,3,2.4285714285714284,0.4948716593053935,0,59,0.427536231884058,0.5073529411764706,0.855072463768116,1,123,108,15,True,2,0.8780487804878049,0,0,7,3,False
14,7,123,156,33,0.21153846153846154,8.785714285714286,2.425418120907092,13,8.785714285714286,3.467781741125245,13,0,4,2.0,1.3093073414159542,4,54,0.43902439024390244,0.6758241758241759,0.8780487804878049,1,78,33,1,True,2,0.4230769230769231,0,0,7,5,False
11,6,64,94,30,0.3191489361702128,5.818181818181818,0.5749595745760689,7,5.818181818181818,4.302603478617902,10,0,4,1.8333333333333333,1.0671873729054748,3,20,0.3125,0.5818181818181818,0.625,1,47,30,5,True,2,0.6382978723404256,0,0,6,8,False
32,10,431,894,463,0.5178970917225951,13.46875,3.391021002220423,19,13.46875,5.09892375286197,20,0,7,3.2,1.661324772583615,0,199,0.4617169373549884,0.4344758064516129,0.9234338747099768,1,447,463,22,True,3,1.0357941834451903,0,0,10,3,False
11,6,79,98,19,0.19387755102040816,7.181818181818182,1.7486712783337588,10,7.181818181818182,1.6958871005616027,10,0,3,1.8333333333333333,0.6871842709362768,2,35,0.4430379746835443,0.7181818181818181,0.8860759493670886,1,49,19,4,True,2,0.3877551020408163,0,0,6,3,False
5,3,13,16,3,0.1875,2.6,0.4898979485566356,3,2.6,1.019803902718557,4,0,2,1.6666666666666667,0.4714045207910317,1,5,0.38461538461538464,0.65,0.7692307692307693,1,8,3,1,True,2,0.375,0,0,3,5,False
10,9,86,88,2,0.022727272727272728,8.6,0.4898979485566356,9,8.6,0.9165151389911681,9,0,2,1.1111111111111112,0.3142696805273545,8,42,0.4883720930232558,0.9555555555555556,0.9767441860465116,1,44,2,0,False,1,0.045454545454545456,0,0,9,4,False
9,6,61,66,5,0.07575757575757576,6.777777777777778,0.41573970964154905,7,6.777777777777778,1.7497795275581802,8,0,2,1.5,0.5,3,28,0.45901639344262296,0.8472222222222222,0.9180327868852459,1,33,5,0,False,1,0.15151515151515152,0,0,6,4,False
5,5,20,20,0,0.0,4.0,0.0,4,4.0,0.0,4,0,1,1.0,0.0,5,10,0.5,1.0,1.0,1,10,0,0,False,0,0.0,0,0,5,7,False
19,7,157,308,151,0.4902597402597403,8.263157894736842,3.461701821559021,17,8.263157894736842,3.822951536281027,16,0,3,2.7142857142857144,0.4517539514526256,0,47,0.29936305732484075,0.4590643274853801,0.5987261146496815,1,154,151,21,True,2,0.9805194805194806,0,0,7,6,False
9,7,68,68,0,0.0,7.555555555555555,0.49690399499995325,8,7.555555555555555,0.49690399499995325,8,0,2,1.2857142857142858,0.45175395145262565,5,34,0.5,0.9444444444444444,1.0,1,34,0,0,False,0,0.0,0,0,7,2,False
15,5,117,176,59,0.3352272727272727,7.8,2.196967607104544,13,7.8,3.691431519975234,13,0,4,3.0,0.8944271909999159,0,41,0.3504273504273504,0.5571428571428572,0.7008547008547008,1,88,59,1,True,2,0.6704545454545454,0,0,5,8,False
11,7,84,100,16,0.16,7.636363636363637,1.1499191491521379,9,7.636363636363637,2.8049542946439114,10,0,3,1.5714285714285714,0.7284313590846835,4,36,0.42857142857142855,0.7636363636363637,0.8571428571428571,1,50,16,2,True,2,0.32,0,0,7,8,False
6,6,30,30,0,0.0,5.0,0.0,5,5.0,0.0,5,0,1,1.0,0.0,6,15,0.5,1.0,1.0,1,15,0,0,False,0,0.0,0,0,6,5,False
3,2,4,4,0,0.0,1.3333333333333333,0.4714045207910317,2,1.3333333333333333,0.4714045207910317,2,0,2,1.5,0.5,1,2,0.5,0.6666666666666666,1.0,1,2,0,0,False,0,0.0,0,0,2,6,False
2,2,2,2,0,0.0,1.0,0.0,1,1.0,0.0,1,0,1,1.0,0.0,2,1,0.5,1.0,1.0,1,0,0,0,False,0,,0,0,2,8,False
13,6,98,138,40,0.2898550724637681,7.538461538461538,1.8235799370968766,12,7.538461538461538,2.8986836432948877,12,0,3,2.1666666666666665,0.6871842709362768,1,36,0.3673469387755102,0.6282051282051282,0.7346938775510204,1,69,40,6,True,3,0.5797101449275363,0,0,6,6,False
15,3,36,150,114,0.76,2.4,0.6110100926607788,4,2.4,0.8793937305515279,4,0,5,5.0,0.0,0,15,0.4166666666666667,0.17142857142857143,0.8333333333333334,4,75,114,4,True,3,1.52,0,0,3,6,False
3,2,4,4,0,0.0,1.3333333333333333,0.4714045207910317,2,1.3333333333333333,0.4714045207910317,2,0,2,1.5,0.5,1,2,0.5,0.6666666666666666,1.0,1,2,0,0,False,0,0.0,0,0,2,1,False
22,8,218,412,194,0.470873786407767,9.909090909090908,2.8108408788618737,19,9.909090909090908,4.316028171079716,21,0,5,2.75,1.1989578808281798,1,93,0.42660550458715596,0.47186147186147187,0.8532110091743119,1,206,194,8,True,2,0.941747572815534,0,0,8,5,False
6,4,25,26,1,0.038461538461538464,4.166666666666667,0.37267799624996495,5,4.166666666666667,0.6871842709362768,5,0,2,1.5,0.5,2,12,0.48,0.8333333333333334,0.96,1,13,1,0,False,1,0.07692307692307693,0,0,4,4,False
4,4,12,12,0,0.0,3.0,0.0,3,3.0,0.0,3,0,1,1.0,0.0,4,6,0.5,1.0,1.0,1,6,0,0,False,0,0.0,0,0,4,3,False
3,3,6,6,0,0.0,2.0,0.0,2,2.0,0.0,2,0,1,1.0,0.0,3,3,0.5,1.0,1.0,1,3,0,0,False,0,0.0,0,0,3,6,False
27,10,339,644,305,0.47360248447204967,12.555555555555555,3.8232556742411674,24,12.555555555555555,6.178417233092374,26,0,5,2.7,1.1,1,125,0.3687315634218289,0.4829059829059829,0.7374631268436578,1,322,305,42,True,2,0.9472049689440993,0,0,10,7,False
3,2,4,4,0,0.0,1.3333333333333333,0.4714045207910317,2,1.3333333333333333,0.4714045207910317,2,0,2,1.5,0.5,1,2,0.5,0.6666666666666666,1.0,1,2,0,0,False,0,0.0,0,0,2,6,False
19,10,224,318,94,0.29559748427672955,11.789473684210526,1.880060115735974,17,11.789473684210526,5.00083095588198,18,0,4,1.9,0.8306623862918074,3,88,0.39285714285714285,0.6549707602339181,0.7857142857142857,1,159,94,11,True,2,0.5911949685534591,0,0,10,7,False
18,9,240,274,34,0.12408759124087591,13.333333333333334,2.6666666666666665,17,13.333333333333334,3.3829638550307397,17,0,5,2.0,1.247219128924647,4,113,0.4708333333333333,0.7843137254901961,0.9416666666666667,1,137,34,2,True,2,0.24817518248175183,0,0,9,1,False
15,7,107,190,83,0.4368421052631579,7.133333333333334,0.49888765156985887,8,7.133333333333334,3.7392809766347095,14,0,3,2.142857142857143,0.6388765649999398,1,42,0.3925233644859813,0.5095238095238095,0.7850467289719626,2,95,83,6,True,2,0.8736842105263158,0,0,7,8,False
14,7,138,138,0,0.0,9.857142857142858,2.8749445424997297,13,9.857142857142858,2.8749445424997297,13,0,7,2.0,2.0701966780270626,5,69,0.5,0.7582417582417582,1.0,1,69,0,0,False,0,0.0,0,0,7,1,False
3,2,3,4,1,0.25,1.0,0.0,1,1.0,0.816496580927726,2,0,2,1.5,0.5,1,1,0.3333333333333333,0.5,0.6666666666666666,1,2,1,0,False,1,0.5,0,0,2,5,False
7,7,42,42,0,0.0,6.0,0.0,6,6.0,0.0,6,0,1,1.0,0.0,7,21,0.5,1.0,1.0,1,21,0,0,False,0,0.0,0,0,7,1,False
23,9,273,452,179,0.39601769911504425,11.869565217391305,5.041603849588093,22,11.869565217391305,5.152494945052364,22,0,4,2.5555555555555554,1.4229164972072998,4,131,0.47985347985347987,0.5395256916996047,0.9597069597069597,1,226,179,6,True,3,0.7920353982300885,0,0,9,3,False
10,5,76,76,0,0.0,7.6,0.8,9,7.6,0.8,9,0,3,2.0,0.8944271909999159,2,38,0.5,0.8444444444444444,1.0,1,38,0,0,False,0,0.0,0,0,5,1,False
18,5,154,252,98,0.3888888888888889,8.555555555555555,3.166179299727779,15,8.555555555555555,3.5624932315291997,15,0,6,3.6,1.2000000000000002,0,73,0.474025974025974,0.5032679738562091,0.948051948051948,1,126,98,8,True,2,0.7777777777777778,0,0,5,2,False
11,4,49,88,39,0.4431818181818182,4.454545454545454,1.0756508696544755,6,4.454545454545454,2.535695578360246,9,0,4,2.75,0.82915619758885,0,18,0.3673469387755102,0.44545454545454544,0.7346938775510204,1,44,39,8,True,2,0.8863636363636364,2,0,4,7,True
2,2,2,2,0,0.0,1.0,0.0,1,1.0,0.0,1,0,1,1.0,0.0,2,1,0.5,1.0,1.0,1,0,0,0,False,0,,0,0,2,7,False
15,5,68,180,112,0.6222222222222222,4.533333333333333,1.3597385369580761,8,4.533333333333333,1.7074997966487595,8,0,3,3.0,0.0,0,26,0.38235294117647056,0.3238095238095238,0.7647058823529411,3,90,112,8,True,2,1.2444444444444445,0,0,5,2,False
10,9,87,88,1,0.011363636363636364,8.7,0.45825756949558394,9,8.7,0.6403124237432849,9,0,2,1.1111111111111112,0.3142696805273545,8,43,0.4942528735632184,0.9666666666666667,0.9885057471264368,1,44,1,0,False,1,0.022727272727272728,0,0,9,2,False
14,8,123,156,33,0.21153846153846154,8.785714285714286,1.2058530725810095,11,8.785714285714286,4.108850576648473,13,0,5,1.75,1.3919410907075054,6,52,0.42276422764227645,0.6758241758241759,0.8455284552845529,1,78,33,0,False,1,0.4230769230769231,0,0,8,5,False
19,10,212,314,102,0.3248407643312102,11.157894736842104,1.7848236797698074,16,11.157894736842104,6.011070120113363,18,0,4,1.9,1.0440306508910548,5,79,0.37264150943396224,0.6198830409356725,0.7452830188679245,1,157,102,0,False,1,0.6496815286624203,0,0,10,8,False
7,5,33,38,5,0.13157894736842105,4.714285714285714,0.6998542122237652,6,4.714285714285714,1.3850513878332367,6,0,2,1.4,0.4898979485566356,3,15,0.45454545454545453,0.7857142857142857,0.9090909090909091,1,19,5,0,False,1,0.2631578947368421,0,0,5,7,False
14,7,144,162,18,0.1111111111111111,10.285714285714286,1.5319721849662298,13,10.285714285714286,1.5319721849662298,13,0,3,2.0,0.9258200997725514,3,72,0.5,0.7912087912087912,1.0,1,81,18,0,False,1,0.2222222222222222,0,0,7,1,False
8,4,34,44,10,0.22727272727272727,4.25,1.713913650100261,7,4.25,1.713913650100261,7,0,3,2.0,1.0,2,15,0.4411764705882353,0.6071428571428571,0.8823529411764706,1,22,10,1,True,2,0.45454545454545453,0,0,4,6,False
4,3,10,10,0,0.0,2.5,0.5,3,2.5,0.5,3,0,2,1.3333333333333333,0.4714045207910317,2,5,0.5,0.8333333333333334,1.0,1,5,0,0,False,0,0.0,0,0,3,4,False
14,5,87,156,69,0.4423076923076923,6.214285714285714,2.20967261403686,11,6.214285714285714,3.8205940343760942,12,0,3,2.8,0.39999999999999997,0,22,0.25287356321839083,0.47802197802197804,0.5057471264367817,1,78,69,18,True,2,0.8846153846153846,0,0,5,5,False
16,10,168,228,60,0.2631578947368421,10.5,2.598076211353316,15,10.5,2.598076211353316,15,0,2,1.6,0.48989794855663565,4,84,0.5,0.7,1.0,1,114,60,0,False,1,0.5263157894736842,0,0,10,1,False
4,4,12,12,0,0.0,3.0,0.0,3,3.0,0.0,3,0,1,1.0,0.0,4,6,0.5,1.0,1.0,1,6,0,0,False,0,0.0,0,0,4,6,False
9,3,29,40,11,0.275,3.2222222222222223,1.74977952755818,8,3.2222222222222223,2.779999111821512,8,0,6,3.0,2.160246899469287,1,9,0.3103448275862069,0.4027777777777778,0.6206896551724138,1,20,11,1,True,2,0.55,0,0,3,4,False
8,8,56,56,0,0.0,7.0,0.0,7,7.0,0.0,7,0,1,1.0,0.0,8,28,0.5,1.0,1.0,1,28,0,0,False,0,0.0,0,0,8,5,False
14,9,147,170,23,0.13529411764705881,10.5,0.823754471047914,12,10.5,3.3964266937053544,13,0,3,1.5555555555555556,0.6849348892187752,5,66,0.4489795918367347,0.8076923076923077,0.8979591836734694,1,85,23,2,True,2,0.27058823529411763,0,0,9,8,False
4,4,12,12,0,0.0,3.0,0.0,3,3.0,0.0,3,0,1,1.0,0.0,4,6,0.5,1.0,1.0,1,6,0,0,False,0,0.0,0,0,4,1,False
17,10,205,248,43,0.17338709677419356,12.058823529411764,3.1524143545821794,16,12.058823529411764,3.539202107409723,16,0,4,1.7,1.1,7,99,0.48292682926829267,0.7536764705882353,0.9658536585365853,1,124,43,1,True,2,0.3467741935483871,0,0,10,4,False
14,9,130,170,40,0.23529411764705882,9.285714285714286,1.4356965173029845,13,9.285714285714286,4.249849937326719,13,0,3,1.5555555555555556,0.6849348892187752,5,47,0.36153846153846153,0.7142857142857143,0.7230769230769231,1,85,40,2,True,2,0.47058823529411764,0,0,9,8,False
8,7,54,54,0,0.0,6.75,0.4330127018922193,7,6.75,0.4330127018922193,7,0,2,1.1428571428571428,0.34992710611188266,6,27,0.5,0.9642857142857143,1.0,1,27,0,0,False,0,0.0,0,0,7,8,False
16,5,105,204,99,0.4852941176470588,6.5625,2.262983373778959,11,6.5625,3.6566506190775185,13,0,4,3.2,0.39999999999999997,0,27,0.2571428571428571,0.4375,0.5142857142857142,1,102,99,15,True,2,0.9705882352941176,0,0,5,4,False
2,2,2,2,0,0.0,1.0,0.0,1,1.0,0.0,1,0,1,1.0,0.0,2,1,0.5,1.0,1.0,1,0,0,0,False,0,,0,0,2,4,False
8,8,56,56,0,0.0,7.0,0.0,7,7.0,0.0,7,0,1,1.0,0.0,8,28,0.5,1.0,1.0,1,28,0,0,False,0,0.0,0,0,8,6,False
10,3,22,66,44,0.6666666666666666,2.2,0.39999999999999997,3,2.2,0.39999999999999997,3,0,4,3.3333333333333335,0.4714045207910317,0,11,0.5,0.24444444444444444,1.0,3,33,44,0,False,1,1.3333333333333333,0,0,3,1,False
15,7,116,168,52,0.30952380952380953,7.733333333333333,3.172100600898752,14,7.733333333333333,4.493946545694058,14,0,6,2.142857142857143,1.8844151368961317,5,50,0.43103448275862066,0.5523809523809524,0.8620689655172413,1,84,52,0,False,1,0.6190476190476191,0,0,7,2,False
8,4,28,42,14,0.3333333333333333,3.5,0.7071067811865476,5,3.5,2.7838821814150108,7,0,4,2.0,1.224744871391589,2,8,0.2857142857142857,0.5,0.5714285714285714,1,21,14,4,True,2,0.6666666666666666,0,0,4,4,False
6,4,18,24,6,0.25,3.0,0.0,3,3.0,2.23606797749979,5,0,3,1.5,0.8660254037844386,3,6,0.3333333333333333,0.6,0.6666666666666666,1,12,6,0,False,1,0.5,0,0,4,5,False
42,10,584,1518,934,0.6152832674571805,13.904761904761905,7.441228533392037,30,13.904761904761905,8.06464808611228,39,0,8,4.2,2.6381811916545836,0,244,0.4178082191780822,0.33914053426248547,0.8356164383561644,1,759,934,53,True,3,1.230566534914361,0,0,10,7,False
3,2,3,4,1,0.25,1.0,0.0,1,1.0,0.816496580927726,2,0,2,1.5,0.5,1,1,0.3333333333333333,0.5,0.6666666666666666,1,2,1,0,False,1,0.5,0,0,2,3,False
24,7,301,480,179,0.3729166666666667,12.541666666666666,2.4148700218070167,19,12.541666666666666,7.410460886851475,22,0,6,3.4285714285714284,1.3997084244475304,0,111,0.3687707641196013,0.5452898550724637,0.7375415282392026,1,240,179,12,True,3,0.7458333333333333,0,0,7,8,False
11,6,70,98,28,0.2857142857142857,6.363636363636363,0.4810456929208347,7,6.363636363636363,2.9931050242098776,10,0,3,1.8333333333333333,0.6871842709362768,2,29,0.4142857142857143,0.6363636363636364,0.8285714285714286,2,49,28,0,False,1,0.5714285714285714,0,0,6,7,False
6,4,22,24,2,0.08333333333333333,3.6666666666666665,0.9428090415820634,5,3.6666666666666665,1.3743685418725535,5,0,3,1.5,0.8660254037844386,3,10,0.45454545454545453,0.7333333333333333,0.9090909090909091,1,12,2,0,False,1,0.16666666666666666,0,0,4,6,False
26,6,319,554,235,0.42418772563176893,12.26923076923077,4.202176105741957,20,12.26923076923077,5.530041676763889,19,0,6,4.333333333333333,1.247219128924647,0,98,0.3072100313479624,0.4907692307692308,0.6144200626959248,1,277,235,28,True,3,0.8483754512635379,1,0,6,5,True
9,3,28,54,26,0.48148148148148145,3.111111111111111,1.0999438818457405,6,3.111111111111111,1.7916128329552332,6,0,3,3.0,0.0,0,6,0.21428571428571427,0.3888888888888889,0.42857142857142855,2,27,26,6,True,2,0.9629629629629629,0,0,3,6,False
10,6,62,82,20,0.24390243902439024,6.2,1.077032961426901,9,6.2,1.9390719429665317,9,0,2,1.6666666666666667,0.4714045207910317,2,27,0.43548387096774194,0.6888888888888889,0.8709677419354839,1,41,20,2,True,2,0.4878048780487805,0,0,6,7,False
9,6,52,66,14,0.21212121212121213,5.777777777777778,0.41573970964154905,6,5.777777777777778,2.657391276244755,8,0,2,1.5,0.5,3,21,0.40384615384615385,0.7222222222222222,0.8076923076923077,2,33,14,0,False,1,0.42424242424242425,0,0,6,2,False
14,10,154,172,18,0.10465116279069768,11.0,1.3627702877384937,12,11.0,3.3166247903554,13,0,3,1.4,0.66332495807108,7,71,0.461038961038961,0.8461538461538461,0.922077922077922,1,86,18,0,False,1,0.20930232558139536,0,0,10,2,False
16,3,51,170,119,0.7,3.1875,2.3242942477233814,9,3.1875,2.297246993686138,9,0,6,5.333333333333333,0.4714045207910317,0,11,0.21568627450980393,0.2125,0.43137254901960786,5,85,119,12,True,2,1.4,0,0,3,4,False
6,2,7,18,11,0.6111111111111112,1.1666666666666667,0.3726779962499649,2,1.1666666666666667,0.6871842709362768,2,0,3,3.0,0.0,0,2,0.2857142857142857,0.23333333333333334,0.5714285714285714,2,9,11,2,True,3,1.2222222222222223,0,0,2,1,False
10,4,40,66,26,0.3939393939393939,4.0,1.8439088914585775,9,4.0,2.6076809620810595,9,0,4,2.5,1.5,2,17,0.425,0.4444444444444444,0.85,1,33,26,1,True,2,0.7878787878787878,0,0,4,8,False
10,5,71,78,7,0.08974358974358974,7.1,0.9433981132056604,9,7.1,1.2206555615733703,9,0,3,2.0,0.6324555320336759,1,34,0.4788732394366197,0.7888888888888889,0.9577464788732394,1,39,7,0,False,1,0.1794871794871795,0,0,5,1,False
10,7,69,84,15,0.17857142857142858,6.9,1.0440306508910548,9,6.9,2.2561028345356955,9,0,2,1.4285714285714286,0.4948716593053935,4,29,0.42028985507246375,0.7666666666666667,0.8405797101449275,1,42,15,2,True,2,0.35714285714285715,0,0,7,4,False
2,2,2,2,0,0.0,1.0,0.0,1,1.0,0.0,1,0,1,1.0,0.0,2,1,0.5,1.0,1.0,1,0,0,0,False,0,,0,0,2,8,False
18,4,87,242,155,0.640495867768595,4.833333333333333,2.034425935955617,10,4.833333333333333,2.1921577396609844,9,0,5,4.5,0.5,0,40,0.45977011494252873,0.28431372549019607,0.9195402298850575,1,121,155,6,True,2,1.28099173553719,0,0,4,7,False
24,6,148,468,320,0.6837606837606838,6.166666666666667,3.5784850922639815,23,6.166666666666667,3.5784850922639815,23,0,5,4.0,1.4142135623730951,1,74,0.5,0.26811594202898553,1.0,1,234,320,0,False,1,1.3675213675213675,0,0,6,3,False
3,2,3,4,1,0.25,1.0,0.0,1,1.0,0.816496580927726,2,0,2,1.5,0.5,1,1,0.3333333333333333,0.5,0.6666666666666666,1,2,1,0,False,1,0.5,0,0,2,7,False
4,3,9,10,1,0.1,2.25,0.4330127018922193,3,2.25,0.82915619758885,3,0,2,1.3333333333333333,0.4714045207910317,2,4,0.4444444444444444,0.75,0.8888888888888888,1,5,1,0,False,1,0.2,0,0,3,5,False
27,7,205,614,409,0.6661237785016286,7.592592592592593,1.8710119911577907,11,7.592592592592593,5.383508832772333,20,0,5,3.857142857142857,1.2453996981544782,0,85,0.4146341463414634,0.292022792022792,0.8292682926829268,3,307,409,35,True,2,1.3322475570032573,0,0,7,4,False
10,9,88,88,0,0.0,8.8,0.4,9,8.8,0.4,9,0,2,1.1111111111111112,0.3142696805273545,8,44,0.5,0.9777777777777777,1.0,1,44,0,0,False,0,0.0,0,0,9,6,False
12,8,109,118,9,0.07627118644067797,9.083333333333334,1.3202482931462383,11,9.083333333333334,2.4986107250941583,11,0,4,1.5,1.0,6,50,0.45871559633027525,0.8257575757575758,0.9174311926605505,1,59,9,0,False,1,0.15254237288135594,0,0,8,3,False
12,4,44,108,64,0.5925925925925926,3.6666666666666665,1.699673171197595,9,3.6666666666666665,1.7480147469502527,6,0,3,3.0,0.0,0,13,0.29545454545454547,0.3333333333333333,0.5909090909090909,3,54,64,10,True,3,1.1851851851851851,0,0,4,3,False
22,9,327,424,97,0.22877358490566038,14.863636363636363,3.0791890098981725,20,14.863636363636363,3.1376808828040574,20,0,4,2.4444444444444446,0.8314794192830981,0,162,0.4954128440366973,0.7077922077922078,0.9908256880733946,1,212,97,2,True,2,0.45754716981132076,0,0,9,3,False
7,4,26,36,10,0.2777777777777778,3.7142857142857144,1.1605769149479943,6,3.7142857142857144,1.4846149779161804,6,0,2,1.75,0.4330127018922193,1,10,0.38461538461538464,0.6190476190476191,0.7692307692307693,1,18,10,2,True,2,0.5555555555555556,0,0,4,5,False
5,2,7,12,5,0.4166666666666667,1.4,0.4898979485566356,2,1.4,1.019803902718557,3,0,3,2.5,0.5,0,2,0.2857142857142857,0.35,0.5714285714285714,1,6,5,2,True,3,0.8333333333333334,0,0,2,6,False
30,9,419,778,359,0.461439588688946,13.966666666666667,3.1883468373995263,22,13.966666666666667,2.786674641136915,19,0,6,3.3333333333333335,1.5634719199411433,0,196,0.4677804295942721,0.48160919540229885,0.9355608591885441,1,389,359,4,True,3,0.922879177377892,0,0,9,1,False
5,4,18,18,0,0.0,3.6,0.4898979485566356,4,3.6,0.4898979485566356,4,0,2,1.25,0.4330127018922193,3,9,0.5,0.9,1.0,1,9,0,0,False,0,0.0,0,0,4,6,False
9,7,56,68,12,0.17647058823529413,6.222222222222222,0.628539361054709,8,6.222222222222222,2.3934065809486684,8,0,2,1.2857142857142858,0.45175395145262565,5,24,0.42857142857142855,0.7777777777777778,0.8571428571428571,1,34,12,0,False,1,0.35294117647058826,0,0,7,8,False
8,7,54,54,0,0.0,6.75,0.4330127018922193,7,6.75,0.4330127018922193,7,0,2,1.1428571428571428,0.3499271061118826,6,27,0.5,0.9642857142857143,1.0,1,27,0,0,False,0,0.0,0,0,7,6,False
21,9,250,380,130,0.34210526315789475,11.904761904761905,3.3651542369628102,20,11.904761904761905,5.432746932172061,20,0,4,2.3333333333333335,1.1547005383792515,3,96,0.384,0.5952380952380952,0.768,1,190,130,18,True,2,0.6842105263157895,0,0,9,8,False
9,6,62,66,4,0.06060606060606061,6.888888888888889,0.8748897637790901,8,6.888888888888889,1.0999438818457405,8,0,2,1.5,0.5,3,29,0.46774193548387094,0.8611111111111112,0.9354838709677419,1,33,4,0,False,1,0.12121212121212122,0,0,6,2,False
5,4,18,18,0,0.0,3.6,0.4898979485566356,4,3.6,0.4898979485566356,4,0,2,1.25,0.4330127018922193,3,9,0.5,0.9,1.0,1,9,0,0,False,0,0.0,0,0,4,6,False
10,6,58,82,24,0.2926829268292683,5.8,1.1661903789690602,9,5.8,2.925747767665559,9,0,2,1.6666666666666667,0.4714045207910317,2,23,0.39655172413793105,0.6444444444444445,0.7931034482758621,1,41,24,7,True,2,0.5853658536585366,0,0,6,6,False
10,5,47,76,29,0.3815789473684211,4.7,0.45825756949558405,5,4.7,3.287856444554719,9,0,3,2.0,0.8944271909999159,2,15,0.3191489361702128,0.5222222222222223,0.6382978723404256,3,38,29,1,True,2,0.7631578947368421,0,0,5,5,False
5,2,7,8,1,0.125,1.4,0.8,3,1.4,1.3564659966250536,4,0,4,2.5,1.5,1,3,0.42857142857142855,0.35,0.8571428571428571,1,4,1,0,False,1,0.25,0,0,2,7,False
11,6,88,94,6,0.06382978723404255,8.0,1.1281521496355325,10,8.0,2.0,10,0,4,1.8333333333333333,1.0671873729054748,3,41,0.4659090909090909,0.8,0.9318181818181818,1,47,6,0,False,1,0.1276595744680851,0,0,6,4,False
3,3,6,6,0,0.0,2.0,0.0,2,2.0,0.0,2,0,1,1.0,0.0,3,3,0.5,1.0,1.0,1,3,0,0,False,0,0.0,0,0,3,1,False
14,9,147,172,25,0.14534883720930233,10.5,1.546886273407694,13,10.5,2.5,13,0,2,1.5555555555555556,0.4969039949999533,4,67,0.4557823129251701,0.8076923076923077,0.9115646258503401,1,86,25,0,False,1,0.29069767441860467,0,0,9,6,False
2,2,2,2,0,0.0,1.0,0.0,1,1.0,0.0,1,0,1,1.0,0.0,2,1,0.5,1.0,1.0,1,0,0,0,False,0,,0,0,2,5,False
4,3,9,10,1,0.1,2.25,0.4330127018922193,3,2.25,0.82915619758885,3,0,2,1.3333333333333333,0.4714045207910317,2,4,0.4444444444444444,0.75,0.8888888888888888,1,5,1,0,False,1,0.2,0,0,3,3,False
3,3,6,6,0,0.0,2.0,0.0,2,2.0,0.0,2,0,1,1.0,0.0,3,3,0.5,1.0,1.0,1,3,0,0,False,0,0.0,0,0,3,7,False
10,9,87,88,1,0.011363636363636364,8.7,0.45825756949558394,9,8.7,0.6403124237432849,9,0,2,1.1111111111111112,0.3142696805273545,8,43,0.4942528735632184,0.9666666666666667,0.9885057471264368,1,44,1,0,False,1,0.022727272727272728,0,0,9,3,False
32,10,440,904,464,0.5132743362831859,13.75,3.5089172119045497,30,13.75,2.23606797749979,19,0,6,3.2,1.32664991614216,0,212,0.4818181818181818,0.4435483870967742,0.9636363636363636,1,452,464,4,True,2,1.0265486725663717,0,0,10,1,False
8,5,45,48,3,0.0625,5.625,0.9921567416492215,7,5.625,1.2183492931011204,7,0,3,1.6,0.8,3,21,0.4666666666666667,0.8035714285714286,0.9333333333333333,1,24,3,0,False,1,0.125,0,0,5,8,False
17,9,194,252,58,0.23015873015873015,11.411764705882353,2.0596636941190116,16,11.411764705882353,3.820360677912828,16,0,3,1.8888888888888888,0.7370277311900889,3,81,0.4175257731958763,0.7132352941176471,0.8350515463917526,1,126,58,6,True,2,0.4603174603174603,0,0,9,1,False
8,2,10,32,22,0.6875,1.25,0.4330127018922193,2,1.25,0.4330127018922193,2,0,4,4.0,0.0,0,5,0.5,0.17857142857142858,1.0,3,16,22,0,False,1,1.375,0,0,2,4,False
14,3,49,128,79,0.6171875,3.5,2.1957751641341994,10,3.5,1.7217101133134214,6,0,6,4.666666666666667,0.9428090415820634,0,14,0.2857142857142857,0.2692307692307692,0.5714285714285714,3,64,79,9,True,3,1.234375,1,0,3,6,True
4,4,12,12,0,0.0,3.0,0.0,3,3.0,0.0,3,0,1,1.0,0.0,4,6,0.5,1.0,1.0,1,6,0,0,False,0,0.0,0,0,4,4,False
8,6,44,52,8,0.15384615384615385,5.5,0.8660254037844386,7,5.5,1.5,7,0,2,1.3333333333333333,0.47140452079103173,4,20,0.45454545454545453,0.7857142857142857,0.9090909090909091,1,26,8,0,False,1,0.3076923076923077,0,0,6,8,False
8,6,51,52,1,0.019230769230769232,6.375,0.4841229182759271,7,6.375,0.6959705453537527,7,0,2,1.3333333333333333,0.4714045207910317,4,25,0.49019607843137253,0.9107142857142857,0.9803921568627451,1,26,1,0,False,1,0.038461538461538464,0,0,6,6,False
12,7,112,122,10,0.08196721311475409,9.333333333333334,0.4714045207910317,10,9.333333333333334,1.7480147469502525,11,0,2,1.7142857142857142,0.45175395145262565,2,53,0.4732142857142857,0.8484848484848485,0.9464285714285714,1,61,10,0,False,1,0.16393442622950818,0,0,7,4,False
4,4,12,12,0,0.0,3.0,0.0,3,3.0,0.0,3,0,1,1.0,0.0,4,6,0.5,1.0,1.0,1,6,0,0,False,0,0.0,0,0,4,8,False
17,4,68,216,148,0.6851851851851852,4.0,0.7669649888473704,5,4.0,0.7669649888473704,5,0,5,4.25,0.4330127018922193,0,34,0.5,0.25,1.0,3,108,148,0,False,1,1.3703703703703705,0,0,4,2,False
50,8,627,2158,1531,0.7094531974050047,12.54,4.805039021693789,39,12.54,5.629245064837735,39,0,11,6.25,1.920286436967152,0,288,0.45933014354066987,0.2559183673469388,0.9186602870813397,1,1079,1531,29,True,3,1.4189063948100094,0,0,8,6,False
23,9,234,468,234,0.5,10.173913043478262,3.157491766150488,21,10.173913043478262,2.8840215568307825,18,0,3,2.5555555555555554,0.49690399499995325,0,106,0.452991452991453,0.4624505928853755,0.905982905982906,1,234,234,11,True,2,1.0,3,0,9,4,True
16,3,37,162,125,0.7716049382716049,2.3125,0.582961190818051,4,2.3125,2.171369095755026,9,0,7,5.333333333333333,1.699673171197595,0,11,0.2972972972972973,0.15416666666666667,0.5945945945945946,6,81,125,11,True,2,1.5432098765432098,0,0,3,4,False
3,3,6,6,0,0.0,2.0,0.0,2,2.0,0.0,2,0,1,1.0,0.0,3,3,0.5,1.0,1.0,1,3,0,0,False,0,0.0,0,0,3,7,False
20,9,216,352,136,0.38636363636363635,10.8,2.039607805437114,16,10.8,3.4871191548325386,19,0,3,2.2222222222222223,0.6285393610547089,1,101,0.4675925925925926,0.5684210526315789,0.9351851851851852,1,176,136,4,True,3,0.7727272727272727,0,0,9,4,False
3,2,4,4,0,0.0,1.3333333333333333,0.4714045207910317,2,1.3333333333333333,0.4714045207910317,2,0,2,1.5,0.5,1,2,0.5,0.6666666666666666,1.0,1,2,0,0,False,0,0.0,0,0,2,7,False
7,7,42,42,0,0.0,6.0,0.0,6,6.0,0.0,6,0,1,1.0,0.0,7,21,0.5,1.0,1.0,1,21,0,0,False,0,0.0,0,0,7,3,False
12,7,97,120,23,0.19166666666666668,8.083333333333334,1.1873172373979173,10,8.083333333333334,3.01270458042087,11,0,3,1.7142857142857142,0.6998542122237652,3,43,0.44329896907216493,0.7348484848484849,0.8865979381443299,1,60,23,2,True,2,0.38333333333333336,0,0,7,8,False
11,7,71,100,29,0.29,6.454545454545454,0.6555547773570889,8,6.454545454545454,3.846217418419305,10,0,3,1.5714285714285714,0.7284313590846835,4,25,0.352112676056338,0.6454545454545455,0.704225352112676,1,50,29,4,True,2,0.58,0,0,7,8,False
5,3,13,16,3,0.1875,2.6,0.8,4,2.6,1.019803902718557,4,0,2,1.6666666666666667,0.4714045207910317,1,6,0.46153846153846156,0.65,0.9230769230769231,1,8,3,1,True,2,0.375,0,0,3,7,False
19,7,195,278,83,0.29856115107913667,10.263157894736842,3.7394357196487604,18,10.263157894736842,4.940084223266238,18,0,6,2.7142857142857144,2.1189138534559038,3,84,0.4307692307692308,0.5701754385964912,0.8615384615384616,1,139,83,3,True,2,0.5971223021582733,0,0,7,8,False
5,5,20,20,0,0.0,4.0,0.0,4,4.0,0.0,4,0,1,1.0,0.0,5,10,0.5,1.0,1.0,1,10,0,0,False,0,0.0,0,0,5,8,False
15,5,87,166,79,0.4759036144578313,5.8,3.3306655991458123,14,5.8,3.4871191548325386,14,0,5,3.0,1.6733200530681511,2,38,0.4367816091954023,0.4142857142857143,0.8735632183908046,1,83,79,6,True,2,0.9518072289156626,0,0,5,2,False
3,3,6,6,0,0.0,2.0,0.0,2,2.0,0.0,2,0,1,1.0,0.0,3,3,0.5,1.0,1.0,1,3,0,0,False,0,0.0,0,0,3,4,False
10,7,74,84,10,0.11904761904761904,7.4,1.0198039027185568,9,7.4,2.2891046284519194,9,0,2,1.4285714285714286,0.4948716593053935,4,32,0.43243243243243246,0.8222222222222222,0.8648648648648649,1,42,10,1,True,2,0.23809523809523808,0,0,7,7,False
18,9,184,278,94,0.3381294964028777,10.222222222222221,1.842569327975222,14,10.222222222222221,5.523239342949585,17,0,4,2.0,1.0540925533894598,4,66,0.358695652173913,0.6013071895424836,0.717391304347826,1,139,94,2,True,2,0.6762589928057554,0,0,9,6,False
17,9,210,248,38,0.1532258064516129,12.352941176470589,1.3694643208026842,14,12.352941176470589,4.80123974762632,16,0,4,1.8888888888888888,0.9938079899999066,4,89,0.4238095238095238,0.7720588235294118,0.8476190476190476,1,124,38,3,True,2,0.3064516129032258,0,0,9,1,False
33,9,578,942,364,0.386411889596603,17.515151515151516,3.33140440056044,22,17.515151515151516,6.972331517880154,26,0,7,3.6666666666666665,1.699673171197595,0,262,0.4532871972318339,0.5473484848484849,0.9065743944636678,1,471,364,6,True,2,0.772823779193206,0,0,9,2,False
25,5,124,486,362,0.7448559670781894,4.96,1.731588865753069,10,4.96,2.5687350972803715,13,0,7,5.0,1.6733200530681511,0,57,0.4596774193548387,0.20666666666666667,0.9193548387096774,2,243,362,8,True,2,1.4897119341563787,0,0,5,2,False
11,5,64,94,30,0.3191489361702128,5.818181818181818,1.33608531424537,9,5.818181818181818,2.9176011883420383,10,0,3,2.2,0.7483314773547882,1,25,0.390625,0.5818181818181818,0.78125,1,47,30,3,True,2,0.6382978723404256,0,0,5,8,False
19,9,232,310,78,0.25161290322580643,12.210526315789474,1.7645320646568643,15,12.210526315789474,4.990295291003604,18,0,5,2.111111111111111,1.0999438818457405,2,101,0.4353448275862069,0.6783625730994152,0.8706896551724138,1,155,78,0,False,1,0.5032258064516129,0,0,9,2,False
16,8,183,214,31,0.14485981308411214,11.4375,2.6450129961873534,15,11.4375,3.2204182569970627,15,0,4,2.0,1.118033988749895,4,84,0.45901639344262296,0.7625,0.9180327868852459,1,107,31,0,False,1,0.2897196261682243,0,0,8,1,False
13,3,31,112,81,0.7232142857142857,2.3846153846153846,0.6249260311258431,4,2.3846153846153846,1.7337581030130225,5,0,5,4.333333333333333,0.4714045207910317,0,9,0.2903225806451613,0.1987179487179487,0.5806451612903226,3,56,81,9,True,3,1.4464285714285714,0,0,3,8,False
11,8,90,104,14,0.1346153846153846,8.181818181818182,0.385694607919935,9,8.181818181818182,2.551939790476036,10,0,2,1.375,0.4841229182759271,5,40,0.4444444444444444,0.8181818181818182,0.8888888888888888,1,52,14,0,False,1,0.2692307692307692,0,0,8,3,False
17,9,188,248,60,0.24193548387096775,11.058823529411764,2.0137932668969047,16,11.058823529411764,5.274473357990564,16,0,4,1.8888888888888888,0.9938079899999066,4,74,0.39361702127659576,0.6911764705882353,0.7872340425531915,1,124,60,0,False,1,0.4838709677419355,0,0,9,4,False
19,9,208,310,102,0.32903225806451614,10.947368421052632,2.282050883018821,15,10.947368421052632,5.472165781292644,18,0,4,2.111111111111111,1.0999438818457405,3,71,0.34134615384615385,0.6081871345029239,0.6826923076923077,2,155,102,23,True,2,0.6580645161290323,0,0,9,6,False
46,10,1066,1866,800,0.4287245444801715,23.17391304347826,8.14089074238164,45,23.17391304347826,9.976721487774052,45,0,7,4.6,1.9595917942265424,1,415,0.3893058161350844,0.514975845410628,0.7786116322701688,1,933,800,67,True,3,0.857449088960343,0,0,10,7,False
4,4,12,12,0,0.0,3.0,0.0,3,3.0,0.0,3,0,1,1.0,0.0,4,6,0.5,1.0,1.0,1,6,0,0,False,0,0.0,0,0,4,4,False
5,4,18,18,0,0.0,3.6,0.4898979485566356,4,3.6,0.4898979485566356,4,0,2,1.25,0.4330127018922193,3,9,0.5,0.9,1.0,1,9,0,0,False,0,0.0,0,0,4,7,False
3,2,4,4,0,0.0,1.3333333333333333,0.4714045207910317,2,1.3333333333333333,0.4714045207910317,2,0,2,1.5,0.5,1,2,0.5,0.6666666666666666,1.0,1,2,0,0,False,0,0.0,0,0,2,2,False
13,6,105,136,31,0.22794117647058823,8.076923076923077,1.817078740156572,10,8.076923076923077,3.7715848221942347,12,0,3,2.1666666666666665,0.8975274678557507,2,41,0.3904761904761905,0.6730769230769231,0.780952380952381,1,68,31,2,True,3,0.45588235294117646,0,0,6,3,False
20,9,205,354,149,0.4209039548022599,10.25,2.680951323690902,17,10.25,2.896118091514916,18,0,3,2.2222222222222223,0.41573970964154905,0,92,0.44878048780487806,0.5394736842105263,0.8975609756097561,1,177,149,10,True,2,0.8418079096045198,0,0,9,8,False
8,3,23,42,19,0.4523809523809524,2.875,0.9270248108869579,5,2.875,1.6909686573085854,6,0,3,2.6666666666666665,0.4714045207910317,0,9,0.391304347826087,0.4107142857142857,0.782608695652174,1,21,19,4,True,2,0.9047619047619048,0,0,3,8,False
13,5,95,126,31,0.24603174603174602,7.3076923076923075,2.4615384615384617,12,7.3076923076923075,2.642394467279641,12,0,4,2.6,1.3564659966250536,2,46,0.4842105263157895,0.6089743589743589,0.968421052631579,1,63,31,3,True,2,0.49206349206349204,0,0,5,6,False
14,10,170,172,2,0.011627906976744186,12.142857142857142,0.7423074889580902,13,12.142857142857142,0.9897433186107869,13,0,3,1.4,0.66332495807108,7,84,0.49411764705882355,0.9340659340659341,0.9882352941176471,1,86,2,0,False,1,0.023255813953488372,0,0,10,5,False
13,7,99,140,41,0.29285714285714287,7.615384615384615,1.146128032750103,10,7.615384615384615,2.815846956572789,12,0,3,1.8571428571428572,0.8329931278350429,3,44,0.4444444444444444,0.6346153846153846,0.8888888888888888,1,70,41,0,False,1,0.5857142857142857,0,0,7,5,False
8,6,46,52,6,0.11538461538461539,5.75,0.6614378277661477,7,5.75,1.920286436967152,7,0,2,1.3333333333333333,0.4714045207910317,4,20,0.43478260869565216,0.8214285714285714,0.8695652173913043,1,26,6,0,False,1,0.23076923076923078,0,0,6,8,False
28,10,386,678,292,0.4306784660766962,13.785714285714286,5.684296305594556,27,13.785714285714286,6.337851950538035,27,0,6,2.8,1.661324772583615,3,169,0.4378238341968912,0.5105820105820106,0.8756476683937824,1,339,292,13,True,3,0.8613569321533924,0,0,10,4,False
14,7,115,164,49,0.29878048780487804,8.214285714285714,0.7726181304565691,10,8.214285714285714,3.7450647796909515,13,0,3,2.0,0.7559289460184544,2,41,0.3565217391304348,0.6318681318681318,0.7130434782608696,1,82,49,8,True,2,0.5975609756097561,0,0,7,7,False
18,10,261,270,9,0.03333333333333333,14.5,2.1147629234082532,17,14.5,2.4776781245530843,17,0,6,1.8,1.469693845669907,6,128,0.4904214559386973,0.8529411764705882,0.9808429118773946,1,135,9,0,False,1,0.06666666666666667,0,0,10,3,False
4,4,12,12,0,0.0,3.0,0.0,3,3.0,0.0,3,0,1,1.0,0.0,4,6,0.5,1.0,1.0,1,6,0,0,False,0,0.0,0,0,4,8,False
8,8,56,56,0,0.0,7.0,0.0,7,7.0,0.0,7,0,1,1.0,0.0,8,28,0.5,1.0,1.0,1,28,0,0,False,0,0.0,0,0,8,7,False
6,2,10,16,6,0.375,1.6666666666666667,0.4714045207910317,2,1.6666666666666667,1.795054935711501,4,0,4,3.0,1.0,0,2,0.2,0.3333333333333333,0.4,1,8,6,0,False,1,0.75,0,0,2,7,False
2,2,2,2,0,0.0,1.0,0.0,1,1.0,0.0,1,0,1,1.0,0.0,2,1,0.5,1.0,1.0,1,0,0,0,False,0,,0,0,2,2,False
10,4,44,64,20,0.3125,4.4,1.9078784028338913,9,4.4,2.4979991993593593,9,0,5,2.5,1.6583123951777,2,18,0.4090909090909091,0.4888888888888889,0.8181818181818182,1,32,20,3,True,2,0.625,0,0,4,2,False
2,2,2,2,0,0.0,1.0,0.0,1,1.0,0.0,1,0,1,1.0,0.0,2,1,0.5,1.0,1.0,1,0,0,0,False,0,,0,0,2,1,False
31,6,261,742,481,0.6482479784366577,8.419354838709678,3.5448662884686852,16,8.419354838709678,6.215351408581337,23,0,11,5.166666666666667,3.131382371342656,0,74,0.2835249042145594,0.2806451612903226,0.5670498084291188,2,371,481,47,True,3,1.2964959568733154,0,0,6,5,False
9,7,66,68,2,0.029411764705882353,7.333333333333333,0.816496580927726,8,7.333333333333333,0.9428090415820634,8,0,2,1.2857142857142858,0.45175395145262565,5,32,0.48484848484848486,0.9166666666666666,0.9696969696969697,1,34,2,0,False,1,0.058823529411764705,0,0,7,4,False
5,3,13,16,3,0.1875,2.6,0.8,4,2.6,0.8,4,0,2,1.6666666666666667,0.4714045207910317,1,6,0.46153846153846156,0.65,0.9230769230769231,1,8,3,0,False,1,0.375,0,0,3,5,False
15,4,60,168,108,0.6428571428571429,4.0,1.3165611772087666,7,4.0,2.280350850198276,8,0,4,3.75,0.4330127018922193,0,16,0.26666666666666666,0.2857142857142857,0.5333333333333333,3,84,108,18,True,3,1.2857142857142858,4,0,4,4,True
16,5,119,204,85,0.4166666666666667,7.4375,2.5731486062798625,13,7.4375,2.524102563288584,11,0,4,3.2,0.39999999999999997,0,53,0.44537815126050423,0.49583333333333335,0.8907563025210085,1,102,85,7,True,2,0.8333333333333334,0,0,5,4,False
14,10,148,170,22,0.12941176470588237,10.571428571428571,0.8206518066482901,11,10.571428571428571,4.06578556307363,13,0,3,1.4,0.8,8,63,0.42567567567567566,0.8131868131868132,0.8513513513513513,1,85,22,0,False,1,0.25882352941176473,0,0,10,5,False
11,9,99,104,5,0.04807692307692308,9.0,0.7385489458759964,10,9.0,2.04494943258218,10,0,3,1.2222222222222223,0.628539361054709,8,47,0.47474747474747475,0.9,0.9494949494949495,1,52,5,0,False,1,0.09615384615384616,0,0,9,4,False
5,4,17,18,1,0.05555555555555555,3.4,0.4898979485566356,4,3.4,0.8,4,0,2,1.25,0.4330127018922193,3,8,0.47058823529411764,0.85,0.9411764705882353,1,9,1,0,False,1,0.1111111111111111,0,0,4,7,False
13,5,68,130,62,0.47692307692307695,5.230769230769231,2.1538461538461537,12,5.230769230769231,2.258448962446646,12,0,4,2.6,1.019803902718557,1,31,0.45588235294117646,0.4358974358974359,0.9117647058823529,1,65,62,4,True,2,0.9538461538461539,0,0,5,2,False
10,8,72,86,14,0.16279069767441862,7.2,0.39999999999999997,8,7.2,3.1559467676119,9,0,2,1.25,0.4330127018922193,6,30,0.4166666666666667,0.8,0.8333333333333334,1,43,14,2,True,2,0.32558139534883723,0,0,8,6,False
5,5,20,20,0,0.0,4.0,0.0,4,4.0,0.0,4,0,1,1.0,0.0,5,10,0.5,1.0,1.0,1,10,0,0,False,0,0.0,0,0,5,5,False
15,7,112,176,64,0.36363636363636365,7.466666666666667,1.9618585292749549,11,7.466666666666667,4.573352769637999,14,0,5,2.142857142857143,1.5518257844571737,4,48,0.42857142857142855,0.5333333333333333,0.8571428571428571,1,88,64,0,False,1,0.7272727272727273,0,0,7,1,False
11,3,40,78,38,0.48717948717948717,3.6363636363636362,1.067940011315521,5,3.6363636363636362,1.067940011315521,5,0,5,3.6666666666666665,0.9428090415820634,0,20,0.5,0.36363636363636365,1.0,1,39,38,0,False,1,0.9743589743589743,0,0,3,3,False
8,6,45,52,7,0.1346153846153846,5.625,0.6959705453537527,7,5.625,1.7275343701356567,7,0,2,1.3333333333333333,0.4714045207910317,4,20,0.4444444444444444,0.8035714285714286,0.8888888888888888,1,26,7,0,False,1,0.2692307692307692,0,0,6,8,False
9,6,52,64,12,0.1875,5.777777777777778,0.41573970964154905,6,5.777777777777778,2.698879511442471,8,0,3,1.5,0.7637626158259734,4,20,0.38461538461538464,0.7222222222222222,0.7692307692307693,1,32,12,0,False,1,0.375,0,0,6,8,False
22,7,149,414,265,0.6400966183574879,6.7727272727272725,1.2406676421778347,12,6.7727272727272725,1.2767792641080127,12,0,4,3.142857142857143,0.3499271061118826,0,74,0.4966442953020134,0.3225108225108225,0.9932885906040269,2,207,265,1,True,2,1.2801932367149758,0,0,7,3,False
4,4,12,12,0,0.0,3.0,0.0,3,3.0,0.0,3,0,1,1.0,0.0,4,6,0.5,1.0,1.0,1,6,0,0,False,0,0.0,0,0,4,5,False
5,4,18,18,0,0.0,3.6,0.4898979485566356,4,3.6,0.4898979485566356,4,0,2,1.25,0.4330127018922193,3,9,0.5,0.9,1.0,1,9,0,0,False,0,0.0,0,0,4,4,False
11,5,60,96,36,0.375,5.454545454545454,1.4373989364401725,7,5.454545454545454,1.4373989364401725,7,0,3,2.2,0.39999999999999997,0,30,0.5,0.5454545454545454,1.0,1,48,36,0,False,1,0.75,0,0,5,3,False
7,6,37,40,3,0.075,5.285714285714286,0.4517539514526256,6,5.285714285714286,1.3850513878332367,6,0,2,1.1666666666666667,0.3726779962499649,5,17,0.4594594594594595,0.8809523809523809,0.918918918918919,1,20,3,0,False,1,0.15,0,0,6,8,False
18,10,227,280,53,0.18928571428571428,12.61111111111111,1.5683993570547894,15,12.61111111111111,5.386597450967116,17,0,4,1.8,1.0770329614269007,6,94,0.41409691629955947,0.7418300653594772,0.8281938325991189,1,140,53,7,True,2,0.37857142857142856,0,0,10,7,False
25,8,326,522,196,0.37547892720306514,13.04,3.091666217430336,19,13.04,5.234348096945789,24,0,6,3.125,1.7633419974582356,2,150,0.4601226993865031,0.5433333333333333,0.9202453987730062,1,261,196,7,True,2,0.7509578544061303,0,0,8,5,False
6,4,22,26,4,0.15384615384615385,3.6666666666666665,0.9428090415820634,5,3.6666666666666665,1.247219128924647,5,0,2,1.5,0.5,2,10,0.45454545454545453,0.7333333333333333,0.9090909090909091,1,13,4,2,True,2,0.3076923076923077,0,0,4,8,False
13,7,98,140,42,0.3,7.538461538461538,1.08240363688233,9,7.538461538461538,3.1772117581635975,12,0,3,1.8571428571428572,0.8329931278350429,3,36,0.3673469387755102,0.6282051282051282,0.7346938775510204,1,70,42,2,True,2,0.6,0,0,7,4,False
24,7,289,452,163,0.3606194690265487,12.041666666666666,6.017191805337621,23,12.041666666666666,6.03792987887589,23,0,7,3.4285714285714284,2.4411439272335804,2,143,0.49480968858131485,0.5235507246376812,0.9896193771626297,1,226,163,2,True,3,0.7212389380530974,0,0,7,1,False
13,8,101,140,39,0.2785714285714286,7.769230769230769,0.9730085108210399,9,7.769230769230769,4.041207857404214,12,0,4,1.625,0.9921567416492215,5,39,0.38613861386138615,0.6474358974358975,0.7722772277227723,1,70,39,4,True,2,0.5571428571428572,0,0,8,7,False
15,10,173,196,23,0.11734693877551021,11.533333333333333,2.0933757957476775,14,11.533333333333333,2.4458581770458854,14,0,3,1.5,0.806225774829855,7,85,0.4913294797687861,0.8238095238095238,0.9826589595375722,1,98,23,0,False,1,0.23469387755102042,0,0,10,3,False
3,2,4,4,0,0.0,1.3333333333333333,0.4714045207910317,2,1.3333333333333333,0.4714045207910317,2,0,2,1.5,0.5,1,2,0.5,0.6666666666666666,1.0,1,2,0,0,False,0,0.0,0,0,2,4,False
23,7,216,440,224,0.509090909090909,9.391304347826088,3.632451925948769,22,9.391304347826088,3.784856903099193,22,0,5,3.2857142857142856,1.3850513878332367,1,100,0.46296296296296297,0.4268774703557312,0.9259259259259259,1,220,224,9,True,2,1.018181818181818,0,0,7,5,False
31,10,655,824,169,0.20509708737864077,21.129032258064516,5.463910542671271,30,21.129032258064516,5.487475096475909,30,0,6,3.1,2.022374841615669,4,324,0.4946564885496183,0.7043010752688172,0.9893129770992366,1,412,169,3,True,2,0.41019417475728154,0,0,10,1,False
16,10,144,198,54,0.2727272727272727,9.0,0.0,9,9.0,7.115124735378854,15,0,7,1.6,1.8000000000000003,9,45,0.3125,0.6,0.625,1,99,54,0,False,1,0.5454545454545454,0,0,10,2,False
10,9,88,88,0,0.0,8.8,0.4,9,8.8,0.4,9,0,2,1.1111111111111112,0.3142696805273545,8,44,0.5,0.9777777777777777,1.0,1,44,0,0,False,0,0.0,0,0,9,5,False
2,2,2,2,0,0.0,1.0,0.0,1,1.0,0.0,1,0,1,1.0,0.0,2,1,0.5,1.0,1.0,1,0,0,0,False,0,,0,0,2,5,False
19,6,123,300,177,0.59,6.473684210526316,1.7280479115138951,10,6.473684210526316,2.392277511023897,13,0,4,3.1666666666666665,0.3726779962499649,0,57,0.4634146341463415,0.35964912280701755,0.926829268292683,2,150,177,9,True,2,1.18,0,0,6,4,False
20,9,248,348,100,0.28735632183908044,12.4,1.5297058540778354,15,12.4,5.756735185849702,19,0,3,2.2222222222222223,0.9162456945817024,3,102,0.4112903225806452,0.6526315789473685,0.8225806451612904,1,174,100,12,True,2,0.5747126436781609,0,0,9,3,False
15,7,163,192,29,0.15104166666666666,10.866666666666667,1.2578641509408803,13,10.866666666666667,2.8952067667477954,13,0,3,2.142857142857143,0.34992710611188266,0,76,0.4662576687116564,0.7761904761904762,0.9325153374233128,1,96,29,1,True,2,0.3020833333333333,0,0,7,8,False
18,9,200,282,82,0.2907801418439716,11.11111111111111,2.4241582476968255,16,11.11111111111111,4.863570806275397,17,0,3,2.0,0.816496580927726,3,78,0.39,0.6535947712418301,0.78,1,141,82,11,True,2,0.5815602836879432,0,0,9,5,False
6,4,22,24,2,0.08333333333333333,3.6666666666666665,0.7453559924999299,5,3.6666666666666665,1.4907119849998598,5,0,3,1.5,0.8660254037844386,3,10,0.45454545454545453,0.7333333333333333,0.9090909090909091,1,12,2,0,False,1,0.16666666666666666,0,0,4,4,False
10,7,82,82,0,0.0,8.2,0.8717797887081348,9,8.2,0.8717797887081348,9,0,3,1.4285714285714286,0.7284313590846836,5,41,0.5,0.9111111111111111,1.0,1,41,0,0,False,0,0.0,0,0,7,7,False
9,8,64,70,6,0.08571428571428572,7.111111111111111,0.3142696805273545,8,7.111111111111111,2.182986967154278,8,0,2,1.125,0.33071891388307384,7,29,0.453125,0.8888888888888888,0.90625,1,35,6,0,False,1,0.17142857142857143,0,0,8,7,False
24,8,274,488,214,0.4385245901639344,11.416666666666666,2.5152313787977616,16,11.416666666666666,7.71317415566092,23,0,5,3.0,1.4142135623730951,1,79,0.28832116788321166,0.4963768115942029,0.5766423357664233,3,244,214,13,True,2,0.8770491803278688,0,0,8,7,False
4,3,10,10,0,0.0,2.5,0.5,3,2.5,0.5,3,0,2,1.3333333333333333,0.4714045207910317,2,5,0.5,0.8333333333333334,1.0,1,5,0,0,False,0,0.0,0,0,3,2,False
49,9,764,2118,1354,0.6392823418319169,15.591836734693878,8.953207992730848,45,15.591836734693878,8.985063268142753,45,0,8,5.444444444444445,1.3425606637327303,0,378,0.49476439790575916,0.32482993197278914,0.9895287958115183,1,1059,1354,6,True,3,1.2785646836638338,0,0,9,2,False
5,2,8,12,4,0.3333333333333333,1.6,0.4898979485566356,2,1.6,0.8,3,0,3,2.5,0.5,0,3,0.375,0.4,0.75,2,6,4,0,False,1,0.6666666666666666,0,0,2,8,False
6,2,6,18,12,0.6666666666666666,1.0,0.0,1,1.0,0.0,1,0,3,3.0,0.0,0,3,0.5,0.2,1.0,3,9,12,0,False,1,1.3333333333333333,0,0,2,1,False
8,8,56,56,0,0.0,7.0,0.0,7,7.0,0.0,7,0,1,1.0,0.0,8,28,0.5,1.0,1.0,1,28,0,0,False,0,0.0,0,0,8,8,False
9,6,54,66,12,0.18181818181818182,6.0,1.4142135623730951,8,6.0,1.4142135623730951,8,0,2,1.5,0.5,3,27,0.5,0.75,1.0,1,33,12,0,False,1,0.36363636363636365,0,0,6,1,False
7,7,42,42,0,0.0,6.0,0.0,6,6.0,0.0,6,0,1,1.0,0.0,7,21,0.5,1.0,1.0,1,21,0,0,False,0,0.0,0,0,7,3,False
6,6,30,30,0,0.0,5.0,0.0,5,5.0,0.0,5,0,1,1.0,0.0,6,15,0.5,1.0,1.0,1,15,0,0,False,0,0.0,0,0,6,5,False
11,4,48,90,42,0.4666666666666667,4.363636363636363,0.9791208740244551,6,4.363636363636363,1.2984415324623364,8,0,3,2.75,0.4330127018922193,0,22,0.4583333333333333,0.43636363636363634,0.9166666666666666,2,45,42,0,False,1,0.9333333333333333,0,0,4,3,False
4,3,9,10,1,0.1,2.25,0.4330127018922193,3,2.25,0.82915619758885,3,0,2,1.3333333333333333,0.4714045207910317,2,4,0.4444444444444444,0.75,0.8888888888888888,1,5,1,0,False,1,0.2,0,0,3,8,False
7,6,40,40,0,0.0,5.714285714285714,0.4517539514526256,6,5.714285714285714,0.4517539514526256,6,0,2,1.1666666666666667,0.3726779962499649,5,20,0.5,0.9523809523809523,1.0,1,20,0,0,False,0,0.0,0,0,6,4,False
9,3,28,46,18,0.391304347826087,3.111111111111111,0.7370277311900889,4,3.111111111111111,2.0245407953653998,8,0,5,3.0,1.632993161855452,1,12,0.42857142857142855,0.3888888888888889,0.8571428571428571,1,23,18,0,False,1,0.782608695652174,0,0,3,1,False
19,6,164,298,134,0.44966442953020136,8.631578947368421,2.1327157462478743,14,8.631578947368421,3.45208596459086,16,0,4,3.1666666666666665,0.6871842709362768,0,68,0.4146341463414634,0.47953216374269003,0.8292682926829268,1,149,134,14,True,3,0.8993288590604027,2,0,6,7,True
6,4,24,24,0,0.0,4.0,1.0,5,4.0,1.0,5,0,3,1.5,0.8660254037844386,3,12,0.5,0.8,1.0,1,12,0,0,False,0,0.0,0,0,4,1,False
10,8,80,86,6,0.06976744186046512,8.0,1.0,9,8.0,1.2649110640673518,9,0,2,1.25,0.4330127018922193,6,39,0.4875,0.8888888888888888,0.975,1,43,6,0,False,1,0.13953488372093023,0,0,8,2,False
4,4,12,12,0,0.0,3.0,0.0,3,3.0,0.0,3,0,1,1.0,0.0,4,6,0.5,1.0,1.0,1,6,0,0,False,0,0.0,0,0,4,4,False
3,2,4,4,0,0.0,1.3333333333333333,0.4714045207910317,2,1.3333333333333333,0.4714045207910317,2,0,2,1.5,0.5,1,2,0.5,0.6666666666666666,1.0,1,2,0,0,False,0,0.0,0,0,2,6,False
13,10,141,144,3,0.020833333333333332,10.846153846153847,1.3499945211372497,12,10.846153846153847,1.790837957972741,12,0,4,1.3,0.9000000000000001,9,69,0.48936170212765956,0.9038461538461539,0.9787234042553191,1,72,3,0,False,1,0.041666666666666664,0,0,10,5,False
14,10,154,172,18,0.10465116279069768,11.0,0.8451542547285166,12,11.0,3.251373336211726,13,0,3,1.4,0.66332495807108,7,68,0.44155844155844154,0.8461538461538461,0.8831168831168831,1,86,18,2,True,3,0.20930232558139536,0,0,10,5,False
21,9,275,380,105,0.27631578947368424,13.095238095238095,2.1581465130713635,19,13.095238095238095,5.172314227415054,20,0,5,2.3333333333333335,1.1547005383792515,2,113,0.4109090909090909,0.6547619047619048,0.8218181818181818,1,190,105,10,True,2,0.5526315789473685,0,0,9,7,False
6,5,24,28,4,0.14285714285714285,4.0,0.0,4,4.0,1.8257418583505538,5,0,2,1.2,0.4,4,10,0.4166666666666667,0.8,0.8333333333333334,1,14,4,0,False,1,0.2857142857142857,0,0,5,5,False
2,2,2,2,0,0.0,1.0,0.0,1,1.0,0.0,1,0,1,1.0,0.0,2,1,0.5,1.0,1.0,1,0,0,0,False,0,,0,0,2,7,False
23,10,281,468,187,0.3995726495726496,12.217391304347826,3.335663961533327,20,12.217391304347826,5.241610453975833,22,0,4,2.3,0.9,2,107,0.3807829181494662,0.5553359683794467,0.7615658362989324,1,234,187,28,True,2,0.7991452991452992,0,0,10,5,False
3,2,3,4,1,0.25,1.0,0.0,1,1.0,0.816496580927726,2,0,2,1.5,0.5,1,1,0.3333333333333333,0.5,0.6666666666666666,1,2,1,0,False,1,0.5,0,0,2,7,False
14,8,156,168,12,0.07142857142857142,11.142857142857142,1.0594569267279519,13,11.142857142857142,1.5050933932646768,13,0,3,1.75,0.6614378277661477,3,74,0.47435897435897434,0.8571428571428571,0.9487179487179487,1,84,12,0,False,1,0.14285714285714285,0,0,8,4,False
3,3,6,6,0,0.0,2.0,0.0,2,2.0,0.0,2,0,1,1.0,0.0,3,3,0.5,1.0,1.0,1,3,0,0,False,0,0.0,0,0,3,3,False
6,3,16,22,6,0.2727272727272727,2.6666666666666665,0.4714045207910317,3,2.6666666666666665,1.9720265943665387,5,0,3,2.0,0.816496580927726,1,5,0.3125,0.5333333333333333,0.625,1,11,6,0,False,1,0.5454545454545454,0,0,3,8,False
22,4,112,358,246,0.6871508379888268,5.090909090909091,2.484663703402991,14,5.090909090909091,2.9986222731764802,14,0,7,5.5,1.118033988749895,0,36,0.32142857142857145,0.24242424242424243,0.6428571428571429,2,179,246,19,True,3,1.3743016759776536,0,0,4,7,False
13,10,150,150,0,0.0,11.538461538461538,0.49851851526214314,12,11.538461538461538,0.49851851526214314,12,0,2,1.3,0.45825756949558405,7,75,0.5,0.9615384615384616,1.0,1,75,0,0,False,0,0.0,0,0,10,4,False
10,3,26,66,40,0.6060606060606061,2.6,1.0198039027185568,5,2.6,1.3564659966250536,5,0,4,3.3333333333333335,0.4714045207910317,0,11,0.4230769230769231,0.28888888888888886,0.8461538461538461,2,33,40,3,True,2,1.2121212121212122,0,0,3,7,False
10,9,88,88,0,0.0,8.8,0.39999999999999997,9,8.8,0.39999999999999997,9,0,2,1.1111111111111112,0.3142696805273545,8,44,0.5,0.9777777777777777,1.0,1,44,0,0,False,0,0.0,0,0,9,7,False
2,2,2,2,0,0.0,1.0,0.0,1,1.0,0.0,1,0,1,1.0,0.0,2,1,0.5,1.0,1.0,1,0,0,0,False,0,,0,0,2,6,False
7,2,8,12,4,0.3333333333333333,1.1428571428571428,0.3499271061118826,2,1.1428571428571428,2.0303814862216996,6,0,6,3.5,2.5,1,2,0.25,0.19047619047619047,0.5,1,6,4,0,False,1,0.6666666666666666,0,0,2,6,False
15,6,99,184,85,0.46195652173913043,6.6,1.6653327995729064,11,6.6,2.5768197453450252,11,0,4,2.5,0.7637626158259734,0,41,0.41414141414141414,0.4714285714285714,0.8282828282828283,1,92,85,9,True,3,0.9239130434782609,1,0,6,7,True
15,7,148,186,38,0.20430107526881722,9.866666666666667,1.7461067804945063,14,9.866666666666667,3.4615346628659114,14,0,3,2.142857142857143,0.989743318610787,3,65,0.4391891891891892,0.7047619047619048,0.8783783783783784,1,93,38,0,False,1,0.40860215053763443,0,0,7,3,False
9,7,65,68,3,0.04411764705882353,7.222222222222222,0.41573970964154905,8,7.222222222222222,1.227262335243029,8,0,2,1.2857142857142858,0.45175395145262565,5,31,0.47692307692307695,0.9027777777777778,0.9538461538461539,1,34,3,0,False,1,0.08823529411764706,0,0,7,2,False
3,3,6,6,0,0.0,2.0,0.0,2,2.0,0.0,2,0,1,1.0,0.0,3,3,0.5,1.0,1.0,1,3,0,0,False,0,0.0,0,0,3,3,False
7,6,40,40,0,0.0,5.714285714285714,0.45175395145262565,6,5.714285714285714,0.45175395145262565,6,0,2,1.1666666666666667,0.37267799624996495,5,20,0.5,0.9523809523809523,1.0,1,20,0,0,False,0,0.0,0,0,6,5,False
4,2,4,6,2,0.3333333333333333,1.0,0.0,1,1.0,1.224744871391589,3,0,3,2.0,1.0,1,1,0.25,0.3333333333333333,0.5,1,3,2,0,False,1,0.6666666666666666,0,0,2,5,False
12,3,34,96,62,0.6458333333333334,2.8333333333333335,1.0671873729054748,5,2.8333333333333335,2.1921577396609844,8,0,4,4.0,0.0,0,10,0.29411764705882354,0.25757575757575757,0.5882352941176471,2,48,62,8,True,2,1.2916666666666667,0,0,3,8,False
4,2,6,8,2,0.25,1.5,0.5,2,1.5,0.5,2,0,2,2.0,0.0,0,3,0.5,0.5,1.0,1,4,2,0,False,1,0.5,0,0,2,8,False
12,8,99,122,23,0.1885245901639344,8.25,1.3616778865306827,11,8.25,2.890357532670771,11,0,3,1.5,0.7071067811865476,5,44,0.4444444444444444,0.75,0.8888888888888888,1,61,23,2,True,2,0.3770491803278688,0,0,8,4,False
11,6,90,98,8,0.08163265306122448,8.181818181818182,0.7158188976374373,10,8.181818181818182,1.1134044285378082,10,0,3,1.8333333333333333,0.6871842709362768,2,43,0.4777777777777778,0.8181818181818182,0.9555555555555556,1,49,8,1,True,2,0.16326530612244897,0,0,6,5,False
22,8,277,414,137,0.3309178743961353,12.590909090909092,1.9225714529596911,16,12.590909090909092,2.886632056237714,17,0,5,2.75,1.0897247358851685,0,132,0.47653429602888087,0.5995670995670995,0.9530685920577617,1,207,137,8,True,2,0.6618357487922706,0,0,8,4,False
27,5,163,568,405,0.7130281690140845,6.037037037037037,3.4692456377322944,23,6.037037037037037,4.2642482858145945,14,0,8,5.4,1.7435595774162693,0,44,0.26993865030674846,0.23219373219373218,0.5398773006134969,6,284,405,38,True,2,1.426056338028169,0,0,5,3,False
9,3,33,52,19,0.36538461538461536,3.6666666666666665,1.4907119849998598,7,3.6666666666666665,1.9436506316151,7,0,4,3.0,0.816496580927726,0,14,0.42424242424242425,0.4583333333333333,0.8484848484848485,1,26,19,2,True,2,0.7307692307692307,0,0,3,7,False
3,3,6,6,0,0.0,2.0,0.0,2,2.0,0.0,2,0,1,1.0,0.0,3,3,0.5,1.0,1.0,1,3,0,0,False,0,0.0,0,0,3,6,False
9,9,72,72,0,0.0,8.0,0.0,8,8.0,0.0,8,0,1,1.0,0.0,9,36,0.5,1.0,1.0,1,36,0,0,False,0,0.0,0,0,9,4,False
9,9,72,72,0,0.0,8.0,0.0,8,8.0,0.0,8,0,1,1.0,0.0,9,36,0.5,1.0,1.0,1,36,0,0,False,0,0.0,0,0,9,8,False
9,5,52,62,10,0.16129032258064516,5.777777777777778,1.227262335243029,8,5.777777777777778,1.4740554623801778,8,0,3,1.8,0.7483314773547883,2,23,0.4423076923076923,0.7222222222222222,0.8846153846153846,1,31,10,0,False,1,0.3225806451612903,0,0,5,7,False
14,9,142,168,26,0.15476190476190477,10.142857142857142,1.7670452681218545,13,10.142857142857142,3.0438965360946453,13,0,3,1.5555555555555556,0.8314794192830981,6,62,0.43661971830985913,0.7802197802197802,0.8732394366197183,1,84,26,2,True,2,0.30952380952380953,0,0,9,6,False
28,9,350,678,328,0.4837758112094395,12.5,3.8867908172607972,18,12.5,4.55521678957215,18,0,6,3.111111111111111,1.4487116456005886,0,164,0.4685714285714286,0.46296296296296297,0.9371428571428572,2,339,328,20,True,3,0.967551622418879,0,0,9,3,False
24,5,164,456,292,0.6403508771929824,6.833333333333333,2.4094720491334933,12,6.833333333333333,2.9953667926019047,12,0,6,4.8,0.9797958971132712,0,71,0.4329268292682927,0.2971014492753623,0.8658536585365854,1,228,292,15,True,3,1.280701754385965,5,0,5,3,True
13,3,55,92,37,0.40217391304347827,4.230769230769231,2.043896962397911,9,4.230769230769231,2.7499327587260733,11,0,8,4.333333333333333,2.6246692913372702,0,19,0.34545454545454546,0.3525641025641026,0.6909090909090909,1,46,37,4,True,2,0.8043478260869565,0,0,3,5,False
13,6,88,134,46,0.34328358208955223,6.769230769230769,2.635667953694125,12,6.769230769230769,2.6646935501059654,12,0,4,2.1666666666666665,1.0671873729054748,2,39,0.4431818181818182,0.5641025641025641,0.8863636363636364,1,67,46,2,True,2,0.6865671641791045,0,0,6,5,False
8,4,32,36,4,0.1111111111111111,4.0,1.7320508075688772,7,4.0,2.345207879911715,7,0,5,2.0,1.7320508075688772,3,14,0.4375,0.5714285714285714,0.875,1,18,4,0,False,1,0.2222222222222222,0,0,4,1,False
17,10,190,254,64,0.25196850393700787,11.176470588235293,2.2290935672348726,16,11.176470588235293,4.767972736272811,16,0,3,1.7,0.7810249675906655,5,77,0.4052631578947368,0.6985294117647058,0.8105263157894737,1,127,64,4,True,2,0.5039370078740157,0,0,10,7,False
16,7,166,212,46,0.2169811320754717,10.375,2.5708704751503917,15,10.375,2.54644359843292,15,0,4,2.2857142857142856,1.0301575072754257,2,82,0.4939759036144578,0.6916666666666667,0.9879518072289156,1,106,46,0,False,1,0.4339622641509434,0,0,7,2,False
11,7,94,100,6,0.06,8.545454545454545,1.304790917673393,10,8.545454545454545,1.304790917673393,10,0,3,1.5714285714285714,0.7284313590846835,4,47,0.5,0.8545454545454545,1.0,1,50,6,0,False,1,0.12,0,0,7,1,False
18,9,188,286,98,0.34265734265734266,10.444444444444445,1.1653431646335017,12,10.444444444444445,4.245549594342845,17,0,3,2.0,0.4714045207910317,1,75,0.39893617021276595,0.6143790849673203,0.7978723404255319,2,143,98,2,True,2,0.6853146853146853,0,0,9,4,False
4,4,12,12,0,0.0,3.0,0.0,3,3.0,0.0,3,0,1,1.0,0.0,4,6,0.5,1.0,1.0,1,6,0,0,False,0,0.0,0,0,4,4,False
4,3,8,10,2,0.2,2.0,0.0,2,2.0,1.224744871391589,3,0,2,1.3333333333333333,0.4714045207910317,2,3,0.375,0.6666666666666666,0.75,1,5,2,0,False,1,0.4,0,0,3,8,False
16,9,197,224,27,0.12053571428571429,12.3125,1.4456291882775472,15,12.3125,2.7999720980752647,15,0,3,1.7777777777777777,0.6285393610547089,3,91,0.4619289340101523,0.8208333333333333,0.9238578680203046,1,112,27,0,False,1,0.24107142857142858,0,0,9,4,False
9,5,48,58,10,0.1724137931034483,5.333333333333333,1.4907119849998598,8,5.333333333333333,2.5385910352879693,8,0,4,1.8,1.1661903789690602,3,19,0.3958333333333333,0.6666666666666666,0.7916666666666666,1,29,10,1,True,2,0.3448275862068966,0,0,5,1,False
15,6,99,186,87,0.46774193548387094,6.6,1.818424226264781,13,6.6,0.9521904571390466,8,0,3,2.5,0.5,0,46,0.46464646464646464,0.4714285714285714,0.9292929292929293,2,93,87,0,False,1,0.9354838709677419,0,0,6,3,False
5,5,20,20,0,0.0,4.0,0.0,4,4.0,0.0,4,0,1,1.0,0.0,5,10,0.5,1.0,1.0,1,10,0,0,False,0,0.0,0,0,5,7,False
4,4,12,12,0,0.0,3.0,0.0,3,3.0,0.0,3,0,1,1.0,0.0,4,6,0.5,1.0,1.0,1,6,0,0,False,0,0.0,0,0,4,1,False
11,2,24,36,12,0.3333333333333333,2.1818181818181817,0.385694607919935,3,2.1818181818181817,3.325334756031251,9,0,9,5.5,3.5,0,6,0.25,0.21818181818181817,0.5,1,18,12,0,False,1,0.6666666666666666,0,0,2,5,False
9,5,45,60,15,0.25,5.0,1.632993161855452,8,5.0,2.309401076758503,8,0,3,1.8,0.9797958971132713,3,19,0.4222222222222222,0.625,0.8444444444444444,1,30,15,2,True,3,0.5,0,0,5,3,False
4,4,12,12,0,0.0,3.0,0.0,3,3.0,0.0,3,0,1,1.0,0.0,4,6,0.5,1.0,1.0,1,6,0,0,False,0,0.0,0,0,4,1,False
16,7,112,190,78,0.4105263157894737,7.0,2.179449471770337,15,7.0,5.634713834792322,15,0,6,2.2857142857142856,2.050385727772475,5,39,0.3482142857142857,0.4666666666666667,0.6964285714285714,1,95,78,1,True,2,0.8210526315789474,0,0,7,5,False
24,7,235,460,225,0.4891304347826087,9.791666666666666,5.13143227785598,23,9.791666666666666,5.802148787781605,23,0,6,3.4285714285714284,2.1946130708196026,3,105,0.44680851063829785,0.4257246376811594,0.8936170212765957,1,230,225,13,True,2,0.9782608695652174,4,0,7,1,True
25,8,182,546,364,0.6666666666666666,7.28,0.44899888641287294,8,7.28,0.44899888641287294,8,0,4,3.125,0.33071891388307384,0,91,0.5,0.30333333333333334,1.0,3,273,364,0,False,1,1.3333333333333333,0,0,8,2,False
10,4,40,74,34,0.4594594594594595,4.0,1.2649110640673518,7,4.0,2.4083189157584592,7,0,3,2.5,0.5,0,15,0.375,0.4444444444444444,0.75,1,37,34,8,True,2,0.918918918918919,2,0,4,7,True
17,5,136,228,92,0.40350877192982454,8.0,2.5437350953458417,13,8.0,2.930569107548506,13,0,4,3.4,0.8,0,58,0.4264705882352941,0.5,0.8529411764705882,1,114,92,8,True,3,0.8070175438596491,2,0,5,8,True
3,3,6,6,0,0.0,2.0,0.0,2,2.0,0.0,2,0,1,1.0,0.0,3,3,0.5,1.0,1.0,1,3,0,0,False,0,0.0,0,0,3,2,False
26,10,411,582,171,0.29381443298969073,15.807692307692308,5.114227746570051,25,15.807692307692308,6.855762487859452,25,0,5,2.6,1.624807680927192,4,162,0.39416058394160586,0.6323076923076923,0.7883211678832117,1,291,171,9,True,2,0.5876288659793815,0,0,10,2,False
7,4,25,34,9,0.2647058823529412,3.5714285714285716,1.049781318335648,6,3.5714285714285716,1.6781914463529615,6,0,3,1.75,0.82915619758885,2,11,0.44,0.5952380952380952,0.88,1,17,9,0,False,1,0.5294117647058824,0,0,4,1,False
12,10,125,128,3,0.0234375,10.416666666666666,0.759202798262025,11,10.416666666666666,1.114924013354971,11,0,2,1.2,0.4,8,61,0.488,0.946969696969697,0.976,1,64,3,0,False,1,0.046875,0,0,10,4,False
3,3,6,6,0,0.0,2.0,0.0,2,2.0,0.0,2,0,1,1.0,0.0,3,3,0.5,1.0,1.0,1,3,0,0,False,0,0.0,0,0,3,4,False
26,10,390,564,174,0.30851063829787234,15.0,6.038339048243189,25,15.0,6.038339048243189,25,0,7,2.6,2.1071307505705477,5,195,0.5,0.6,1.0,1,282,174,0,False,1,0.6170212765957447,0,0,10,3,False
6,5,28,28,0,0.0,4.666666666666667,0.4714045207910317,5,4.666666666666667,0.4714045207910317,5,0,2,1.2,0.4000000000000001,4,14,0.5,0.9333333333333333,1.0,1,14,0,0,False,0,0.0,0,0,5,3,False
12,8,120,122,2,0.01639344262295082,10.0,0.816496580927726,11,10.0,1.0801234497346435,11,0,3,1.5,0.7071067811865476,5,59,0.49166666666666664,0.9090909090909091,0.9833333333333333,1,61,2,0,False,1,0.03278688524590164,0,0,8,2,False
13,6,112,140,28,0.2,8.615384615384615,0.4865042554105198,9,8.615384615384615,3.0009860312509473,11,0,3,2.1666666666666665,0.3726779962499649,0,47,0.41964285714285715,0.717948717948718,0.8392857142857143,1,70,28,4,True,2,0.4,0,0,6,6,False
8,3,21,34,13,0.38235294117647056,2.625,1.3169567191065923,6,2.625,2.2878756522153907,7,0,5,2.6666666666666665,1.699673171197595,1,4,0.19047619047619047,0.375,0.38095238095238093,1,17,13,4,True,2,0.7647058823529411,0,0,3,4,False
2,2,2,2,0,0.0,1.0,0.0,1,1.0,0.0,1,0,1,1.0,0.0,2,1,0.5,1.0,1.0,1,0,0,0,False,0,,0,0,2,3,False
8,6,52,52,0,0.0,6.5,0.5,7,6.5,0.5,7,0,2,1.3333333333333333,0.4714045207910317,4,26,0.5,0.9285714285714286,1.0,1,26,0,0,False,0,0.0,0,0,6,5,False
7,6,40,40,0,0.0,5.714285714285714,0.45175395145262565,6,5.714285714285714,0.45175395145262565,6,0,2,1.1666666666666667,0.37267799624996495,5,20,0.5,0.9523809523809523,1.0,1,20,0,0,False,0,0.0,0,0,6,1,False
26,9,307,582,275,0.4725085910652921,11.807692307692308,4.332517750589327,25,11.807692307692308,4.278921779798403,25,0,6,2.888888888888889,1.4487116456005886,2,152,0.495114006514658,0.4723076923076923,0.990228013029316,1,291,275,0,False,1,0.9450171821305842,0,0,9,1,False
12,9,114,126,12,0.09523809523809523,9.5,1.5,11,9.5,1.5,11,0,2,1.3333333333333333,0.4714045207910317,6,57,0.5,0.8636363636363636,1.0,1,63,12,0,False,1,0.19047619047619047,0,0,9,1,False
2,2,2,2,0,0.0,1.0,0.0,1,1.0,0.0,1,0,1,1.0,0.0,2,1,0.5,1.0,1.0,1,0,0,0,False,0,,0,0,2,1,False
20,8,192,344,152,0.4418604651162791,9.6,3.0724582991474434,19,9.6,4.054626986542659,19,0,4,2.5,0.8660254037844386,1,82,0.4270833333333333,0.5052631578947369,0.8541666666666666,1,172,152,14,True,2,0.8837209302325582,0,0,8,6,False
20,8,209,346,137,0.3959537572254335,10.45,2.3973944189473704,16,10.45,3.6397115270306797,16,0,4,2.5,0.7071067811865476,0,93,0.4449760765550239,0.55,0.8899521531100478,1,173,137,15,True,3,0.791907514450867,0,0,8,3,False
3,2,3,4,1,0.25,1.0,0.0,1,1.0,0.816496580927726,2,0,2,1.5,0.5,1,1,0.3333333333333333,0.5,0.6666666666666666,1,2,1,0,False,1,0.5,0,0,2,6,False
25,8,280,468,188,0.4017094017094017,11.2,3.0066592756745814,16,11.2,8.988882021697693,24,0,9,3.125,3.1399641717701177,4,106,0.37857142857142856,0.4666666666666667,0.7571428571428571,1,234,188,2,True,2,0.8034188034188035,0,0,8,4,False
2,2,2,2,0,0.0,1.0,0.0,1,1.0,0.0,1,0,1,1.0,0.0,2,1,0.5,1.0,1.0,1,0,0,0,False,0,,0,0,2,3,False
8,8,56,56,0,0.0,7.0,0.0,7,7.0,0.0,7,0,1,1.0,0.0,8,28,0.5,1.0,1.0,1,28,0,0,False,0,0.0,0,0,8,5,False
15,9,161,194,33,0.17010309278350516,10.733333333333333,0.7717224601860151,12,10.733333333333333,3.6233808644536514,14,0,3,1.6666666666666667,0.816496580927726,5,71,0.4409937888198758,0.7666666666666667,0.8819875776397516,1,97,33,0,False,1,0.3402061855670103,0,0,9,4,False
10,6,61,82,21,0.25609756097560976,6.1,1.7,9,6.1,1.7578395831246945,9,0,2,1.6666666666666667,0.4714045207910317,2,29,0.47540983606557374,0.6777777777777778,0.9508196721311475,1,41,21,2,True,2,0.5121951219512195,0,0,6,4,False
8,4,35,46,11,0.2391304347826087,4.375,0.8569568250501305,6,4.375,2.117634293262177,7,0,3,2.0,0.7071067811865476,1,14,0.4,0.625,0.8,1,23,11,4,True,2,0.4782608695652174,0,0,4,5,False
11,10,108,108,0,0.0,9.818181818181818,0.385694607919935,10,9.818181818181818,0.385694607919935,10,0,2,1.1,0.3,9,54,0.5,0.9818181818181818,1.0,1,54,0,0,False,0,0.0,0,0,10,7,False
13,6,88,134,46,0.34328358208955223,6.769230769230769,2.3584168795009064,12,6.769230769230769,2.3584168795009064,12,0,4,2.1666666666666665,1.0671873729054748,2,44,0.5,0.5641025641025641,1.0,1,67,46,0,False,1,0.6865671641791045,0,0,6,1,False
14,5,86,148,62,0.4189189189189189,6.142857142857143,1.124858267715973,8,6.142857142857143,4.340130723132375,13,0,5,2.8,1.32664991614216,1,21,0.2441860465116279,0.4725274725274725,0.4883720930232558,2,74,62,8,True,2,0.8378378378378378,0,0,5,6,False
22,6,264,378,114,0.30158730158730157,12.0,1.8829377433825436,16,12.0,6.0,21,0,6,3.6666666666666665,2.0548046676563256,1,97,0.36742424242424243,0.5714285714285714,0.7348484848484849,1,189,114,11,True,3,0.6031746031746031,0,0,6,5,False
14,10,158,170,12,0.07058823529411765,11.285714285714286,1.9794866372215743,13,11.285714285714286,1.9794866372215743,13,0,3,1.4,0.8,8,79,0.5,0.8681318681318682,1.0,1,85,12,0,False,1,0.1411764705882353,0,0,10,3,False
15,7,102,192,90,0.46875,6.8,1.7204650534085253,13,6.8,1.6812693617224654,11,0,3,2.142857142857143,0.3499271061118826,0,48,0.47058823529411764,0.4857142857142857,0.9411764705882353,1,96,90,4,True,2,0.9375,0,0,7,1,False
2,2,2,2,0,0.0,1.0,0.0,1,1.0,0.0,1,0,1,1.0,0.0,2,1,0.5,1.0,1.0,1,0,0,0,False,0,,0,0,2,5,False
3,3,6,6,0,0.0,2.0,0.0,2,2.0,0.0,2,0,1,1.0,0.0,3,3,0.5,1.0,1.0,1,3,0,0,False,0,0.0,0,0,3,7,False
6,5,28,28,0,0.0,4.666666666666667,0.4714045207910317,5,4.666666666666667,0.4714045207910317,5,0,2,1.2,0.4,4,14,0.5,0.9333333333333333,1.0,1,14,0,0,False,0,0.0,0,0,5,4,False
9,8,70,70,0,0.0,7.777777777777778,0.41573970964154905,8,7.777777777777778,0.41573970964154905,8,0,2,1.125,0.33071891388307384,7,35,0.5,0.9722222222222222,1.0,1,35,0,0,False,0,0.0,0,0,8,6,False
9,8,70,70,0,0.0,7.777777777777778,0.41573970964154905,8,7.777777777777778,0.41573970964154905,8,0,2,1.125,0.33071891388307384,7,35,0.5,0.9722222222222222,1.0,1,35,0,0,False,0,0.0,0,0,8,2,False
29,10,350,732,382,0.5218579234972678,12.068965517241379,3.8589889195966287,18,12.068965517241379,3.8589889195966287,18,0,6,2.9,1.57797338380595,0,175,0.5,0.43103448275862066,1.0,2,366,382,0,False,1,1.0437158469945356,0,0,10,1,False
7,5,34,38,4,0.10526315789473684,4.857142857142857,0.989743318610787,6,4.857142857142857,0.989743318610787,6,0,2,1.4,0.4898979485566356,3,17,0.5,0.8095238095238095,1.0,1,19,4,0,False,1,0.21052631578947367,0,0,5,1,False
10,3,37,64,27,0.421875,3.7,1.6155494421403513,7,3.7,1.8466185312619388,7,0,4,3.3333333333333335,0.9428090415820634,0,12,0.32432432432432434,0.4111111111111111,0.6486486486486487,1,32,27,2,True,2,0.84375,0,0,3,6,False
14,9,146,168,22,0.13095238095238096,10.428571428571429,1.1157499537009508,12,10.428571428571429,3.697765458727081,13,0,3,1.5555555555555556,0.8314794192830981,6,62,0.4246575342465753,0.8021978021978022,0.8493150684931506,1,84,22,2,True,2,0.2619047619047619,0,0,9,5,False
23,7,267,434,167,0.3847926267281106,11.608695652173912,3.8077624427497945,22,11.608695652173912,6.141371681046809,22,0,6,3.2857142857142856,1.6659862556700857,1,83,0.31086142322097376,0.5276679841897233,0.6217228464419475,1,217,167,14,True,2,0.7695852534562212,0,0,7,3,False
16,10,219,226,7,0.030973451327433628,13.6875,1.1021995055342748,15,13.6875,1.1575161985907585,15,0,3,1.6,0.66332495807108,5,109,0.4977168949771689,0.9125,0.9954337899543378,1,113,7,0,False,1,0.061946902654867256,0,0,10,5,False
5,4,15,18,3,0.16666666666666666,3.0,0.0,3,3.0,1.5491933384829668,4,0,2,1.25,0.4330127018922193,3,6,0.4,0.75,0.8,1,9,3,0,False,1,0.3333333333333333,0,0,4,7,False
4,3,8,10,2,0.2,2.0,0.0,2,2.0,1.224744871391589,3,0,2,1.3333333333333333,0.4714045207910317,2,3,0.375,0.6666666666666666,0.75,1,5,2,0,False,1,0.4,0,0,3,2,False
15,10,149,188,39,0.2074468085106383,9.933333333333334,1.8785337071473829,14,9.933333333333334,5.144144459696114,14,0,5,1.5,1.2041594578792296,8,55,0.3691275167785235,0.7095238095238096,0.738255033557047,1,94,39,4,True,2,0.4148936170212766,0,0,10,7,False
3,3,6,6,0,0.0,2.0,0.0,2,2.0,0.0,2,0,1,1.0,0.0,3,3,0.5,1.0,1.0,1,3,0,0,False,0,0.0,0,0,3,2,False
2,2,2,2,0,0.0,1.0,0.0,1,1.0,0.0,1,0,1,1.0,0.0,2,1,0.5,1.0,1.0,1,0,0,0,False,0,,0,0,2,4,False
10,8,86,86,0,0.0,8.6,0.4898979485566356,9,8.6,0.4898979485566356,9,0,2,1.25,0.4330127018922193,6,43,0.5,0.9555555555555556,1.0,1,43,0,0,False,0,0.0,0,0,8,3,False
13,5,89,132,43,0.32575757575757575,6.846153846153846,1.166596222161777,10,6.846153846153846,2.9831876045638945,11,0,4,2.6,0.8,0,31,0.34831460674157305,0.5705128205128205,0.6966292134831461,1,66,43,11,True,2,0.6515151515151515,0,0,5,5,False
20,9,268,344,76,0.22093023255813954,13.4,2.2,19,13.4,4.737087712930804,19,0,5,2.2222222222222223,1.1331154474650633,2,109,0.40671641791044777,0.7052631578947368,0.8134328358208955,1,172,76,7,True,2,0.4418604651162791,0,0,9,7,False
21,10,319,392,73,0.18622448979591838,15.19047619047619,2.3627878533438627,19,15.19047619047619,4.60454276328898,20,0,3,2.1,0.7,2,132,0.41379310344827586,0.7595238095238095,0.8275862068965517,1,196,73,8,True,2,0.37244897959183676,0,0,10,8,False
3,3,6,6,0,0.0,2.0,0.0,2,2.0,0.0,2,0,1,1.0,0.0,3,3,0.5,1.0,1.0,1,3,0,0,False,0,0.0,0,0,3,1,False
15,7,110,186,76,0.40860215053763443,7.333333333333333,2.3851391759997758,13,7.333333333333333,4.839651043435076,14,0,4,2.142857142857143,0.989743318610787,2,31,0.2818181818181818,0.5238095238095238,0.5636363636363636,1,93,76,14,True,2,0.8172043010752689,0,0,7,8,False
18,6,126,270,144,0.5333333333333333,7.0,1.7638342073763937,10,7.0,2.5385910352879693,10,0,3,3.0,0.0,0,54,0.42857142857142855,0.4117647058823529,0.8571428571428571,2,135,144,12,True,3,1.0666666666666667,0,0,6,3,False
17,9,183,252,69,0.27380952380952384,10.764705882352942,1.733049395606616,14,10.764705882352942,4.236111032326783,16,0,3,1.8888888888888888,0.7370277311900889,3,77,0.4207650273224044,0.6727941176470589,0.8415300546448088,1,126,69,8,True,2,0.5476190476190477,0,0,9,2,False
8,8,56,56,0,0.0,7.0,0.0,7,7.0,0.0,7,0,1,1.0,0.0,8,28,0.5,1.0,1.0,1,28,0,0,False,0,0.0,0,0,8,4,False
7,5,38,38,0,0.0,5.428571428571429,0.4948716593053935,6,5.428571428571429,0.4948716593053935,6,0,2,1.4,0.4898979485566356,3,19,0.5,0.9047619047619048,1.0,1,19,0,0,False,0,0.0,0,0,5,3,False
28,4,228,562,334,0.594306049822064,8.142857142857142,3.2592098704428096,17,8.142857142857142,5.45575898683666,25,0,10,7.0,2.5495097567963922,0,93,0.40789473684210525,0.30158730158730157,0.8157894736842105,1,281,334,19,True,3,1.188612099644128,6,0,4,7,True
3,2,3,4,1,0.25,1.0,0.0,1,1.0,0.816496580927726,2,0,2,1.5,0.5,1,1,0.3333333333333333,0.5,0.6666666666666666,1,2,1,0,False,1,0.5,0,0,2,8,False
4,2,8,8,0,0.0,2.0,0.0,2,2.0,0.0,2,0,2,2.0,0.0,0,4,0.5,0.6666666666666666,1.0,1,4,0,0,False,0,0.0,0,0,2,5,False
16,10,209,220,11,0.05,13.0625,2.164161211647598,15,13.0625,2.164161211647598,15,0,4,1.6,1.019803902718557,7,99,0.47368421052631576,0.8708333333333333,0.9473684210526315,1,110,11,3,True,2,0.1,0,0,10,3,False
3,3,6,6,0,0.0,2.0,0.0,2,2.0,0.0,2,0,1,1.0,0.0,3,3,0.5,1.0,1.0,1,3,0,0,False,0,0.0,0,0,3,7,False
6,5,27,28,1,0.03571428571428571,4.5,0.5,5,4.5,0.7637626158259734,5,0,2,1.2,0.4000000000000001,4,13,0.48148148148148145,0.9,0.9629629629629629,1,14,1,0,False,1,0.07142857142857142,0,0,5,6,False
6,6,30,30,0,0.0,5.0,0.0,5,5.0,0.0,5,0,1,1.0,0.0,6,15,0.5,1.0,1.0,1,15,0,0,False,0,0.0,0,0,6,5,False
17,8,206,248,42,0.1693548387096774,12.117647058823529,2.6319832142584816,16,12.117647058823529,3.1600884749560687,16,0,3,2.125,0.7806247497997998,2,91,0.441747572815534,0.7573529411764706,0.883495145631068,1,124,42,4,True,2,0.3387096774193548,0,0,8,7,False
12,3,52,96,44,0.4583333333333333,4.333333333333333,0.8498365855987975,7,4.333333333333333,2.6874192494328497,8,0,4,4.0,0.0,0,15,0.28846153846153844,0.3939393939393939,0.5769230769230769,1,48,44,7,True,2,0.9166666666666666,0,0,3,7,False
22,10,375,420,45,0.10714285714285714,17.045454545454547,1.9182679860008356,21,17.045454545454547,2.4210679973792315,21,0,5,2.2,1.2489995996796797,4,183,0.488,0.8116883116883117,0.976,1,210,45,0,False,1,0.21428571428571427,0,0,10,4,False
9,7,66,66,0,0.0,7.333333333333333,0.9428090415820634,8,7.333333333333333,0.9428090415820634,8,0,3,1.2857142857142858,0.6998542122237652,6,33,0.5,0.9166666666666666,1.0,1,33,0,0,False,0,0.0,0,0,7,4,False
4,4,12,12,0,0.0,3.0,0.0,3,3.0,0.0,3,0,1,1.0,0.0,4,6,0.5,1.0,1.0,1,6,0,0,False,0,0.0,0,0,4,1,False
9,4,39,58,19,0.3275862068965517,4.333333333333333,0.9428090415820634,7,4.333333333333333,2.260776661041756,8,0,3,2.25,0.82915619758885,1,15,0.38461538461538464,0.5416666666666666,0.7692307692307693,1,29,19,2,True,2,0.6551724137931034,0,0,4,7,False
4,2,5,6,1,0.16666666666666666,1.25,0.4330127018922193,2,1.25,1.0897247358851685,3,0,3,2.0,1.0,1,2,0.4,0.4166666666666667,0.8,1,3,1,0,False,1,0.3333333333333333,0,0,2,3,False
14,10,148,172,24,0.13953488372093023,10.571428571428571,1.498298354528788,13,10.571428571428571,3.2007652146297256,13,0,3,1.4,0.66332495807108,7,64,0.43243243243243246,0.8131868131868132,0.8648648648648649,1,86,24,2,True,2,0.27906976744186046,0,0,10,5,False
7,5,32,38,6,0.15789473684210525,4.571428571428571,0.9035079029052512,6,4.571428571428571,1.2936264483053452,6,0,2,1.4,0.4898979485566356,3,15,0.46875,0.7619047619047619,0.9375,1,19,6,0,False,1,0.3157894736842105,0,0,5,6,False
14,4,116,138,22,0.15942028985507245,8.285714285714286,1.8294640678379568,11,8.285714285714286,2.249716535431946,11,0,6,3.5,1.5,0,50,0.43103448275862066,0.6373626373626373,0.8620689655172413,1,69,22,5,True,2,0.3188405797101449,0,0,4,1,False
10,5,47,72,25,0.3472222222222222,4.7,1.4866068747318506,9,4.7,3.1,9,0,4,2.0,1.2649110640673518,3,17,0.3617021276595745,0.5222222222222223,0.723404255319149,1,36,25,2,True,2,0.6944444444444444,0,0,5,7,False
3,3,6,6,0,0.0,2.0,0.0,2,2.0,0.0,2,0,1,1.0,0.0,3,3,0.5,1.0,1.0,1,3,0,0,False,0,0.0,0,0,3,5,False
45,10,943,1800,857,0.4761111111111111,20.955555555555556,9.649307529686736,43,20.955555555555556,9.941954995663703,43,0,7,4.5,1.5,0,449,0.47613997879109227,0.4762626262626263,0.9522799575821845,1,900,857,24,True,2,0.9522222222222222,0,0,10,1,False
8,6,46,50,4,0.08,5.75,0.9682458365518543,7,5.75,1.713913650100261,7,0,3,1.3333333333333333,0.74535599249993,5,21,0.45652173913043476,0.8214285714285714,0.9130434782608695,1,25,4,0,False,1,0.16,0,0,6,5,False
4,4,12,12,0,0.0,3.0,0.0,3,3.0,0.0,3,0,1,1.0,0.0,4,6,0.5,1.0,1.0,1,6,0,0,False,0,0.0,0,0,4,8,False
5,5,20,20,0,0.0,4.0,0.0,4,4.0,0.0,4,0,1,1.0,0.0,5,10,0.5,1.0,1.0,1,10,0,0,False,0,0.0,0,0,5,5,False
9,5,41,60,19,0.31666666666666665,4.555555555555555,1.257078722109418,8,4.555555555555555,2.671292284482513,8,0,3,1.8,0.9797958971132713,3,16,0.3902439024390244,0.5694444444444444,0.7804878048780488,1,30,19,1,True,2,0.6333333333333333,0,0,5,4,False
8,2,10,32,22,0.6875,1.25,0.4330127018922193,2,1.25,0.4330127018922193,2,0,4,4.0,0.0,0,5,0.5,0.17857142857142858,1.0,3,16,22,0,False,1,1.375,0,0,2,6,False
9,9,72,72,0,0.0,8.0,0.0,8,8.0,0.0,8,0,1,1.0,0.0,9,36,0.5,1.0,1.0,1,36,0,0,False,0,0.0,0,0,9,8,False
5,3,10,16,6,0.375,2.0,0.0,2,2.0,1.0954451150103321,4,0,2,1.6666666666666667,0.4714045207910317,1,4,0.4,0.5,0.8,2,8,6,0,False,1,0.75,0,0,3,3,False
7,4,34,36,2,0.05555555555555555,4.857142857142857,0.6388765649999398,6,4.857142857142857,0.832993127835043,6,0,2,1.75,0.4330127018922193,1,16,0.47058823529411764,0.8095238095238095,0.9411764705882353,1,18,2,0,False,1,0.1111111111111111,0,0,4,2,False
11,7,84,96,12,0.125,7.636363636363637,1.8719327529067273,10,7.636363636363637,2.226808857075616,10,0,4,1.5714285714285714,1.049781318335648,5,40,0.47619047619047616,0.7636363636363637,0.9523809523809523,1,48,12,0,False,1,0.25,0,0,7,1,False
9,9,72,72,0,0.0,8.0,0.0,8,8.0,0.0,8,0,1,1.0,0.0,9,36,0.5,1.0,1.0,1,36,0,0,False,0,0.0,0,0,9,2,False
7,3,18,22,4,0.18181818181818182,2.5714285714285716,1.3997084244475304,6,2.5714285714285716,2.1946130708196026,6,0,5,2.3333333333333335,1.8856180831641267,2,7,0.3888888888888889,0.42857142857142855,0.7777777777777778,1,11,4,0,False,1,0.36363636363636365,0,0,3,3,False
2,2,2,2,0,0.0,1.0,0.0,1,1.0,0.0,1,0,1,1.0,0.0,2,1,0.5,1.0,1.0,1,0,0,0,False,0,,0,0,2,5,False
2,2,2,2,0,0.0,1.0,0.0,1,1.0,0.0,1,0,1,1.0,0.0,2,1,0.5,1.0,1.0,1,0,0,0,False,0,,0,0,2,4,False
18,10,246,282,36,0.1276595744680851,13.666666666666666,1.5986105077709065,16,13.666666666666666,3.5118845842842465,17,0,4,1.8,0.9797958971132713,5,117,0.47560975609756095,0.803921568627451,0.9512195121951219,1,141,36,0,False,1,0.2553191489361702,0,0,10,2,False
10,10,90,90,0,0.0,9.0,0.0,9,9.0,0.0,9,0,1,1.0,0.0,10,45,0.5,1.0,1.0,1,45,0,0,False,0,0.0,0,0,10,8,False
16,6,126,206,80,0.3883495145631068,7.875,3.3330729064933458,14,7.875,3.6550478793033614,15,0,4,2.6666666666666665,1.1055415967851334,1,43,0.3412698412698413,0.525,0.6825396825396826,1,103,80,7,True,2,0.7766990291262136,0,0,6,7,False
24,9,398,502,104,0.20717131474103587,16.583333333333332,2.9285472318009296,22,16.583333333333332,3.7629406349585457,23,0,5,2.6666666666666665,1.0540925533894598,1,187,0.46984924623115576,0.7210144927536232,0.9396984924623115,1,251,104,11,True,2,0.41434262948207173,0,0,9,3,False
4,2,7,8,1,0.125,1.75,0.4330127018922193,2,1.75,0.4330127018922193,2,0,2,2.0,0.0,0,3,0.42857142857142855,0.5833333333333334,0.8571428571428571,1,4,1,0,False,1,0.25,0,0,2,6,False
2,2,2,2,0,0.0,1.0,0.0,1,1.0,0.0,1,0,1,1.0,0.0,2,1,0.5,1.0,1.0,1,0,0,0,False,0,,0,0,2,6,False
18,10,257,276,19,0.06884057971014493,14.277777777777779,1.7890269097894018,17,14.277777777777779,3.7535990959130814,17,0,5,1.8,1.2489995996796797,6,119,0.46303501945525294,0.8398692810457516,0.9260700389105059,1,138,19,4,True,2,0.13768115942028986,0,0,10,3,False
18,8,176,280,104,0.37142857142857144,9.777777777777779,1.5112745009706046,12,9.777777777777779,5.563327896497798,16,0,4,2.25,0.6614378277661477,0,58,0.32954545454545453,0.5751633986928104,0.6590909090909091,1,140,104,20,True,2,0.7428571428571429,0,0,8,8,False
15,6,114,186,72,0.3870967741935484,7.6,2.2150996967781538,12,7.6,2.184795947756525,12,0,3,2.5,0.5,0,49,0.4298245614035088,0.5428571428571428,0.8596491228070176,1,93,72,4,True,2,0.7741935483870968,0,0,6,7,False
7,7,42,42,0,0.0,6.0,0.0,6,6.0,0.0,6,0,1,1.0,0.0,7,21,0.5,1.0,1.0,1,21,0,0,False,0,0.0,0,0,7,8,False
8,5,39,48,9,0.1875,4.875,1.2686114456365274,7,4.875,1.6909686573085854,7,0,3,1.6,0.8,3,18,0.46153846153846156,0.6964285714285714,0.9230769230769231,1,24,9,0,False,1,0.375,0,0,5,2,False
10,7,70,84,14,0.16666666666666666,7.0,1.0,8,7.0,2.6076809620810595,9,0,2,1.4285714285714286,0.4948716593053935,4,30,0.42857142857142855,0.7777777777777778,0.8571428571428571,1,42,14,2,True,2,0.3333333333333333,0,0,7,1,False
6,6,30,30,0,0.0,5.0,0.0,5,5.0,0.0,5,0,1,1.0,0.0,6,15,0.5,1.0,1.0,1,15,0,0,False,0,0.0,0,0,6,7,False
4,3,10,10,0,0.0,2.5,0.5,3,2.5,0.5,3,0,2,1.3333333333333333,0.4714045207910317,2,5,0.5,0.8333333333333334,1.0,1,5,0,0,False,0,0.0,0,0,3,2,False
5,2,12,12,0,0.0,2.4,0.4898979485566356,3,2.4,0.4898979485566356,3,0,3,2.5,0.5,0,6,0.5,0.6,1.0,1,6,0,0,False,0,0.0,0,0,2,4,False
20,5,135,312,177,0.5673076923076923,6.75,1.920286436967152,11,6.75,3.9859126934743565,13,0,6,4.0,1.2649110640673518,0,51,0.37777777777777777,0.35526315789473684,0.7555555555555555,2,156,177,17,True,2,1.1346153846153846,0,0,5,7,False
12,5,69,114,45,0.39473684210526316,5.75,1.2332207155790618,8,5.75,2.277608394786075,9,0,3,2.4,0.4898979485566356,0,31,0.4492753623188406,0.5227272727272727,0.8985507246376812,1,57,45,7,True,2,0.7894736842105263,0,0,5,7,False
7,6,40,40,0,0.0,5.714285714285714,0.4517539514526256,6,5.714285714285714,0.4517539514526256,6,0,2,1.1666666666666667,0.3726779962499649,5,20,0.5,0.9523809523809523,1.0,1,20,0,0,False,0,0.0,0,0,6,2,False
14,8,138,162,24,0.14814814814814814,9.857142857142858,2.4743582965269675,13,9.857142857142858,2.4743582965269675,13,0,4,1.75,1.0897247358851685,5,69,0.5,0.7582417582417582,1.0,1,81,24,0,False,1,0.2962962962962963,0,0,8,2,False
14,10,166,172,6,0.03488372093023256,11.857142857142858,1.3014905113063282,13,11.857142857142858,1.3014905113063282,13,0,3,1.4,0.66332495807108,7,83,0.5,0.9120879120879121,1.0,1,86,6,0,False,1,0.06976744186046512,0,0,10,1,False
5,4,18,18,0,0.0,3.6,0.4898979485566356,4,3.6,0.4898979485566356,4,0,2,1.25,0.4330127018922193,3,9,0.5,0.9,1.0,1,9,0,0,False,0,0.0,0,0,4,8,False
12,8,101,122,21,0.1721311475409836,8.416666666666666,0.8620067027323834,10,8.416666666666666,2.812422838447701,11,0,3,1.5,0.7071067811865476,5,42,0.4158415841584158,0.7651515151515151,0.8316831683168316,1,61,21,2,True,2,0.3442622950819672,0,0,8,7,False
14,7,121,164,43,0.2621951219512195,8.642857142857142,2.1911230928825667,13,8.642857142857142,2.9180997451164994,13,0,3,2.0,0.7559289460184544,2,48,0.39669421487603307,0.6648351648351648,0.7933884297520661,1,82,43,8,True,3,0.524390243902439,0,0,7,6,False
20,6,195,332,137,0.4126506024096386,9.75,1.479019945774904,12,9.75,3.1444395367060247,17,0,4,3.3333333333333335,0.4714045207910317,0,88,0.4512820512820513,0.5131578947368421,0.9025641025641026,1,166,137,4,True,2,0.8253012048192772,0,0,6,2,False
8,4,30,46,16,0.34782608695652173,3.75,1.299038105676658,7,3.75,1.299038105676658,7,0,3,2.0,0.7071067811865476,1,15,0.5,0.5357142857142857,1.0,1,23,16,0,False,1,0.6956521739130435,0,0,4,1,False
6,4,22,26,4,0.15384615384615385,3.6666666666666665,0.7453559924999298,5,3.6666666666666665,1.1055415967851334,5,0,2,1.5,0.5,2,9,0.4090909090909091,0.7333333333333333,0.8181818181818182,1,13,4,1,True,2,0.3076923076923077,0,0,4,5,False
13,7,101,142,41,0.2887323943661972,7.769230769230769,2.1892691493473397,12,7.769230769230769,2.2241280453539938,12,0,3,1.8571428571428572,0.6388765649999398,2,50,0.49504950495049505,0.6474358974358975,0.9900990099009901,1,71,41,1,True,2,0.5774647887323944,0,0,7,6,False
6,6,30,30,0,0.0,5.0,0.0,5,5.0,0.0,5,0,1,1.0,0.0,6,15,0.5,1.0,1.0,1,15,0,0,False,0,0.0,0,0,6,5,False
9,5,47,64,17,0.265625,5.222222222222222,1.3966450099973928,8,5.222222222222222,1.314684396244359,8,0,2,1.8,0.4,1,22,0.46808510638297873,0.6527777777777778,0.9361702127659575,1,32,17,1,True,2,0.53125,0,0,5,7,False
8,7,53,54,1,0.018518518518518517,6.625,0.4841229182759271,7,6.625,0.6959705453537527,7,0,2,1.1428571428571428,0.34992710611188266,6,26,0.49056603773584906,0.9464285714285714,0.9811320754716981,1,27,1,0,False,1,0.037037037037037035,0,0,7,5,False
12,4,61,98,37,0.37755102040816324,5.083333333333333,1.9773017529507788,11,5.083333333333333,3.402409277098934,11,0,5,3.0,1.5811388300841898,1,19,0.3114754098360656,0.4621212121212121,0.6229508196721312,1,49,37,5,True,2,0.7551020408163265,0,0,4,4,False
5,2,7,12,5,0.4166666666666667,1.4,0.8,3,1.4,1.019803902718557,3,0,3,2.5,0.5,0,1,0.14285714285714285,0.35,0.2857142857142857,1,6,5,2,True,2,0.8333333333333334,0,0,2,7,False
4,4,12,12,0,0.0,3.0,0.0,3,3.0,0.0,3,0,1,1.0,0.0,4,6,0.5,1.0,1.0,1,6,0,0,False,0,0.0,0,0,4,8,False
33,6,295,886,591,0.6670428893905191,8.93939393939394,4.155605151857559,30,8.93939393939394,6.428814839358119,25,0,8,5.5,1.8929694486000912,0,84,0.2847457627118644,0.2793560606060606,0.5694915254237288,1,443,591,26,True,2,1.3340857787810383,0,0,6,8,False
8,4,29,48,19,0.3958333333333333,3.625,0.9921567416492215,6,3.625,2.394655507583502,6,0,2,2.0,0.0,0,8,0.27586206896551724,0.5178571428571429,0.5517241379310345,1,24,19,7,True,2,0.7916666666666666,0,0,4,8,False
6,4,23,26,3,0.11538461538461539,3.8333333333333335,0.6871842709362768,5,3.8333333333333335,1.343709624716425,5,0,2,1.5,0.5,2,10,0.43478260869565216,0.7666666666666667,0.8695652173913043,1,13,3,0,False,1,0.23076923076923078,0,0,4,3,False
16,8,149,220,71,0.32272727272727275,9.3125,2.822205476218909,15,9.3125,3.1168644099479206,15,0,3,2.0,0.7071067811865476,2,69,0.46308724832214765,0.6208333333333333,0.9261744966442953,1,110,71,7,True,3,0.6454545454545455,0,0,8,6,False
9,7,61,68,7,0.10294117647058823,6.777777777777778,0.7856742013183862,8,6.777777777777778,1.872477727372524,8,0,2,1.2857142857142858,0.45175395145262565,5,27,0.4426229508196721,0.8472222222222222,0.8852459016393442,1,34,7,1,True,2,0.20588235294117646,0,0,7,4,False
15,9,170,194,24,0.12371134020618557,11.333333333333334,1.6996731711975948,14,11.333333333333334,2.7243755655603406,14,0,3,1.6666666666666667,0.816496580927726,5,81,0.4764705882352941,0.8095238095238095,0.9529411764705882,1,97,24,3,True,2,0.24742268041237114,0,0,9,8,False
18,3,56,214,158,0.7383177570093458,3.111111111111111,1.4098419489388356,6,3.111111111111111,1.852592444503674,6,0,7,6.0,0.816496580927726,0,17,0.30357142857142855,0.1830065359477124,0.6071428571428571,4,107,158,10,True,3,1.4766355140186915,0,0,3,3,False
7,3,19,32,13,0.40625,2.7142857142857144,1.0301575072754257,5,2.7142857142857144,1.4846149779161804,5,0,3,2.3333333333333335,0.4714045207910317,0,8,0.42105263157894735,0.4523809523809524,0.8421052631578947,1,16,13,2,True,2,0.8125,0,0,3,3,False
10,9,84,88,4,0.045454545454545456,8.4,0.4898979485566356,9,8.4,1.4966629547095764,9,0,2,1.1111111111111112,0.3142696805273545,8,40,0.47619047619047616,0.9333333333333333,0.9523809523809523,1,44,4,0,False,1,0.09090909090909091,0,0,9,2,False
28,10,378,696,318,0.45689655172413796,13.5,3.064776850417848,19,13.5,5.375207637185483,22,0,5,2.8,0.9797958971132712,0,169,0.4470899470899471,0.5,0.8941798941798942,1,348,318,32,True,2,0.9137931034482759,0,0,10,4,False
5,4,17,18,1,0.05555555555555555,3.4,0.4898979485566356,4,3.4,0.8,4,0,2,1.25,0.4330127018922193,3,8,0.47058823529411764,0.85,0.9411764705882353,1,9,1,0,False,1,0.1111111111111111,0,0,4,6,False
14,9,127,164,37,0.22560975609756098,9.071428571428571,1.4374722712498649,12,9.071428571428571,4.3336603748907185,13,0,4,1.5555555555555556,1.0657403385139377,7,53,0.41732283464566927,0.6978021978021978,0.8346456692913385,1,82,37,0,False,1,0.45121951219512196,0,0,9,8,False
8,5,36,44,8,0.18181818181818182,4.5,1.0,7,4.5,2.5495097567963922,7,0,4,1.6,1.2000000000000002,4,14,0.3888888888888889,0.6428571428571429,0.7777777777777778,1,22,8,0,False,1,0.36363636363636365,0,0,5,7,False
6,4,22,26,4,0.15384615384615385,3.6666666666666665,0.9428090415820634,5,3.6666666666666665,0.9428090415820634,5,0,2,1.5,0.5,2,11,0.5,0.7333333333333333,1.0,1,13,4,0,False,1,0.3076923076923077,0,0,4,3,False
8,5,36,50,14,0.28,4.5,0.5,5,4.5,2.5,7,0,2,1.6,0.4898979485566356,2,13,0.3611111111111111,0.6428571428571429,0.7222222222222222,1,25,14,2,True,2,0.56,0,0,5,8,False
12,8,106,122,16,0.13114754098360656,8.833333333333334,1.863389981249825,11,8.833333333333334,1.863389981249825,11,0,3,1.5,0.7071067811865476,5,53,0.5,0.803030303030303,1.0,1,61,16,0,False,1,0.26229508196721313,0,0,8,1,False
13,4,58,126,68,0.5396825396825397,4.461538461538462,2.4373814642699783,10,4.461538461538462,2.5605103041681905,10,0,4,3.25,0.4330127018922193,0,13,0.22413793103448276,0.3717948717948718,0.4482758620689655,3,63,68,10,True,3,1.0793650793650793,0,0,4,2,False
45,9,673,1736,1063,0.6123271889400922,14.955555555555556,4.52624718505816,25,14.955555555555556,6.29269613848929,27,0,10,5.0,2.6666666666666665,0,301,0.4472511144130758,0.3398989898989899,0.8945022288261516,1,868,1063,34,True,3,1.2246543778801844,2,0,9,7,True
8,4,33,44,11,0.25,4.125,1.6909686573085854,7,4.125,1.6909686573085854,7,0,3,2.0,1.0,2,16,0.48484848484848486,0.5892857142857143,0.9696969696969697,1,22,11,1,True,2,0.5,0,0,4,3,False
17,10,188,252,64,0.25396825396825395,11.058823529411764,1.3047690007540491,13,11.058823529411764,5.081345215998638,16,0,3,1.7,0.9,6,78,0.4148936170212766,0.6911764705882353,0.8297872340425532,1,126,64,1,True,2,0.5079365079365079,0,0,10,8,False
9,6,58,64,6,0.09375,6.444444444444445,0.49690399499995325,7,6.444444444444445,2.4088314876309775,8,0,3,1.5,0.7637626158259734,4,26,0.4482758620689655,0.8055555555555556,0.896551724137931,1,32,6,0,False,1,0.1875,0,0,6,2,False
3,3,6,6,0,0.0,2.0,0.0,2,2.0,0.0,2,0,1,1.0,0.0,3,3,0.5,1.0,1.0,1,3,0,0,False,0,0.0,0,0,3,2,False
10,8,86,86,0,0.0,8.6,0.4898979485566356,9,8.6,0.4898979485566356,9,0,2,1.25,0.4330127018922193,6,43,0.5,0.9555555555555556,1.0,1,43,0,0,False,0,0.0,0,0,8,3,False
6,6,30,30,0,0.0,5.0,0.0,5,5.0,0.0,5,0,1,1.0,0.0,6,15,0.5,1.0,1.0,1,15,0,0,False,0,0.0,0,0,6,7,False
27,7,182,618,436,0.7055016181229773,6.7407407407407405,0.9266663706071706,8,6.7407407407407405,1.9549101067254293,10,0,5,3.857142857142857,0.989743318610787,0,87,0.47802197802197804,0.25925925925925924,0.9560439560439561,3,309,436,8,True,2,1.4110032362459546,0,0,7,3,False
3,3,6,6,0,0.0,2.0,0.0,2,2.0,0.0,2,0,1,1.0,0.0,3,3,0.5,1.0,1.0,1,3,0,0,False,0,0.0,0,0,3,4,False
7,7,42,42,0,0.0,6.0,0.0,6,6.0,0.0,6,0,1,1.0,0.0,7,21,0.5,1.0,1.0,1,21,0,0,False,0,0.0,0,0,7,6,False
43,9,955,1558,603,0.3870346598202824,22.209302325581394,8.665779100590271,38,22.209302325581394,8.695249008924579,38,0,11,4.777777777777778,3.083208205669246,0,476,0.49842931937172774,0.5287929125138427,0.9968586387434555,1,779,603,2,True,2,0.7740693196405648,1,0,9,1,True
9,7,62,66,4,0.06060606060606061,6.888888888888889,0.9938079899999065,8,6.888888888888889,1.6629588385661962,8,0,3,1.2857142857142858,0.6998542122237652,6,29,0.46774193548387094,0.8611111111111112,0.9354838709677419,1,33,4,0,False,1,0.12121212121212122,0,0,7,3,False
4,4,12,12,0,0.0,3.0,0.0,3,3.0,0.0,3,0,1,1.0,0.0,4,6,0.5,1.0,1.0,1,6,0,0,False,0,0.0,0,0,4,1,False
14,8,142,168,26,0.15476190476190477,10.142857142857142,1.1866605518454392,12,10.142857142857142,2.924212784351246,13,0,3,1.75,0.6614378277661477,3,60,0.4225352112676056,0.7802197802197802,0.8450704225352113,1,84,26,4,True,2,0.30952380952380953,0,0,8,7,False
2,2,2,2,0,0.0,1.0,0.0,1,1.0,0.0,1,0,1,1.0,0.0,2,1,0.5,1.0,1.0,1,0,0,0,False,0,,0,0,2,4,False
10,8,82,86,4,0.046511627906976744,8.2,0.9797958971132712,9,8.2,0.9797958971132712,9,0,2,1.25,0.4330127018922193,6,41,0.5,0.9111111111111111,1.0,1,43,4,0,False,1,0.09302325581395349,0,0,8,8,False
22,6,239,392,153,0.3903061224489796,10.863636363636363,3.708656391660591,21,10.863636363636363,5.412909271072212,21,0,5,3.6666666666666665,1.3743685418725535,1,71,0.29707112970711297,0.5173160173160173,0.5941422594142259,1,196,153,18,True,3,0.7806122448979592,0,0,6,8,False
2,2,2,2,0,0.0,1.0,0.0,1,1.0,0.0,1,0,1,1.0,0.0,2,1,0.5,1.0,1.0,1,0,0,0,False,0,,0,0,2,4,False
3,3,6,6,0,0.0,2.0,0.0,2,2.0,0.0,2,0,1,1.0,0.0,3,3,0.5,1.0,1.0,1,3,0,0,False,0,0.0,0,0,3,8,False
17,7,168,244,76,0.3114754098360656,9.882352941176471,1.8433458371755762,13,9.882352941176471,2.805086827662674,15,0,4,2.4285714285714284,0.7284313590846836,0,80,0.47619047619047616,0.6176470588235294,0.9523809523809523,1,122,76,2,True,2,0.6229508196721312,0,0,7,1,False
13,5,120,120,0,0.0,9.23076923076923,2.081192193610567,12,9.23076923076923,2.081192193610567,12,0,6,2.6,1.7435595774162693,1,60,0.5,0.7692307692307693,1.0,1,60,0,0,False,0,0.0,0,0,5,1,False
7,3,23,28,5,0.17857142857142858,3.2857142857142856,1.5779087167410373,6,3.2857142857142856,1.5779087167410373,6,0,4,2.3333333333333335,1.247219128924647,1,9,0.391304347826087,0.5476190476190477,0.782608695652174,1,14,5,1,True,2,0.35714285714285715,0,0,3,4,False
11,7,89,96,7,0.07291666666666667,8.090909090909092,0.899954085146515,9,8.090909090909092,2.8429992311112526,10,0,4,1.5714285714285714,1.049781318335648,5,41,0.4606741573033708,0.8090909090909091,0.9213483146067416,1,48,7,0,False,1,0.14583333333333334,0,0,7,5,False
5,4,18,18,0,0.0,3.6,0.4898979485566356,4,3.6,0.4898979485566356,4,0,2,1.25,0.4330127018922193,3,9,0.5,0.9,1.0,1,9,0,0,False,0,0.0,0,0,4,6,False
34,7,584,972,388,0.3991769547325103,17.176470588235293,7.555561209487448,31,17.176470588235293,7.59438874988824,31,0,7,4.857142857142857,1.6413036132965795,0,287,0.4914383561643836,0.5204991087344029,0.9828767123287672,1,486,388,7,True,3,0.7983539094650206,0,0,7,4,False
4,4,12,12,0,0.0,3.0,0.0,3,3.0,0.0,3,0,1,1.0,0.0,4,6,0.5,1.0,1.0,1,6,0,0,False,0,0.0,0,0,4,2,False
6,4,22,24,2,0.08333333333333333,3.6666666666666665,0.9428090415820634,5,3.6666666666666665,1.3743685418725535,5,0,3,1.5,0.8660254037844386,3,10,0.45454545454545453,0.7333333333333333,0.9090909090909091,1,12,2,0,False,1,0.16666666666666666,0,0,4,8,False
5,3,13,16,3,0.1875,2.6,0.8,4,2.6,1.019803902718557,4,0,2,1.6666666666666667,0.4714045207910317,1,6,0.46153846153846156,0.65,0.9230769230769231,1,8,3,1,True,2,0.375,0,0,3,1,False
24,9,352,500,148,0.296,14.666666666666666,3.901566636906542,21,14.666666666666666,4.722875771768251,23,0,5,2.6666666666666665,1.1547005383792515,1,158,0.44886363636363635,0.6376811594202898,0.8977272727272727,1,250,148,12,True,2,0.592,0,0,9,8,False
14,5,100,138,38,0.2753623188405797,7.142857142857143,2.0995626366712954,10,7.142857142857143,3.814579977948197,13,0,6,2.8,1.9390719429665317,2,31,0.31,0.5494505494505495,0.62,1,69,38,0,False,1,0.5507246376811594,0,0,5,2,False
31,6,217,792,575,0.726010101010101,7.0,3.61894655853722,22,7.0,3.6982995220558745,21,0,6,5.166666666666667,1.2133516482134197,0,104,0.4792626728110599,0.23333333333333334,0.9585253456221198,2,396,575,8,True,2,1.452020202020202,0,0,6,1,False
17,6,138,228,90,0.39473684210526316,8.117647058823529,1.966853352623587,11,8.117647058823529,5.312386778765005,15,0,6,2.8333333333333335,1.4624940645653537,0,41,0.2971014492753623,0.5073529411764706,0.5942028985507246,1,114,90,10,True,3,0.7894736842105263,0,0,6,8,False
9,3,25,52,27,0.5192307692307693,2.7777777777777777,1.0304020550550783,5,2.7777777777777777,1.617802197617893,6,0,4,3.0,0.816496580927726,0,10,0.4,0.3472222222222222,0.8,1,26,27,4,True,3,1.0384615384615385,1,0,3,7,True
11,7,92,102,10,0.09803921568627451,8.363636363636363,1.0679400113155209,10,8.363636363636363,1.4937887931959075,10,0,2,1.5714285714285714,0.4948716593053935,3,42,0.45652173913043476,0.8363636363636363,0.9130434782608695,1,51,10,1,True,2,0.19607843137254902,0,0,7,7,False
11,8,102,102,0,0.0,9.272727272727273,0.8624393618641034,10,9.272727272727273,0.8624393618641034,10,0,3,1.375,0.6959705453537527,6,51,0.5,0.9272727272727272,1.0,1,51,0,0,False,0,0.0,0,0,8,3,False
23,10,415,466,51,0.10944206008583691,18.043478260869566,1.5457729421418418,22,18.043478260869566,2.440211339200397,22,0,5,2.3,1.004987562112089,1,193,0.4650602409638554,0.8201581027667985,0.9301204819277108,1,233,51,6,True,2,0.21888412017167383,0,0,10,3,False
3,2,3,4,1,0.25,1.0,0.0,1,1.0,0.816496580927726,2,0,2,1.5,0.5,1,1,0.3333333333333333,0.5,0.6666666666666666,1,2,1,0,False,1,0.5,0,0,2,5,False
11,4,62,90,28,0.3111111111111111,5.636363636363637,0.8813963377120598,7,5.636363636363637,2.05703790890632,8,0,3,2.75,0.4330127018922193,0,25,0.4032258064516129,0.5636363636363636,0.8064516129032258,1,45,28,2,True,2,0.6222222222222222,0,0,4,2,False
15,10,180,198,18,0.09090909090909091,12.0,1.2110601416389966,14,12.0,2.756809750418044,14,0,3,1.5,0.6708203932499369,6,81,0.45,0.8571428571428571,0.9,1,99,18,0,False,1,0.18181818181818182,0,0,10,5,False
5,4,18,18,0,0.0,3.6,0.4898979485566356,4,3.6,0.4898979485566356,4,0,2,1.25,0.4330127018922193,3,9,0.5,0.9,1.0,1,9,0,0,False,0,0.0,0,0,4,2,False
14,5,99,152,53,0.34868421052631576,7.071428571428571,2.0861545523586047,13,7.071428571428571,3.3050672289312213,13,0,4,2.8,0.9797958971132712,1,40,0.40404040404040403,0.5439560439560439,0.8080808080808081,1,76,53,0,False,1,0.6973684210526315,0,0,5,8,False
8,4,30,48,18,0.375,3.75,1.0897247358851685,6,3.75,1.713913650100261,6,0,2,2.0,0.0,0,12,0.4,0.5357142857142857,0.8,1,24,18,2,True,2,0.75,0,0,4,4,False
3,3,6,6,0,0.0,2.0,0.0,2,2.0,0.0,2,0,1,1.0,0.0,3,3,0.5,1.0,1.0,1,3,0,0,False,0,0.0,0,0,3,3,False
19,8,268,298,30,0.10067114093959731,14.105263157894736,2.593407367316825,18,14.105263157894736,3.1270422689500945,18,0,5,2.375,1.4947825928876748,4,129,0.48134328358208955,0.783625730994152,0.9626865671641791,1,149,30,0,False,1,0.20134228187919462,0,0,8,3,False
13,6,75,140,65,0.4642857142857143,5.769230769230769,1.5764539639937842,11,5.769230769230769,1.4225570776082255,9,0,3,2.1666666666666665,0.3726779962499649,0,35,0.4666666666666667,0.4807692307692308,0.9333333333333333,1,70,65,3,True,2,0.9285714285714286,0,0,6,1,False
5,5,20,20,0,0.0,4.0,0.0,4,4.0,0.0,4,0,1,1.0,0.0,5,10,0.5,1.0,1.0,1,10,0,0,False,0,0.0,0,0,5,2,False
24,8,471,488,17,0.03483606557377049,19.625,1.5495294984822543,23,19.625,1.6786030898736406,23,0,6,3.0,1.4142135623730951,1,233,0.49469214437367304,0.8532608695652174,0.9893842887473461,1,244,17,3,True,2,0.06967213114754098,0,0,8,2,False
11,10,108,108,0,0.0,9.818181818181818,0.385694607919935,10,9.818181818181818,0.385694607919935,10,0,2,1.1,0.3,9,54,0.5,0.9818181818181818,1.0,1,54,0,0,False,0,0.0,0,0,10,4,False
18,7,158,270,112,0.4148148148148148,8.777777777777779,2.9917582261858358,16,8.777777777777779,5.050363634383783,16,0,5,2.5714285714285716,1.049781318335648,0,37,0.23417721518987342,0.5163398692810458,0.46835443037974683,1,135,112,31,True,3,0.8296296296296296,3,1,7,7,True
17,8,189,242,53,0.2190082644628099,11.117647058823529,2.1661120752378786,16,11.117647058823529,3.817642526961871,16,0,4,2.125,1.165922381636102,3,85,0.4497354497354497,0.6948529411764706,0.8994708994708994,1,121,53,4,True,2,0.4380165289256198,0,0,8,7,False
19,7,212,282,70,0.24822695035460993,11.157894736842104,2.700159018606455,16,11.157894736842104,5.546579390605356,18,0,7,2.7142857142857144,1.979486637221574,2,91,0.42924528301886794,0.6198830409356725,0.8584905660377359,1,141,70,6,True,2,0.49645390070921985,0,0,7,2,False
17,5,101,230,129,0.5608695652173913,5.9411764705882355,2.6672433055893254,13,5.9411764705882355,1.5893242454242702,9,0,4,3.4,0.4898979485566356,0,45,0.44554455445544555,0.3713235294117647,0.8910891089108911,1,115,129,3,True,2,1.1217391304347826,0,0,5,7,False
6,2,7,18,11,0.6111111111111112,1.1666666666666667,0.3726779962499649,2,1.1666666666666667,0.3726779962499649,2,0,3,3.0,0.0,0,3,0.42857142857142855,0.23333333333333334,0.8571428571428571,3,9,11,1,True,2,1.2222222222222223,0,0,2,7,False
4,3,10,10,0,0.0,2.5,0.5,3,2.5,0.5,3,0,2,1.3333333333333333,0.4714045207910317,2,5,0.5,0.8333333333333334,1.0,1,5,0,0,False,0,0.0,0,0,3,2,False
12,5,59,100,41,0.41,4.916666666666667,1.2555432644432805,8,4.916666666666667,3.7960139913101245,11,0,5,2.4,1.7435595774162693,3,22,0.3728813559322034,0.44696969696969696,0.7457627118644068,1,50,41,1,True,2,0.82,0,0,5,6,False
15,9,162,194,32,0.16494845360824742,10.8,0.4,11,10.8,4.3848223073080925,14,0,3,1.6666666666666667,0.816496580927726,5,67,0.41358024691358025,0.7714285714285715,0.8271604938271605,1,97,32,1,True,2,0.32989690721649484,0,0,9,7,False
8,4,34,48,14,0.2916666666666667,4.25,0.4330127018922193,5,4.25,1.5612494995995996,6,0,2,2.0,0.0,0,13,0.38235294117647056,0.6071428571428571,0.7647058823529411,1,24,14,3,True,2,0.5833333333333334,0,0,4,6,False
2,2,2,2,0,0.0,1.0,0.0,1,1.0,0.0,1,0,1,1.0,0.0,2,1,0.5,1.0,1.0,1,0,0,0,False,0,,0,0,2,4,False
12,9,104,124,20,0.16129032258064516,8.666666666666666,0.8498365855987974,11,8.666666666666666,3.3499585403736303,11,0,3,1.3333333333333333,0.6666666666666666,7,45,0.4326923076923077,0.7878787878787878,0.8653846153846154,1,62,20,0,False,1,0.3225806451612903,0,0,9,2,False
13,10,135,150,15,0.1,10.384615384615385,1.4955555457864294,12,10.384615384615385,1.7775723089678988,12,0,2,1.3,0.45825756949558394,7,66,0.4888888888888889,0.8653846153846154,0.9777777777777777,1,75,15,0,False,1,0.2,0,0,10,1,False
5,2,9,12,3,0.25,1.8,0.9797958971132713,3,1.8,0.9797958971132713,3,0,3,2.5,0.5,0,3,0.3333333333333333,0.45,0.6666666666666666,1,6,3,0,False,1,0.5,0,0,2,7,False
20,7,266,334,68,0.20359281437125748,13.3,1.4866068747318506,17,13.3,1.1874342087037917,16,0,5,2.857142857142857,1.1248582677159729,0,127,0.4774436090225564,0.7,0.9548872180451128,1,167,68,2,True,2,0.40718562874251496,0,0,7,3,False
18,10,248,276,28,0.10144927536231885,13.777777777777779,2.739739556875101,17,13.777777777777779,3.2241373618993125,17,0,5,1.8,1.2489995996796797,6,116,0.46774193548387094,0.8104575163398693,0.9354838709677419,1,138,28,3,True,2,0.2028985507246377,0,0,10,4,False
12,7,91,118,27,0.2288135593220339,7.583333333333333,1.7057907908715602,10,7.583333333333333,3.2521360501813095,11,0,3,1.7142857142857142,0.880630571852711,4,37,0.4065934065934066,0.6893939393939394,0.8131868131868132,1,59,27,6,True,2,0.4576271186440678,0,0,7,6,False
14,7,112,164,52,0.3170731707317073,8.0,2.4201534780139164,13,8.0,2.104417123236605,13,0,3,2.0,0.7559289460184544,2,54,0.48214285714285715,0.6153846153846154,0.9642857142857143,1,82,52,0,False,1,0.6341463414634146,0,0,7,4,False
11,9,96,106,10,0.09433962264150944,8.727272727272727,0.616575453011388,10,8.727272727272727,2.2998382983042758,10,0,2,1.2222222222222223,0.41573970964154905,7,45,0.46875,0.8727272727272727,0.9375,1,53,10,0,False,1,0.18867924528301888,0,0,9,2,False
16,10,164,228,64,0.2807017543859649,10.25,1.4361406616345072,12,10.25,4.9180788932265,15,0,2,1.6,0.48989794855663565,4,56,0.34146341463414637,0.6833333333333333,0.6829268292682927,1,114,64,15,True,2,0.5614035087719298,0,0,10,7,False
20,8,229,334,105,0.3143712574850299,11.45,1.935846068260594,17,11.45,6.264782518172518,19,0,6,2.5,1.4142135623730951,1,88,0.38427947598253276,0.6026315789473684,0.7685589519650655,1,167,105,16,True,3,0.6287425149700598,0,0,8,8,False
8,8,56,56,0,0.0,7.0,0.0,7,7.0,0.0,7,0,1,1.0,0.0,8,28,0.5,1.0,1.0,1,28,0,0,False,0,0.0,0,0,8,7,False
17,7,116,180,64,0.35555555555555557,6.823529411764706,0.3812200410828153,7,6.823529411764706,7.508703139515521,16,0,10,2.4285714285714284,3.1102201510110343,5,26,0.22413793103448276,0.4264705882352941,0.4482758620689655,1,90,64,0,False,1,0.7111111111111111,0,0,7,7,False
2,2,2,2,0,0.0,1.0,0.0,1,1.0,0.0,1,0,1,1.0,0.0,2,1,0.5,1.0,1.0,1,0,0,0,False,0,,0,0,2,7,False
11,8,86,102,16,0.1568627450980392,7.818181818181818,1.1922615498730909,10,7.818181818181818,3.009626428590336,10,0,3,1.375,0.6959705453537527,6,37,0.43023255813953487,0.7818181818181819,0.8604651162790697,1,51,16,0,False,1,0.3137254901960784,0,0,8,6,False
8,4,34,46,12,0.2608695652173913,4.25,1.299038105676658,7,4.25,1.3919410907075054,7,0,3,2.0,0.7071067811865476,1,15,0.4411764705882353,0.6071428571428571,0.8823529411764706,1,23,12,0,False,1,0.5217391304347826,0,0,4,5,False
10,7,82,82,0,0.0,8.2,0.8717797887081348,9,8.2,0.8717797887081348,9,0,3,1.4285714285714286,0.7284313590846836,5,41,0.5,0.9111111111111111,1.0,1,41,0,0,False,0,0.0,0,0,7,2,False
6,4,25,26,1,0.038461538461538464,4.166666666666667,0.37267799624996495,5,4.166666666666667,0.6871842709362768,5,0,2,1.5,0.5,2,12,0.48,0.8333333333333334,0.96,1,13,1,0,False,1,0.07692307692307693,0,0,4,5,False
21,10,308,392,84,0.21428571428571427,14.666666666666666,1.9599157740244455,20,14.666666666666666,4.2238927355307965,20,0,3,2.1,0.7,2,135,0.4383116883116883,0.7333333333333333,0.8766233766233766,1,196,84,6,True,2,0.42857142857142855,0,0,10,1,False
15,10,178,198,20,0.10101010101010101,11.866666666666667,1.4996295838935993,14,11.866666666666667,2.5785439474418292,14,0,3,1.5,0.6708203932499369,6,85,0.47752808988764045,0.8476190476190476,0.9550561797752809,1,99,20,0,False,1,0.20202020202020202,0,0,10,7,False
24,9,264,476,212,0.44537815126050423,11.0,3.8837267325770144,18,11.0,6.683312551921141,23,0,6,2.6666666666666665,2.0,5,118,0.44696969696969696,0.4782608695652174,0.8939393939393939,1,238,212,0,False,1,0.8907563025210085,0,0,9,3,False
11,8,100,104,4,0.038461538461538464,9.090909090909092,0.899954085146515,10,9.090909090909092,0.899954085146515,10,0,2,1.375,0.4841229182759271,5,50,0.5,0.9090909090909091,1.0,1,52,4,0,False,1,0.07692307692307693,0,0,8,2,False
9,5,55,62,7,0.11290322580645161,6.111111111111111,1.1967032904743342,8,6.111111111111111,1.5234788000891208,8,0,3,1.8,0.7483314773547883,2,26,0.4727272727272727,0.7638888888888888,0.9454545454545454,1,31,7,0,False,1,0.22580645161290322,0,0,5,5,False
12,8,124,124,0,0.0,10.333333333333334,0.4714045207910317,11,10.333333333333334,0.4714045207910317,11,0,2,1.5,0.5,4,62,0.5,0.9393939393939394,1.0,1,62,0,0,False,0,0.0,0,0,8,1,False
19,7,226,298,72,0.24161073825503357,11.894736842105264,2.468639873591279,18,11.894736842105264,3.809886541232391,18,0,5,2.7142857142857144,1.2777531299998797,2,89,0.3938053097345133,0.6608187134502924,0.7876106194690266,1,149,72,12,True,2,0.48322147651006714,0,0,7,3,False
13,3,40,112,72,0.6428571428571429,3.076923076923077,1.2064913185660093,5,3.076923076923077,1.268647884805434,5,0,5,4.333333333333333,0.4714045207910317,0,18,0.45,0.2564102564102564,0.9,3,56,72,2,True,2,1.2857142857142858,0,0,3,4,False
10,2,17,42,25,0.5952380952380952,1.7,0.7810249675906655,3,1.7,1.676305461424021,5,0,7,5.0,2.0,0,4,0.23529411764705882,0.18888888888888888,0.47058823529411764,2,21,25,4,True,2,1.1904761904761905,0,0,2,7,False
5,5,20,20,0,0.0,4.0,0.0,4,4.0,0.0,4,0,1,1.0,0.0,5,10,0.5,1.0,1.0,1,10,0,0,False,0,0.0,0,0,5,3,False
13,9,142,148,6,0.04054054054054054,10.923076923076923,1.071414482860317,12,10.923076923076923,1.2064913185660096,12,0,2,1.4444444444444444,0.4969039949999533,5,69,0.4859154929577465,0.9102564102564102,0.971830985915493,1,74,6,0,False,1,0.08108108108108109,0,0,9,2,False
13,5,68,134,66,0.4925373134328358,5.230769230769231,1.716608738801646,9,5.230769230769231,1.760849714193784,8,0,3,2.6,0.4898979485566356,0,29,0.4264705882352941,0.4358974358974359,0.8529411764705882,1,67,66,4,True,3,0.9850746268656716,2,0,5,5,True
9,8,70,70,0,0.0,7.777777777777778,0.41573970964154905,8,7.777777777777778,0.41573970964154905,8,0,2,1.125,0.33071891388307384,7,35,0.5,0.9722222222222222,1.0,1,35,0,0,False,0,0.0,0,0,8,3,False
17,10,236,256,20,0.078125,13.882352941176471,1.5294117647058825,16,13.882352941176471,1.5294117647058825,16,0,3,1.7,0.6403124237432849,4,118,0.5,0.8676470588235294,1.0,1,128,20,0,False,1,0.15625,0,0,10,1,False
5,5,20,20,0,0.0,4.0,0.0,4,4.0,0.0,4,0,1,1.0,0.0,5,10,0.5,1.0,1.0,1,10,0,0,False,0,0.0,0,0,5,1,False
8,5,48,48,0,0.0,6.0,0.8660254037844386,7,6.0,0.8660254037844386,7,0,3,1.6,0.8,3,24,0.5,0.8571428571428571,1.0,1,24,0,0,False,0,0.0,0,0,5,1,False
7,5,30,38,8,0.21052631578947367,4.285714285714286,0.4517539514526256,5,4.285714285714286,2.1852940772540506,6,0,2,1.4,0.4898979485566356,3,12,0.4,0.7142857142857143,0.8,1,19,8,1,True,2,0.42105263157894735,0,0,5,6,False
4,2,5,8,3,0.375,1.25,0.4330127018922193,2,1.25,0.82915619758885,2,0,2,2.0,0.0,0,1,0.2,0.4166666666666667,0.4,1,4,3,1,True,2,0.75,0,0,2,2,False
10,9,84,88,4,0.045454545454545456,8.4,0.4898979485566356,9,8.4,1.2806248474865698,9,0,2,1.1111111111111112,0.3142696805273545,8,40,0.47619047619047616,0.9333333333333333,0.9523809523809523,1,44,4,0,False,1,0.09090909090909091,0,0,9,5,False
13,6,109,134,25,0.1865671641791045,8.384615384615385,1.4955555457864294,11,8.384615384615385,2.704368589422607,12,0,4,2.1666666666666665,1.0671873729054748,2,49,0.44954128440366975,0.6987179487179487,0.8990825688073395,1,67,25,1,True,2,0.373134328358209,0,0,6,7,False
15,7,119,190,71,0.3736842105263158,7.933333333333334,2.0154955277107964,14,7.933333333333334,3.2138588781850532,14,0,3,2.142857142857143,0.6388765649999399,1,49,0.4117647058823529,0.5666666666666667,0.8235294117647058,1,95,71,13,True,2,0.7473684210526316,4,0,7,4,True
17,10,212,246,34,0.13821138211382114,12.470588235294118,1.459961605410689,15,12.470588235294118,4.447307805043717,16,0,5,1.7,1.1874342087037917,6,96,0.4528301886792453,0.7794117647058824,0.9056603773584906,1,123,34,1,True,2,0.2764227642276423,0,0,10,7,False
14,6,93,162,69,0.42592592592592593,6.642857142857143,2.0910401669006355,11,6.642857142857143,4.638459455729778,12,0,3,2.3333333333333335,0.4714045207910317,0,16,0.17204301075268819,0.510989010989011,0.34408602150537637,1,81,69,26,True,2,0.8518518518518519,0,0,6,7,False
8,4,38,46,8,0.17391304347826086,4.75,0.9682458365518543,7,4.75,1.5612494995995996,7,0,3,2.0,0.7071067811865476,1,17,0.4473684210526316,0.6785714285714286,0.8947368421052632,1,23,8,0,False,1,0.34782608695652173,0,0,4,4,False
10,8,84,86,2,0.023255813953488372,8.4,0.4898979485566356,9,8.4,0.9165151389911681,9,0,2,1.25,0.4330127018922193,6,41,0.4880952380952381,0.9333333333333333,0.9761904761904762,1,43,2,0,False,1,0.046511627906976744,0,0,8,3,False
15,10,186,192,6,0.03125,12.4,1.3564659966250536,14,12.4,1.9595917942265426,14,0,4,1.5,1.02469507659596,8,90,0.4838709677419355,0.8857142857142857,0.967741935483871,1,96,6,0,False,1,0.0625,0,0,10,4,False
16,4,86,186,100,0.5376344086021505,5.375,2.0879116360612584,10,5.375,2.0879116360612584,10,0,5,4.0,1.224744871391589,0,43,0.5,0.35833333333333334,1.0,2,93,100,0,False,1,1.075268817204301,0,0,4,1,False
18,10,228,260,32,0.12307692307692308,12.666666666666666,3.7712361663282534,17,12.666666666666666,3.7712361663282534,17,0,7,1.8,1.7776388834631178,7,114,0.5,0.7450980392156863,1.0,1,130,32,0,False,1,0.24615384615384617,0,0,10,7,False
13,8,132,146,14,0.0958904109589041,10.153846153846153,0.9483713850721501,12,10.153846153846153,1.7027648939368198,12,0,2,1.625,0.4841229182759271,3,63,0.4772727272727273,0.8461538461538461,0.9545454545454546,1,73,14,0,False,1,0.1917808219178082,0,0,8,2,False
10,6,76,76,0,0.0,7.6,1.3564659966250536,9,7.6,1.3564659966250536,9,0,4,1.6666666666666667,1.1055415967851332,4,38,0.5,0.8444444444444444,1.0,1,38,0,0,False,0,0.0,0,0,6,4,False
9,6,52,64,12,0.1875,5.777777777777778,0.6285393610547089,7,5.777777777777778,2.779999111821512,8,0,3,1.5,0.7637626158259734,4,20,0.38461538461538464,0.7222222222222222,0.7692307692307693,1,32,12,1,True,2,0.375,0,0,6,6,False
21,10,335,380,45,0.11842105263157894,15.952380952380953,2.919168023617924,20,15.952380952380953,2.983704799584865,20,0,4,2.1,1.3,5,157,0.46865671641791046,0.7976190476190477,0.9373134328358209,1,190,45,9,True,2,0.23684210526315788,0,0,10,3,False
3,3,6,6,0,0.0,2.0,0.0,2,2.0,0.0,2,0,1,1.0,0.0,3,3,0.5,1.0,1.0,1,3,0,0,False,0,0.0,0,0,3,1,False
9,2,12,40,28,0.7,1.3333333333333333,0.6666666666666666,3,1.3333333333333333,0.816496580927726,3,0,5,4.5,0.5,0,4,0.3333333333333333,0.16666666666666666,0.6666666666666666,3,20,28,2,True,2,1.4,0,0,2,8,False
12,8,108,122,14,0.11475409836065574,9.0,1.5811388300841898,11,9.0,2.516611478423583,11,0,3,1.5,0.7071067811865476,5,47,0.4351851851851852,0.8181818181818182,0.8703703703703703,1,61,14,2,True,2,0.22950819672131148,0,0,8,7,False
11,6,82,98,16,0.16326530612244897,7.454545454545454,1.6160353486028343,10,7.454545454545454,1.6160353486028343,10,0,3,1.8333333333333333,0.6871842709362768,2,41,0.5,0.7454545454545455,1.0,1,49,16,0,False,1,0.32653061224489793,0,0,6,1,False
10,7,82,82,0,0.0,8.2,0.8717797887081348,9,8.2,0.8717797887081348,9,0,3,1.4285714285714286,0.7284313590846835,5,41,0.5,0.9111111111111111,1.0,1,41,0,0,False,0,0.0,0,0,7,2,False
6,2,9,18,9,0.5,1.5,0.5,2,1.5,1.2583057392117916,3,0,3,3.0,0.0,0,2,0.2222222222222222,0.3,0.4444444444444444,1,9,9,3,True,3,1.0,0,0,2,1,False
37,5,277,1080,803,0.7435185185185185,7.486486486486487,3.621419921773417,24,7.486486486486487,3.8458234391990826,19,0,10,7.4,1.7435595774162693,0,122,0.4404332129963899,0.20795795795795796,0.8808664259927798,1,540,803,20,True,3,1.487037037037037,3,0,5,7,True
13,9,126,148,22,0.14864864864864866,9.692307692307692,1.8557443202792028,12,9.692307692307692,2.333192444323554,12,0,2,1.4444444444444444,0.4969039949999533,5,58,0.4603174603174603,0.8076923076923077,0.9206349206349206,1,74,22,3,True,2,0.2972972972972973,0,0,9,1,False
15,10,174,194,20,0.10309278350515463,11.6,1.3063945294843615,14,11.6,2.65329983228432,14,0,4,1.5,0.9219544457292888,7,78,0.4482758620689655,0.8285714285714286,0.896551724137931,1,97,20,3,True,2,0.20618556701030927,0,0,10,7,False
9,8,70,70,0,0.0,7.777777777777778,0.41573970964154905,8,7.777777777777778,0.41573970964154905,8,0,2,1.125,0.33071891388307384,7,35,0.5,0.9722222222222222,1.0,1,35,0,0,False,0,0.0,0,0,8,3,False
10,5,66,76,10,0.13157894736842105,6.6,1.6852299546352716,9,6.6,1.624807680927192,9,0,3,2.0,0.8944271909999159,2,32,0.48484848484848486,0.7333333333333333,0.9696969696969697,1,38,10,0,False,1,0.2631578947368421,0,0,5,3,False
12,9,122,124,2,0.016129032258064516,10.166666666666666,0.8975274678557507,11,10.166666666666666,1.1426091000668408,11,0,3,1.3333333333333333,0.6666666666666666,7,60,0.4918032786885246,0.9242424242424242,0.9836065573770492,1,62,2,0,False,1,0.03225806451612903,0,0,9,3,False
4,2,6,6,0,0.0,1.5,0.8660254037844386,3,1.5,0.8660254037844386,3,0,3,2.0,1.0,1,3,0.5,0.5,1.0,1,3,0,0,False,0,0.0,0,0,2,6,False
3,3,6,6,0,0.0,2.0,0.0,2,2.0,0.0,2,0,1,1.0,0.0,3,3,0.5,1.0,1.0,1,3,0,0,False,0,0.0,0,0,3,3,False
4,3,10,10,0,0.0,2.5,0.5,3,2.5,0.5,3,0,2,1.3333333333333333,0.4714045207910317,2,5,0.5,0.8333333333333334,1.0,1,5,0,0,False,0,0.0,0,0,3,3,False
16,4,72,192,120,0.625,4.5,1.7320508075688772,9,4.5,2.23606797749979,9,0,4,4.0,0.0,0,29,0.4027777777777778,0.3,0.8055555555555556,2,96,120,9,True,2,1.25,0,0,4,3,False
37,9,604,1184,580,0.48986486486486486,16.324324324324323,7.973110397349785,36,16.324324324324323,8.17065961826317,36,0,6,4.111111111111111,1.9116278371205837,2,285,0.4718543046357616,0.45345345345345345,0.9437086092715232,1,592,580,16,True,3,0.9797297297297297,0,0,9,1,False
7,6,39,40,1,0.025,5.571428571428571,0.4948716593053935,6,5.571428571428571,0.7284313590846835,6,0,2,1.1666666666666667,0.3726779962499649,5,19,0.48717948717948717,0.9285714285714286,0.9743589743589743,1,20,1,0,False,1,0.05,0,0,6,3,False
9,9,72,72,0,0.0,8.0,0.0,8,8.0,0.0,8,0,1,1.0,0.0,9,36,0.5,1.0,1.0,1,36,0,0,False,0,0.0,0,0,9,1,False
20,10,292,352,60,0.17045454545454544,14.6,2.2671568097509267,18,14.6,3.49857113690718,19,0,4,2.0,0.8944271909999159,3,139,0.476027397260274,0.7684210526315789,0.952054794520548,1,176,60,3,True,2,0.3409090909090909,0,0,10,3,False
2,2,2,2,0,0.0,1.0,0.0,1,1.0,0.0,1,0,1,1.0,0.0,2,1,0.5,1.0,1.0,1,0,0,0,False,0,,0,0,2,1,False
11,8,86,102,16,0.1568627450980392,7.818181818181818,0.385694607919935,8,7.818181818181818,3.7372372347444482,10,0,3,1.375,0.6959705453537527,6,35,0.4069767441860465,0.7818181818181819,0.813953488372093,1,51,16,0,False,1,0.3137254901960784,0,0,8,4,False
9,4,40,60,20,0.3333333333333333,4.444444444444445,1.3425606637327303,7,4.444444444444445,2.2166597048066667,7,0,3,2.25,0.4330127018922193,0,14,0.35,0.5555555555555556,0.7,1,30,20,4,True,2,0.6666666666666666,0,0,4,5,False
2,2,2,2,0,0.0,1.0,0.0,1,1.0,0.0,1,0,1,1.0,0.0,2,1,0.5,1.0,1.0,1,0,0,0,False,0,,0,0,2,1,False
17,10,198,252,54,0.21428571428571427,11.647058823529411,1.6428517698551697,16,11.647058823529411,4.22793478260386,16,0,4,1.7,0.8999999999999999,5,90,0.45454545454545453,0.7279411764705882,0.9090909090909091,1,126,54,0,False,1,0.42857142857142855,0,0,10,3,False
18,8,219,280,61,0.21785714285714286,12.166666666666666,1.2583057392117918,14,12.166666666666666,4.362084109434134,15,0,4,2.25,0.6614378277661477,0,95,0.4337899543378995,0.7156862745098039,0.867579908675799,1,140,61,0,False,1,0.4357142857142857,0,0,8,2,False
7,3,21,32,11,0.34375,3.0,0.9258200997725514,5,3.0,1.6035674514745464,5,0,3,2.3333333333333335,0.4714045207910317,0,8,0.38095238095238093,0.5,0.7619047619047619,1,16,11,1,True,2,0.6875,0,0,3,1,False
3,2,3,4,1,0.25,1.0,0.0,1,1.0,0.816496580927726,2,0,2,1.5,0.5,1,1,0.3333333333333333,0.5,0.6666666666666666,1,2,1,0,False,1,0.5,0,0,2,2,False
11,4,36,90,54,0.6,3.272727272727273,0.8624393618641034,6,3.272727272727273,1.7104443383842527,6,0,3,2.75,0.4330127018922193,0,15,0.4166666666666667,0.32727272727272727,0.8333333333333334,2,45,54,6,True,2,1.2,0,0,4,8,False
9,2,16,40,24,0.6,1.7777777777777777,0.7856742013183862,3,1.7777777777777777,0.7856742013183862,3,0,5,4.5,0.5,0,8,0.5,0.2222222222222222,1.0,3,20,24,0,False,1,1.2,0,0,2,1,False
9,8,67,70,3,0.04285714285714286,7.444444444444445,0.49690399499995325,8,7.444444444444445,1.257078722109418,8,0,2,1.125,0.33071891388307384,7,32,0.47761194029850745,0.9305555555555556,0.9552238805970149,1,35,3,0,False,1,0.08571428571428572,0,0,8,6,False
23,7,272,452,180,0.39823008849557523,11.826086956521738,3.225606433215897,18,11.826086956521738,4.940094823179387,18,0,4,3.2857142857142856,0.4517539514526256,0,102,0.375,0.5375494071146245,0.75,1,226,180,11,True,2,0.7964601769911505,0,0,7,5,False
14,5,130,144,14,0.09722222222222222,9.285714285714286,2.1189138534559038,13,9.285714285714286,2.2812456318101875,13,0,5,2.8,1.6,2,63,0.4846153846153846,0.7142857142857143,0.9692307692307692,1,72,14,2,True,2,0.19444444444444445,0,0,5,7,False
12,10,124,128,4,0.03125,10.333333333333334,0.9428090415820634,11,10.333333333333334,0.9428090415820634,11,0,2,1.2,0.4,8,62,0.5,0.9393939393939394,1.0,1,64,4,0,False,1,0.0625,0,0,10,2,False
17,7,145,228,83,0.36403508771929827,8.529411764705882,4.17439882334357,16,8.529411764705882,4.216461397048806,16,0,5,2.4285714285714284,1.6781914463529615,4,71,0.4896551724137931,0.5330882352941176,0.9793103448275862,1,114,83,3,True,2,0.7280701754385965,0,0,7,1,False
14,10,150,174,24,0.13793103448275862,10.714285714285714,1.2205719636167902,13,10.714285714285714,2.986363565766696,13,0,2,1.4,0.48989794855663565,6,67,0.44666666666666666,0.8241758241758241,0.8933333333333333,1,87,24,0,False,1,0.27586206896551724,0,0,10,7,False
10,8,84,86,2,0.023255813953488372,8.4,0.8,9,8.4,0.9165151389911681,9,0,2,1.25,0.4330127018922193,6,41,0.4880952380952381,0.9333333333333333,0.9761904761904762,1,43,2,0,False,1,0.046511627906976744,0,0,8,1,False
39,10,901,1356,455,0.3355457227138643,23.102564102564102,4.986108249593072,33,23.102564102564102,5.5920954826358695,33,0,5,3.9,1.1357816691600549,0,410,0.4550499445061043,0.6079622132253711,0.9100998890122086,1,678,455,28,True,3,0.6710914454277286,4,0,10,7,True
4,4,12,12,0,0.0,3.0,0.0,3,3.0,0.0,3,0,1,1.0,0.0,4,6,0.5,1.0,1.0,1,6,0,0,False,0,0.0,0,0,4,6,False
14,6,122,148,26,0.17567567567567569,8.714285714285714,3.0338229402279,13,8.714285714285714,3.0338229402279,13,0,5,2.3333333333333335,1.5986105077709065,3,61,0.5,0.6703296703296703,1.0,1,74,26,0,False,1,0.35135135135135137,0,0,6,1,False
12,9,116,126,10,0.07936507936507936,9.666666666666666,0.6236095644623235,11,9.666666666666666,2.2852182001336816,11,0,2,1.3333333333333333,0.4714045207910317,6,53,0.45689655172413796,0.8787878787878788,0.9137931034482759,1,63,10,1,True,2,0.15873015873015872,0,0,9,6,False
13,7,100,138,38,0.2753623188405797,7.6923076923076925,2.5835162498071793,12,7.6923076923076925,2.892553181071256,12,0,3,1.8571428571428572,0.989743318610787,4,49,0.49,0.6410256410256411,0.98,1,69,38,0,False,1,0.5507246376811594,0,0,7,2,False
12,6,100,118,18,0.15254237288135594,8.333333333333334,1.3743685418725535,11,8.333333333333334,1.3743685418725535,11,0,3,2.0,0.5773502691896257,1,50,0.5,0.7575757575757576,1.0,1,59,18,0,False,1,0.3050847457627119,0,0,6,1,False
4,3,10,10,0,0.0,2.5,0.5,3,2.5,0.5,3,0,2,1.3333333333333333,0.4714045207910317,2,5,0.5,0.8333333333333334,1.0,1,5,0,0,False,0,0.0,0,0,3,4,False
6,2,8,16,8,0.5,1.3333333333333333,0.7453559924999299,3,1.3333333333333333,0.7453559924999299,3,0,4,3.0,1.0,0,4,0.5,0.26666666666666666,1.0,2,8,8,0,False,1,1.0,0,0,2,3,False
5,4,17,18,1,0.05555555555555555,3.4,0.4898979485566356,4,3.4,0.8,4,0,2,1.25,0.4330127018922193,3,8,0.47058823529411764,0.85,0.9411764705882353,1,9,1,0,False,1,0.1111111111111111,0,0,4,3,False
8,6,50,50,0,0.0,6.25,0.9682458365518543,7,6.25,0.9682458365518543,7,0,3,1.3333333333333333,0.74535599249993,5,25,0.5,0.8928571428571429,1.0,1,25,0,0,False,0,0.0,0,0,6,2,False
6,4,19,26,7,0.2692307692307692,3.1666666666666665,0.3726779962499649,4,3.1666666666666665,1.9507833184532708,5,0,2,1.5,0.5,2,7,0.3684210526315789,0.6333333333333333,0.7368421052631579,1,13,7,2,True,2,0.5384615384615384,0,0,4,3,False
2,2,2,2,0,0.0,1.0,0.0,1,1.0,0.0,1,0,1,1.0,0.0,2,1,0.5,1.0,1.0,1,0,0,0,False,0,,0,0,2,1,False
3,2,4,4,0,0.0,1.3333333333333333,0.4714045207910317,2,1.3333333333333333,0.4714045207910317,2,0,2,1.5,0.5,1,2,0.5,0.6666666666666666,1.0,1,2,0,0,False,0,0.0,0,0,2,2,False
12,4,68,106,38,0.3584905660377358,5.666666666666667,1.6499158227686108,9,5.666666666666667,2.2484562605386738,10,0,4,3.0,0.7071067811865476,0,28,0.4117647058823529,0.5151515151515151,0.8235294117647058,1,53,38,4,True,3,0.7169811320754716,0,0,4,6,False
8,2,14,24,10,0.4166666666666667,1.75,1.6393596310755,6,1.75,1.713913650100261,6,0,6,4.0,2.0,0,2,0.14285714285714285,0.25,0.2857142857142857,1,12,10,4,True,2,0.8333333333333334,0,0,2,8,False
2,2,2,2,0,0.0,1.0,0.0,1,1.0,0.0,1,0,1,1.0,0.0,2,1,0.5,1.0,1.0,1,0,0,0,False,0,,0,0,2,1,False
7,5,32,38,6,0.15789473684210525,4.571428571428571,0.4948716593053935,5,4.571428571428571,1.9897697538834456,6,0,2,1.4,0.4898979485566356,3,14,0.4375,0.7619047619047619,0.875,1,19,6,1,True,2,0.3157894736842105,0,0,5,5,False
6,5,28,28,0,0.0,4.666666666666667,0.4714045207910317,5,4.666666666666667,0.4714045207910317,5,0,2,1.2,0.4000000000000001,4,14,0.5,0.9333333333333333,1.0,1,14,0,0,False,0,0.0,0,0,5,7,False
15,7,153,188,35,0.18617021276595744,10.2,1.514375558880073,13,10.2,3.745219174716837,14,0,3,2.142857142857143,0.8329931278350429,2,59,0.38562091503267976,0.7285714285714285,0.7712418300653595,1,94,35,9,True,2,0.3723404255319149,0,0,7,3,False
7,7,42,42,0,0.0,6.0,0.0,6,6.0,0.0,6,0,1,1.0,0.0,7,21,0.5,1.0,1.0,1,21,0,0,False,0,0.0,0,0,7,3,False
10,8,82,86,4,0.046511627906976744,8.2,0.8717797887081348,9,8.2,1.0770329614269007,9,0,2,1.25,0.4330127018922193,6,40,0.4878048780487805,0.9111111111111111,0.975609756097561,1,43,4,0,False,1,0.09302325581395349,0,0,8,8,False
31,10,557,858,301,0.3508158508158508,17.967741935483872,4.2387145873197865,24,17.967741935483872,5.076726599459614,29,0,5,3.1,0.8306623862918076,0,242,0.43447037701974867,0.5989247311827957,0.8689407540394973,1,429,301,33,True,3,0.7016317016317016,0,0,10,5,False
4,2,6,6,0,0.0,1.5,0.8660254037844386,3,1.5,0.8660254037844386,3,0,3,2.0,1.0,1,3,0.5,0.5,1.0,1,3,0,0,False,0,0.0,0,0,2,1,False
29,9,295,696,401,0.5761494252873564,10.172413793103448,3.0293844318065375,19,10.172413793103448,8.929103772137651,28,0,7,3.2222222222222223,2.3934065809486684,4,81,0.2745762711864407,0.3633004926108374,0.5491525423728814,5,348,401,34,True,3,1.1522988505747127,2,0,9,7,True
9,8,70,70,0,0.0,7.777777777777778,0.41573970964154905,8,7.777777777777778,0.41573970964154905,8,0,2,1.125,0.33071891388307384,7,35,0.5,0.9722222222222222,1.0,1,35,0,0,False,0,0.0,0,0,8,6,False
4,4,12,12,0,0.0,3.0,0.0,3,3.0,0.0,3,0,1,1.0,0.0,4,6,0.5,1.0,1.0,1,6,0,0,False,0,0.0,0,0,4,3,False
3,2,4,4,0,0.0,1.3333333333333333,0.4714045207910317,2,1.3333333333333333,0.4714045207910317,2,0,2,1.5,0.5,1,2,0.5,0.6666666666666666,1.0,1,2,0,0,False,0,0.0,0,0,2,1,False
18,8,182,282,100,0.3546099290780142,10.11111111111111,2.746490465401839,16,10.11111111111111,3.1071403231354586,16,0,3,2.25,0.4330127018922193,0,87,0.47802197802197804,0.5947712418300654,0.9560439560439561,1,141,100,5,True,2,0.7092198581560284,0,0,8,1,False
8,2,18,30,12,0.4,2.25,1.299038105676658,5,2.25,1.479019945774904,5,0,5,4.0,1.0,0,3,0.16666666666666666,0.32142857142857145,0.3333333333333333,1,15,12,3,True,3,0.8,0,0,2,7,False
11,6,69,88,19,0.2159090909090909,6.2727272727272725,1.420045395619392,10,6.2727272727272725,3.6702962251247904,10,0,5,1.8333333333333333,1.462494064565354,4,27,0.391304347826087,0.6272727272727273,0.782608695652174,1,44,19,0,False,1,0.4318181818181818,0,0,6,6,False
8,6,50,52,2,0.038461538461538464,6.25,0.4330127018922193,7,6.25,0.9682458365518543,7,0,2,1.3333333333333333,0.4714045207910317,4,24,0.48,0.8928571428571429,0.96,1,26,2,0,False,1,0.07692307692307693,0,0,6,3,False
2,2,2,2,0,0.0,1.0,0.0,1,1.0,0.0,1,0,1,1.0,0.0,2,1,0.5,1.0,1.0,1,0,0,0,False,0,,0,0,2,3,False
16,9,192,222,30,0.13513513513513514,12.0,1.7677669529663689,15,12.0,3.0618621784789726,15,0,3,1.7777777777777777,0.7856742013183862,4,87,0.453125,0.8,0.90625,1,111,30,2,True,2,0.2702702702702703,0,0,9,8,False
18,4,73,234,161,0.688034188034188,4.055555555555555,1.899480110808751,11,4.055555555555555,1.870003631078537,11,0,6,4.5,1.5,0,36,0.4931506849315068,0.238562091503268,0.9863013698630136,2,117,161,1,True,2,1.376068376068376,0,0,4,2,False
4,3,10,10,0,0.0,2.5,0.5,3,2.5,0.5,3,0,2,1.3333333333333333,0.4714045207910317,2,5,0.5,0.8333333333333334,1.0,1,5,0,0,False,0,0.0,0,0,3,8,False
7,7,42,42,0,0.0,6.0,0.0,6,6.0,0.0,6,0,1,1.0,0.0,7,21,0.5,1.0,1.0,1,21,0,0,False,0,0.0,0,0,7,8,False
21,10,275,394,119,0.3020304568527919,13.095238095238095,1.9977311393717172,19,13.095238095238095,4.093022656560819,20,0,3,2.1,0.5385164807134505,1,114,0.41454545454545455,0.6547619047619048,0.8290909090909091,1,197,119,14,True,2,0.6040609137055838,0,0,10,4,False
6,4,24,24,0,0.0,4.0,1.0,5,4.0,1.0,5,0,3,1.5,0.8660254037844386,3,12,0.5,0.8,1.0,1,12,0,0,False,0,0.0,0,0,4,5,False
3,2,3,4,1,0.25,1.0,0.0,1,1.0,0.816496580927726,2,0,2,1.5,0.5,1,1,0.3333333333333333,0.5,0.6666666666666666,1,2,1,0,False,1,0.5,0,0,2,1,False
8,5,48,48,0,0.0,6.0,0.8660254037844386,7,6.0,0.8660254037844386,7,0,3,1.6,0.8,3,24,0.5,0.8571428571428571,1.0,1,24,0,0,False,0,0.0,0,0,5,5,False
20,6,152,324,172,0.5308641975308642,7.6,2.0591260281974,11,7.6,4.420407221060069,16,0,5,3.3333333333333335,1.247219128924647,0,55,0.3618421052631579,0.4,0.7236842105263158,2,162,172,26,True,2,1.0617283950617284,0,0,6,4,False
12,5,73,106,33,0.3113207547169811,6.083333333333333,2.752524094152291,11,6.083333333333333,2.9285472318009296,11,0,4,2.4,1.3564659966250538,2,28,0.3835616438356164,0.553030303030303,0.7671232876712328,1,53,33,6,True,2,0.6226415094339622,0,0,5,1,False
2,2,2,2,0,0.0,1.0,0.0,1,1.0,0.0,1,0,1,1.0,0.0,2,1,0.5,1.0,1.0,1,0,0,0,False,0,,0,0,2,3,False
4,4,12,12,0,0.0,3.0,0.0,3,3.0,0.0,3,0,1,1.0,0.0,4,6,0.5,1.0,1.0,1,6,0,0,False,0,0.0,0,0,4,3,False
7,5,34,38,4,0.10526315789473684,4.857142857142857,0.8329931278350429,6,4.857142857142857,1.355261854357877,6,0,2,1.4,0.4898979485566356,3,15,0.4411764705882353,0.8095238095238095,0.8823529411764706,1,19,4,1,True,2,0.21052631578947367,0,0,5,6,False
11,8,100,104,4,0.038461538461538464,9.090909090909092,0.899954085146515,10,9.090909090909092,0.899954085146515,10,0,2,1.375,0.4841229182759271,5,50,0.5,0.9090909090909091,1.0,1,52,4,0,False,1,0.07692307692307693,0,0,8,4,False
15,9,160,186,26,0.13978494623655913,10.666666666666666,1.0749676997731399,14,10.666666666666666,4.61398839279954,14,0,5,1.6666666666666667,1.247219128924647,6,67,0.41875,0.7619047619047619,0.8375,1,93,26,0,False,1,0.27956989247311825,0,0,9,8,False
6,3,18,24,6,0.25,3.0,0.816496580927726,4,3.0,1.4142135623730951,4,0,2,2.0,0.0,0,7,0.3888888888888889,0.6,0.7777777777777778,1,12,6,0,False,1,0.5,0,0,3,8,False
30,6,247,742,495,0.6671159029649596,8.233333333333333,2.728654532101042,13,8.233333333333333,2.7770888034454755,13,0,7,5.0,1.1547005383792515,0,121,0.4898785425101215,0.28390804597701147,0.979757085020243,2,371,495,2,True,2,1.3342318059299192,0,0,6,2,False
6,4,24,24,0,0.0,4.0,1.0,5,4.0,1.0,5,0,3,1.5,0.8660254037844386,3,12,0.5,0.8,1.0,1,12,0,0,False,0,0.0,0,0,4,2,False
4,2,4,8,4,0.5,1.0,0.0,1,1.0,0.0,1,0,2,2.0,0.0,0,2,0.5,0.3333333333333333,1.0,2,4,4,0,False,1,1.0,0,0,2,1,False
19,10,230,310,80,0.25806451612903225,12.105263157894736,2.1249083408617206,15,12.105263157894736,5.820966973767786,18,0,4,1.9,1.2206555615733703,6,87,0.3782608695652174,0.672514619883041,0.7565217391304347,2,155,80,7,True,2,0.5161290322580645,0,0,10,6,False
11,8,94,104,10,0.09615384615384616,8.545454545454545,0.49792959773196915,9,8.545454545454545,2.7753340949952268,10,0,2,1.375,0.4841229182759271,5,42,0.44680851063829785,0.8545454545454545,0.8936170212765957,1,52,10,1,True,2,0.19230769230769232,0,0,8,6,False
10,8,79,86,7,0.08139534883720931,7.9,0.9433981132056604,9,7.9,1.6401219466856727,9,0,2,1.25,0.4330127018922193,6,36,0.45569620253164556,0.8777777777777778,0.9113924050632911,1,43,7,1,True,2,0.16279069767441862,0,0,8,7,False
7,5,38,38,0,0.0,5.428571428571429,0.4948716593053935,6,5.428571428571429,0.4948716593053935,6,0,2,1.4,0.4898979485566356,3,19,0.5,0.9047619047619048,1.0,1,19,0,0,False,0,0.0,0,0,5,3,False
6,6,30,30,0,0.0,5.0,0.0,5,5.0,0.0,5,0,1,1.0,0.0,6,15,0.5,1.0,1.0,1,15,0,0,False,0,0.0,0,0,6,3,False
20,7,167,330,163,0.49393939393939396,8.35,2.632014437650371,14,8.35,4.671991010265324,17,0,5,2.857142857142857,1.3552618543578767,0,65,0.38922155688622756,0.4394736842105263,0.7784431137724551,1,165,163,26,True,2,0.9878787878787879,0,0,7,6,False
6,3,14,24,10,0.4166666666666667,2.3333333333333335,0.4714045207910317,3,2.3333333333333335,0.7453559924999299,4,0,2,2.0,0.0,0,6,0.42857142857142855,0.4666666666666667,0.8571428571428571,2,12,10,0,False,1,0.8333333333333334,0,0,3,7,False
20,5,144,312,168,0.5384615384615384,7.2,2.8213471959331766,13,7.2,4.48998886412873,18,0,5,4.0,1.2649110640673518,0,51,0.3541666666666667,0.37894736842105264,0.7083333333333334,1,156,168,18,True,2,1.0769230769230769,0,0,5,3,False
30,7,309,764,455,0.5955497382198953,10.3,4.598188048931158,22,10.3,3.494281041931229,16,0,6,4.285714285714286,1.0301575072754257,0,144,0.46601941747572817,0.35517241379310344,0.9320388349514563,1,382,455,1,True,2,1.1910994764397906,0,0,7,4,False
10,3,33,66,33,0.5,3.3,1.3453624047073711,7,3.3,2.4103941586387903,7,0,4,3.3333333333333335,0.4714045207910317,0,6,0.18181818181818182,0.36666666666666664,0.36363636363636365,2,33,33,8,True,2,1.0,0,0,3,6,False
13,9,138,146,8,0.0547945205479452,10.615384615384615,1.5951108733329016,12,10.615384615384615,1.4432048491764398,12,0,3,1.4444444444444444,0.6849348892187752,6,68,0.4927536231884058,0.8846153846153846,0.9855072463768116,1,73,8,0,False,1,0.1095890410958904,0,0,9,6,False
9,7,58,66,8,0.12121212121212122,6.444444444444445,0.8314794192830981,8,6.444444444444445,2.454524670486058,8,0,3,1.2857142857142858,0.6998542122237652,6,25,0.43103448275862066,0.8055555555555556,0.8620689655172413,1,33,8,0,False,1,0.24242424242424243,0,0,7,8,False
11,10,108,108,0,0.0,9.818181818181818,0.385694607919935,10,9.818181818181818,0.385694607919935,10,0,2,1.1,0.3,9,54,0.5,0.9818181818181818,1.0,1,54,0,0,False,0,0.0,0,0,10,1,False
10,6,62,80,18,0.225,6.2,1.32664991614216,9,6.2,2.821347195933177,9,0,3,1.6666666666666667,0.74535599249993,3,24,0.3870967741935484,0.6888888888888889,0.7741935483870968,1,40,18,2,True,2,0.45,0,0,6,2,False
13,4,60,114,54,0.47368421052631576,4.615384615384615,2.2373907034229212,12,4.615384615384615,2.6757734047578596,12,0,6,3.25,1.7853571071357126,1,27,0.45,0.38461538461538464,0.9,1,57,54,6,True,2,0.9473684210526315,0,0,4,6,False
4,4,12,12,0,0.0,3.0,0.0,3,3.0,0.0,3,0,1,1.0,0.0,4,6,0.5,1.0,1.0,1,6,0,0,False,0,0.0,0,0,4,4,False
8,6,46,50,4,0.08,5.75,0.6614378277661477,7,5.75,1.984313483298443,7,0,3,1.3333333333333333,0.74535599249993,5,21,0.45652173913043476,0.8214285714285714,0.9130434782608695,1,25,4,0,False,1,0.16,0,0,6,1,False
21,10,294,388,94,0.2422680412371134,14.0,1.5118578920369088,17,14.0,5.765248931147314,20,0,3,2.1,0.9433981132056604,4,126,0.42857142857142855,0.7,0.8571428571428571,1,194,94,4,True,3,0.4845360824742268,0,0,10,4,False
3,2,3,4,1,0.25,1.0,0.0,1,1.0,0.816496580927726,2,0,2,1.5,0.5,1,1,0.3333333333333333,0.5,0.6666666666666666,1,2,1,0,False,1,0.5,0,0,2,8,False
3,3,6,6,0,0.0,2.0,0.0,2,2.0,0.0,2,0,1,1.0,0.0,3,3,0.5,1.0,1.0,1,3,0,0,False,0,0.0,0,0,3,2,False
10,3,31,66,35,0.5303030303030303,3.1,1.1357816691600549,5,3.1,2.2561028345356955,6,0,4,3.3333333333333335,0.4714045207910317,0,4,0.12903225806451613,0.34444444444444444,0.25806451612903225,2,33,35,12,True,4,1.0606060606060606,0,0,3,5,False
31,10,517,858,341,0.3974358974358974,16.677419354838708,2.8892134968868484,22,16.677419354838708,5.596007198536918,28,0,5,3.1,0.8306623862918076,0,206,0.3984526112185687,0.5559139784946237,0.7969052224371374,1,429,341,23,True,2,0.7948717948717948,0,0,10,8,False
14,9,125,170,45,0.2647058823529412,8.928571428571429,1.5795245991068558,13,8.928571428571429,4.350111422452889,13,0,3,1.5555555555555556,0.6849348892187752,5,42,0.336,0.6868131868131868,0.672,1,85,45,5,True,2,0.5294117647058824,0,0,9,8,False
40,7,516,1366,850,0.6222547584187409,12.9,2.964793416074719,19,12.9,6.4645185435575945,22,0,7,5.714285714285714,0.880630571852711,0,179,0.34689922480620156,0.33076923076923076,0.6937984496124031,4,683,850,52,True,4,1.2445095168374818,0,0,7,3,False
12,10,128,128,0,0.0,10.666666666666666,0.4714045207910317,11,10.666666666666666,0.4714045207910317,11,0,2,1.2,0.4,8,64,0.5,0.9696969696969697,1.0,1,64,0,0,False,0,0.0,0,0,10,1,False
21,4,106,328,222,0.676829268292683,5.0476190476190474,1.7036708399998397,9,5.0476190476190474,3.6446463082195146,14,0,6,5.25,0.82915619758885,0,24,0.22641509433962265,0.2523809523809524,0.4528301886792453,3,164,222,29,True,4,1.353658536585366,5,0,4,8,True
7,3,19,32,13,0.40625,2.7142857142857144,0.6998542122237652,4,2.7142857142857144,1.8294640678379568,5,0,3,2.3333333333333335,0.4714045207910317,0,5,0.2631578947368421,0.4523809523809524,0.5263157894736842,1,16,13,5,True,2,0.8125,0,0,3,4,False
5,5,20,20,0,0.0,4.0,0.0,4,4.0,0.0,4,0,1,1.0,0.0,5,10,0.5,1.0,1.0,1,10,0,0,False,0,0.0,0,0,5,2,False
9,7,66,66,0,0.0,7.333333333333333,0.9428090415820634,8,7.333333333333333,0.9428090415820634,8,0,3,1.2857142857142858,0.6998542122237652,6,33,0.5,0.9166666666666666,1.0,1,33,0,0,False,0,0.0,0,0,7,3,False
11,9,101,106,5,0.04716981132075472,9.181818181818182,0.9359663764533636,10,9.181818181818182,1.113404428537808,10,0,2,1.2222222222222223,0.41573970964154905,7,49,0.48514851485148514,0.9181818181818182,0.9702970297029703,1,53,5,0,False,1,0.09433962264150944,0,0,9,4,False
8,5,42,50,8,0.16,5.25,1.299038105676658,7,5.25,1.479019945774904,7,0,2,1.6,0.4898979485566356,2,19,0.4523809523809524,0.75,0.9047619047619048,1,25,8,0,False,1,0.32,0,0,5,3,False
20,10,260,352,92,0.26136363636363635,13.0,2.1908902300206643,17,13.0,4.0,19,0,4,2.0,0.8944271909999159,3,112,0.4307692307692308,0.6842105263157895,0.8615384615384616,1,176,92,0,False,1,0.5227272727272727,0,0,10,3,False
15,5,93,178,85,0.47752808988764045,6.2,1.869046102516825,12,6.2,1.2754084313139327,8,0,4,3.0,0.6324555320336759,0,44,0.4731182795698925,0.44285714285714284,0.946236559139785,1,89,85,0,False,1,0.9550561797752809,0,0,5,3,False
3,2,4,4,0,0.0,1.3333333333333333,0.4714045207910317,2,1.3333333333333333,0.4714045207910317,2,0,2,1.5,0.5,1,2,0.5,0.6666666666666666,1.0,1,2,0,0,False,0,0.0,0,0,2,8,False
2,2,2,2,0,0.0,1.0,0.0,1,1.0,0.0,1,0,1,1.0,0.0,2,1,0.5,1.0,1.0,1,0,0,0,False,0,,0,0,2,2,False
15,8,148,192,44,0.22916666666666666,9.866666666666667,2.1868292622475636,14,9.866666666666667,3.757067414294765,14,0,3,1.875,0.7806247497997998,3,64,0.43243243243243246,0.7047619047619048,0.8648648648648649,1,96,44,0,False,1,0.4583333333333333,0,0,8,2,False
13,10,144,148,4,0.02702702702702703,11.076923076923077,0.7297563831157798,12,11.076923076923077,1.4390989949130546,12,0,3,1.3,0.6403124237432849,8,70,0.4861111111111111,0.9230769230769231,0.9722222222222222,1,74,4,0,False,1,0.05405405405405406,0,0,10,4,False
14,8,144,170,26,0.15294117647058825,10.285714285714286,1.749635530559413,13,10.285714285714286,2.7105237087157534,13,0,2,1.75,0.4330127018922193,2,63,0.4375,0.7912087912087912,0.875,1,85,26,6,True,2,0.3058823529411765,0,0,8,5,False
6,4,24,24,0,0.0,4.0,1.0,5,4.0,1.0,5,0,3,1.5,0.8660254037844386,3,12,0.5,0.8,1.0,1,12,0,0,False,0,0.0,0,0,4,4,False
9,6,60,66,6,0.09090909090909091,6.666666666666667,0.6666666666666666,8,6.666666666666667,1.5634719199411433,8,0,2,1.5,0.5,3,27,0.45,0.8333333333333334,0.9,1,33,6,1,True,2,0.18181818181818182,0,0,6,3,False
6,4,25,26,1,0.038461538461538464,4.166666666666667,0.37267799624996495,5,4.166666666666667,0.6871842709362768,5,0,2,1.5,0.5,2,12,0.48,0.8333333333333334,0.96,1,13,1,0,False,1,0.07692307692307693,0,0,4,3,False
16,7,153,212,59,0.2783018867924528,9.5625,2.474084426611186,14,9.5625,3.673703002421399,15,0,4,2.2857142857142856,1.0301575072754257,2,72,0.47058823529411764,0.6375,0.9411764705882353,1,106,59,2,True,2,0.5566037735849056,0,0,7,4,False
9,3,21,54,33,0.6111111111111112,2.3333333333333335,0.6666666666666666,4,2.3333333333333335,0.4714045207910317,3,0,3,3.0,0.0,0,10,0.47619047619047616,0.2916666666666667,0.9523809523809523,2,27,33,0,False,1,1.2222222222222223,0,0,3,1,False
12,9,101,124,23,0.18548387096774194,8.416666666666666,0.4930066485916347,9,8.416666666666666,4.11214326382511,11,0,3,1.3333333333333333,0.6666666666666666,7,39,0.38613861386138615,0.7651515151515151,0.7722772277227723,1,62,23,1,True,2,0.3709677419354839,0,0,9,5,False
16,10,186,224,38,0.16964285714285715,11.625,1.0532687216470449,13,11.625,4.328322423295196,15,0,3,1.6,0.8,6,78,0.41935483870967744,0.775,0.8387096774193549,1,112,38,4,True,3,0.3392857142857143,0,0,10,6,False
8,5,41,48,7,0.14583333333333334,5.125,0.9270248108869579,6,5.125,1.964529205687714,7,0,3,1.6,0.8,3,19,0.4634146341463415,0.7321428571428571,0.926829268292683,1,24,7,0,False,1,0.2916666666666667,0,0,5,8,False
3,3,6,6,0,0.0,2.0,0.0,2,2.0,0.0,2,0,1,1.0,0.0,3,3,0.5,1.0,1.0,1,3,0,0,False,0,0.0,0,0,3,7,False
12,7,102,120,18,0.15,8.5,1.707825127659933,11,8.5,2.7233557730613653,11,0,3,1.7142857142857142,0.6998542122237652,3,44,0.43137254901960786,0.7727272727272727,0.8627450980392157,1,60,18,1,True,2,0.3,0,0,7,8,False
6,3,16,22,6,0.2727272727272727,2.6666666666666665,0.9428090415820634,4,2.6666666666666665,1.5986105077709065,5,0,3,2.0,0.816496580927726,1,5,0.3125,0.5333333333333333,0.625,1,11,6,2,True,2,0.5454545454545454,0,0,3,8,False
21,8,259,376,117,0.31117021276595747,12.333333333333334,2.5510657592340715,15,12.333333333333334,6.143779923307129,20,0,4,2.625,1.1110243021644486,2,85,0.3281853281853282,0.6166666666666667,0.6563706563706564,3,188,117,14,True,3,0.6223404255319149,1,0,8,8,True
9,5,50,60,10,0.16666666666666666,5.555555555555555,1.7708197167232473,8,5.555555555555555,1.7708197167232473,8,0,3,1.8,0.9797958971132713,3,25,0.5,0.6944444444444444,1.0,1,30,10,0,False,1,0.3333333333333333,0,0,5,2,False
2,2,2,2,0,0.0,1.0,0.0,1,1.0,0.0,1,0,1,1.0,0.0,2,1,0.5,1.0,1.0,1,0,0,0,False,0,,0,0,2,8,False
9,7,66,68,2,0.029411764705882353,7.333333333333333,0.4714045207910317,8,7.333333333333333,0.9428090415820634,8,0,2,1.2857142857142858,0.45175395145262565,5,32,0.48484848484848486,0.9166666666666666,0.9696969696969697,1,34,2,0,False,1,0.058823529411764705,0,0,7,5,False
7,3,26,32,6,0.1875,3.7142857142857144,0.880630571852711,5,3.7142857142857144,0.880630571852711,5,0,3,2.3333333333333335,0.4714045207910317,0,13,0.5,0.6190476190476191,1.0,1,16,6,0,False,1,0.375,0,0,3,2,False
20,9,305,348,43,0.1235632183908046,15.25,1.840516231930596,19,15.25,2.9979159427842537,19,0,4,2.2222222222222223,0.9162456945817024,2,140,0.45901639344262296,0.8026315789473685,0.9180327868852459,1,174,43,0,False,1,0.2471264367816092,0,0,9,7,False
15,9,145,190,45,0.23684210526315788,9.666666666666666,1.0110500592068732,11,9.666666666666666,4.948624949305502,14,0,4,1.6666666666666667,1.0540925533894598,6,53,0.36551724137931035,0.6904761904761905,0.7310344827586207,1,95,45,5,True,3,0.47368421052631576,0,0,9,7,False
9,8,68,70,2,0.02857142857142857,7.555555555555555,0.49690399499995325,8,7.555555555555555,0.9558139185602919,8,0,2,1.125,0.33071891388307384,7,33,0.4852941176470588,0.9444444444444444,0.9705882352941176,1,35,2,0,False,1,0.05714285714285714,0,0,8,4,False
2,2,2,2,0,0.0,1.0,0.0,1,1.0,0.0,1,0,1,1.0,0.0,2,1,0.5,1.0,1.0,1,0,0,0,False,0,,0,0,2,7,False
13,9,128,146,18,0.1232876712328767,9.846153846153847,1.7908379579727411,12,9.846153846153847,2.0697883149344167,12,0,3,1.4444444444444444,0.6849348892187752,6,63,0.4921875,0.8205128205128205,0.984375,1,73,18,0,False,1,0.2465753424657534,0,0,9,8,False
5,4,17,18,1,0.05555555555555555,3.4,0.4898979485566356,4,3.4,0.8,4,0,2,1.25,0.4330127018922193,3,8,0.47058823529411764,0.85,0.9411764705882353,1,9,1,0,False,1,0.1111111111111111,0,0,4,6,False
37,7,368,1152,784,0.6805555555555556,9.945945945945946,3.295746201409505,22,9.945945945945946,4.6554005020960325,19,0,8,5.285714285714286,1.749635530559413,0,155,0.421195652173913,0.27627627627627627,0.842391304347826,2,576,784,33,True,3,1.3611111111111112,2,0,7,5,True
7,6,38,40,2,0.05,5.428571428571429,0.4948716593053935,6,5.428571428571429,1.0497813183356477,6,0,2,1.1666666666666667,0.3726779962499649,5,18,0.47368421052631576,0.9047619047619048,0.9473684210526315,1,20,2,0,False,1,0.1,0,0,6,6,False
13,5,82,126,44,0.3492063492063492,6.3076923076923075,1.4876215081395168,9,6.3076923076923075,3.1957812427447676,12,0,4,2.6,1.3564659966250536,2,30,0.36585365853658536,0.5256410256410257,0.7317073170731707,1,63,44,7,True,3,0.6984126984126984,0,0,5,4,False
19,8,201,310,109,0.35161290322580646,10.578947368421053,3.014278118584495,16,10.578947368421053,4.837526439189919,18,0,3,2.375,0.8569568250501305,2,72,0.3582089552238806,0.5877192982456141,0.7164179104477612,1,155,109,26,True,2,0.7032258064516129,0,0,8,5,False
8,8,56,56,0,0.0,7.0,0.0,7,7.0,0.0,7,0,1,1.0,0.0,8,28,0.5,1.0,1.0,1,28,0,0,False,0,0.0,0,0,8,3,False
28,10,332,686,354,0.5160349854227405,11.857142857142858,3.430059201012277,17,11.857142857142858,3.430059201012277,17,0,6,2.8,1.4000000000000001,0,166,0.5,0.43915343915343913,1.0,2,343,354,0,False,1,1.032069970845481,0,0,10,5,False
2,2,2,2,0,0.0,1.0,0.0,1,1.0,0.0,1,0,1,1.0,0.0,2,1,0.5,1.0,1.0,1,0,0,0,False,0,,0,0,2,3,False
12,10,124,128,4,0.03125,10.333333333333334,0.9428090415820632,11,10.333333333333334,0.9428090415820632,11,0,2,1.2,0.4,8,62,0.5,0.9393939393939394,1.0,1,64,4,0,False,1,0.0625,0,0,10,6,False
14,5,85,148,63,0.42567567567567566,6.071428571428571,2.0861545523586047,12,6.071428571428571,2.344119868774563,13,0,5,2.8,1.32664991614216,1,42,0.49411764705882355,0.46703296703296704,0.9882352941176471,1,74,63,0,False,1,0.8513513513513513,0,0,5,1,False
7,6,36,40,4,0.1,5.142857142857143,0.3499271061118826,6,5.142857142857143,1.7261494247992246,6,0,2,1.1666666666666667,0.3726779962499649,5,16,0.4444444444444444,0.8571428571428571,0.8888888888888888,1,20,4,0,False,1,0.2,0,0,6,7,False
3,3,6,6,0,0.0,2.0,0.0,2,2.0,0.0,2,0,1,1.0,0.0,3,3,0.5,1.0,1.0,1,3,0,0,False,0,0.0,0,0,3,4,False
24,8,253,500,247,0.494,10.541666666666666,1.8925108248626274,13,10.541666666666666,4.932706885901717,18,0,4,3.0,0.7071067811865476,0,96,0.3794466403162055,0.4583333333333333,0.758893280632411,1,250,247,25,True,3,0.988,0,0,8,4,False
16,8,199,212,13,0.06132075471698113,12.4375,2.1203994317109216,15,12.4375,2.178553132241672,15,0,5,2.0,1.224744871391589,3,95,0.47738693467336685,0.8291666666666667,0.9547738693467337,1,106,13,4,True,2,0.12264150943396226,0,0,8,2,False
6,6,30,30,0,0.0,5.0,0.0,5,5.0,0.0,5,0,1,1.0,0.0,6,15,0.5,1.0,1.0,1,15,0,0,False,0,0.0,0,0,6,6,False
2,2,2,2,0,0.0,1.0,0.0,1,1.0,0.0,1,0,1,1.0,0.0,2,1,0.5,1.0,1.0,1,0,0,0,False,0,,0,0,2,4,False
7,5,35,38,3,0.07894736842105263,5.0,0.9258200997725514,6,5.0,1.0690449676496976,6,0,2,1.4,0.4898979485566356,3,17,0.4857142857142857,0.8333333333333334,0.9714285714285714,1,19,3,1,True,2,0.15789473684210525,0,0,5,4,False
5,2,8,12,4,0.3333333333333333,1.6,0.8,3,1.6,0.8,3,0,3,2.5,0.5,0,4,0.5,0.4,1.0,1,6,4,0,False,1,0.6666666666666666,0,0,2,5,False
22,7,234,380,146,0.38421052631578945,10.636363636363637,4.922540498429412,21,10.636363636363637,4.587982865798379,21,0,6,3.142857142857143,2.2314999074019015,3,111,0.47435897435897434,0.5064935064935064,0.9487179487179487,1,190,146,1,True,2,0.7684210526315789,0,0,7,3,False
16,3,47,168,121,0.7202380952380952,2.9375,1.6381678027601445,7,2.9375,2.7943861132635197,12,0,6,5.333333333333333,0.9428090415820634,0,10,0.2127659574468085,0.19583333333333333,0.425531914893617,4,84,121,12,True,2,1.4404761904761905,0,0,3,8,False
18,7,134,274,140,0.5109489051094891,7.444444444444445,1.4989708403591155,10,7.444444444444445,1.6740576859243737,10,0,4,2.5714285714285716,0.7284313590846836,0,66,0.4925373134328358,0.43790849673202614,0.9850746268656716,2,137,140,2,True,2,1.0218978102189782,0,0,7,1,False
16,8,123,224,101,0.45089285714285715,7.6875,1.1575161985907585,11,7.6875,5.891930392494467,14,0,2,2.0,0.0,0,32,0.2601626016260163,0.5125,0.5203252032520326,2,112,101,41,True,2,0.9017857142857143,0,0,8,7,False
6,2,12,18,6,0.3333333333333333,2.0,0.5773502691896257,3,2.0,0.816496580927726,3,0,3,3.0,0.0,0,3,0.25,0.4,0.5,1,9,6,1,True,2,0.6666666666666666,0,0,2,3,False
5,2,12,12,0,0.0,2.4,0.4898979485566356,3,2.4,0.4898979485566356,3,0,3,2.5,0.5,0,6,0.5,0.6,1.0,1,6,0,0,False,0,0.0,0,0,2,4,False
4,3,10,10,0,0.0,2.5,0.5,3,2.5,0.5,3,0,2,1.3333333333333333,0.4714045207910317,2,5,0.5,0.8333333333333334,1.0,1,5,0,0,False,0,0.0,0,0,3,7,False
9,7,67,68,1,0.014705882352941176,7.444444444444445,0.49690399499995325,8,7.444444444444445,0.6849348892187751,8,0,2,1.2857142857142858,0.45175395145262565,5,33,0.4925373134328358,0.9305555555555556,0.9850746268656716,1,34,1,0,False,1,0.029411764705882353,0,0,7,4,False
29,9,333,692,359,0.5187861271676301,11.482758620689655,1.2490186397430918,15,11.482758620689655,10.49341563554769,28,0,7,3.2222222222222223,2.4845199749997664,3,97,0.2912912912912913,0.4100985221674877,0.5825825825825826,3,346,359,4,True,2,1.0375722543352601,0,0,9,3,False
9,4,30,60,30,0.5,3.3333333333333335,0.4714045207910317,4,3.3333333333333335,0.4714045207910317,4,0,3,2.25,0.4330127018922193,0,15,0.5,0.4166666666666667,1.0,2,30,30,0,False,1,1.0,0,0,4,1,False
10,6,64,80,16,0.2,6.4,1.7435595774162693,9,6.4,1.7435595774162693,9,0,3,1.6666666666666667,0.7453559924999299,3,32,0.5,0.7111111111111111,1.0,1,40,16,0,False,1,0.4,0,0,6,8,False
15,6,119,178,59,0.33146067415730335,7.933333333333334,2.14372469210847,13,7.933333333333334,4.073764297987251,14,0,4,2.5,1.2583057392117916,2,41,0.3445378151260504,0.5666666666666667,0.6890756302521008,1,89,59,10,True,3,0.6629213483146067,0,0,6,8,False
10,7,68,84,16,0.19047619047619047,6.8,0.8717797887081347,9,6.8,2.6,9,0,2,1.4285714285714286,0.4948716593053935,4,28,0.4117647058823529,0.7555555555555555,0.8235294117647058,1,42,16,2,True,2,0.38095238095238093,0,0,7,4,False
14,3,53,120,67,0.5583333333333333,3.7857142857142856,2.703927604392529,12,3.7857142857142856,2.7302164076594853,12,0,6,4.666666666666667,1.8856180831641267,0,26,0.49056603773584906,0.29120879120879123,0.9811320754716981,1,60,67,1,True,2,1.1166666666666667,0,0,3,3,False
9,8,68,70,2,0.02857142857142857,7.555555555555555,0.49690399499995325,8,7.555555555555555,0.8314794192830981,8,0,2,1.125,0.33071891388307384,7,33,0.4852941176470588,0.9444444444444444,0.9705882352941176,1,35,2,0,False,1,0.05714285714285714,0,0,8,5,False
3,3,6,6,0,0.0,2.0,0.0,2,2.0,0.0,2,0,1,1.0,0.0,3,3,0.5,1.0,1.0,1,3,0,0,False,0,0.0,0,0,3,3,False
27,10,446,642,196,0.3052959501557632,16.51851851851852,3.695546572819681,26,16.51851851851852,6.919486013722515,26,0,5,2.7,1.1874342087037917,1,183,0.4103139013452915,0.6353276353276354,0.820627802690583,1,321,196,24,True,2,0.6105919003115264,0,0,10,8,False
8,4,33,48,15,0.3125,4.125,1.0532687216470449,6,4.125,1.8328597873268975,6,0,2,2.0,0.0,0,14,0.42424242424242425,0.5892857142857143,0.8484848484848485,1,24,15,1,True,2,0.625,0,0,4,6,False
35,9,390,1072,682,0.6361940298507462,11.142857142857142,3.4321409989589142,22,11.142857142857142,2.996596709057576,16,0,7,3.888888888888889,1.3698697784375504,0,159,0.4076923076923077,0.3277310924369748,0.8153846153846154,1,536,682,37,True,3,1.2723880597014925,5,1,9,7,True
30,8,328,758,430,0.5672823218997362,10.933333333333334,5.662351298022953,25,10.933333333333334,6.687965975458374,25,0,7,3.75,1.920286436967152,0,62,0.18902439024390244,0.37701149425287356,0.3780487804878049,3,379,430,88,True,3,1.1345646437994723,4,0,8,6,True
11,6,67,94,27,0.2872340425531915,6.090909090909091,0.9958591954639383,7,6.090909090909091,3.895324597387009,10,0,4,1.8333333333333333,1.0671873729054748,3,22,0.3283582089552239,0.6090909090909091,0.6567164179104478,1,47,27,2,True,2,0.574468085106383,0,0,6,5,False
6,6,30,30,0,0.0,5.0,0.0,5,5.0,0.0,5,0,1,1.0,0.0,6,15,0.5,1.0,1.0,1,15,0,0,False,0,0.0,0,0,6,8,False
14,9,136,170,34,0.2,9.714285714285714,0.95831484749991,11,9.714285714285714,3.917516914514883,13,0,3,1.5555555555555556,0.6849348892187752,5,59,0.4338235294117647,0.7472527472527473,0.8676470588235294,1,85,34,3,True,2,0.4,0,0,9,5,False
9,5,50,64,14,0.21875,5.555555555555555,0.6849348892187751,7,5.555555555555555,2.2166597048066667,8,0,2,1.8,0.4,1,20,0.4,0.6944444444444444,0.8,1,32,14,5,True,2,0.4375,0,0,5,5,False
2,2,2,2,0,0.0,1.0,0.0,1,1.0,0.0,1,0,1,1.0,0.0,2,1,0.5,1.0,1.0,1,0,0,0,False,0,,0,0,2,7,False
13,6,73,124,51,0.4112903225806452,5.615384615384615,1.8621105287554158,12,5.615384615384615,4.377186689371321,12,0,5,2.1666666666666665,1.674979270186815,4,26,0.3561643835616438,0.46794871794871795,0.7123287671232876,1,62,51,0,False,1,0.8225806451612904,0,0,6,2,False
8,5,44,44,0,0.0,5.5,1.5,7,5.5,1.5,7,0,4,1.6,1.2000000000000002,4,22,0.5,0.7857142857142857,1.0,1,22,0,0,False,0,0.0,0,0,5,1,False
10,7,75,84,9,0.10714285714285714,7.5,0.6708203932499369,9,7.5,2.0124611797498106,9,0,2,1.4285714285714286,0.4948716593053935,4,34,0.4533333333333333,0.8333333333333334,0.9066666666666666,1,42,9,1,True,2,0.21428571428571427,0,0,7,6,False
7,6,40,40,0,0.0,5.714285714285714,0.4517539514526256,6,5.714285714285714,0.4517539514526256,6,0,2,1.1666666666666667,0.3726779962499649,5,20,0.5,0.9523809523809523,1.0,1,20,0,0,False,0,0.0,0,0,6,3,False
25,10,346,550,204,0.3709090909090909,13.84,5.127806548613159,24,13.84,5.127806548613159,24,0,4,2.5,1.118033988749895,3,173,0.5,0.5766666666666667,1.0,1,275,204,0,False,1,0.7418181818181818,0,0,10,1,False
19,10,266,304,38,0.125,14.0,2.635786110641877,18,14.0,3.7275644651843733,18,0,5,1.9,1.445683229480096,7,127,0.4774436090225564,0.7777777777777778,0.9548872180451128,1,152,38,0,False,1,0.25,0,0,10,6,False
14,5,92,152,60,0.39473684210526316,6.571428571428571,2.821202522590214,11,6.571428571428571,3.5398604838182477,12,0,4,2.8,0.9797958971132712,0,30,0.32608695652173914,0.5054945054945055,0.6521739130434783,2,76,60,0,False,1,0.7894736842105263,0,0,5,3,False
5,4,17,18,1,0.05555555555555555,3.4,0.4898979485566356,4,3.4,0.8,4,0,2,1.25,0.4330127018922193,3,8,0.47058823529411764,0.85,0.9411764705882353,1,9,1,0,False,1,0.1111111111111111,0,0,4,2,False
3,3,6,6,0,0.0,2.0,0.0,2,2.0,0.0,2,0,1,1.0,0.0,3,3,0.5,1.0,1.0,1,3,0,0,False,0,0.0,0,0,3,6,False
18,10,226,288,62,0.2152777777777778,12.555555555555555,1.7391639824998364,16,12.555555555555555,5.559998223643024,17,0,3,1.8,0.6000000000000001,3,88,0.3893805309734513,0.738562091503268,0.7787610619469026,1,144,62,2,True,2,0.4305555555555556,0,0,10,6,False
13,9,127,146,19,0.13013698630136986,9.76923076923077,0.8904489925223252,11,9.76923076923077,3.214243448580951,12,0,3,1.4444444444444444,0.6849348892187752,6,57,0.44881889763779526,0.8141025641025641,0.8976377952755905,1,73,19,1,True,2,0.2602739726027397,0,0,9,8,False
21,5,137,342,205,0.5994152046783626,6.523809523809524,1.7893613550529461,11,6.523809523809524,3.20147358361364,13,0,6,4.2,1.469693845669907,0,56,0.40875912408759124,0.3261904761904762,0.8175182481751825,1,171,205,18,True,2,1.1988304093567252,0,0,5,5,False
15,4,77,166,89,0.536144578313253,5.133333333333334,2.217105219775452,11,5.133333333333334,2.4184476196289406,11,0,5,3.75,0.82915619758885,0,37,0.4805194805194805,0.36666666666666664,0.961038961038961,1,83,89,2,True,3,1.072289156626506,0,0,4,1,False
11,3,49,80,31,0.3875,4.454545454545454,1.4373989364401722,6,4.454545454545454,1.4373989364401722,6,0,4,3.6666666666666665,0.4714045207910317,0,24,0.4897959183673469,0.44545454545454544,0.9795918367346939,1,40,31,0,False,1,0.775,0,0,3,1,False
15,6,101,186,85,0.45698924731182794,6.733333333333333,2.594010194445829,12,6.733333333333333,3.8204130085051746,12,0,3,2.5,0.5,0,20,0.19801980198019803,0.48095238095238096,0.39603960396039606,4,93,85,19,True,2,0.9139784946236559,0,0,6,4,False
4,3,8,10,2,0.2,2.0,0.0,2,2.0,1.224744871391589,3,0,2,1.3333333333333333,0.4714045207910317,2,3,0.375,0.6666666666666666,0.75,1,5,2,0,False,1,0.4,0,0,3,8,False
38,10,576,1272,696,0.5471698113207547,15.157894736842104,2.4658330052889426,20,15.157894736842104,2.7388656486858287,20,0,6,3.8,1.661324772583615,0,285,0.4947916666666667,0.4096728307254623,0.9895833333333334,2,636,696,6,True,2,1.0943396226415094,0,0,10,1,False
22,8,287,398,111,0.27889447236180903,13.045454545454545,2.7048319176021525,19,13.045454545454545,5.538930588671039,21,0,7,2.75,1.7853571071357126,2,124,0.43205574912891986,0.6212121212121212,0.8641114982578397,1,199,111,0,False,1,0.5577889447236181,0,0,8,7,False
8,5,40,48,8,0.16666666666666666,5.0,0.8660254037844386,7,5.0,2.23606797749979,7,0,3,1.6,0.8,3,16,0.4,0.7142857142857143,0.8,1,24,8,0,False,1,0.3333333333333333,0,0,5,7,False
15,10,142,196,54,0.2755102040816326,9.466666666666667,1.3097921802925667,14,9.466666666666667,4.730985333122711,14,0,3,1.5,0.806225774829855,7,56,0.39436619718309857,0.6761904761904762,0.7887323943661971,1,98,54,0,False,1,0.5510204081632653,0,0,10,3,False
7,2,16,24,8,0.3333333333333333,2.2857142857142856,0.6998542122237652,3,2.2857142857142856,1.4846149779161804,4,0,4,3.5,0.5,0,6,0.375,0.38095238095238093,0.75,1,12,8,2,True,2,0.6666666666666666,0,0,2,8,False
9,5,56,64,8,0.125,6.222222222222222,0.41573970964154905,7,6.222222222222222,2.249828525701843,8,0,2,1.8,0.4,1,25,0.44642857142857145,0.7777777777777778,0.8928571428571429,1,32,8,1,True,2,0.25,0,0,5,4,False
57,10,1039,2890,1851,0.640484429065744,18.228070175438596,10.208385861134571,54,18.228070175438596,10.919188877817865,54,0,8,5.7,1.8466185312619385,0,456,0.43888354186718,0.32550125313283207,0.87776708373436,1,1445,1851,60,True,4,1.280968858131488,12,0,10,7,True
4,4,12,12,0,0.0,3.0,0.0,3,3.0,0.0,3,0,1,1.0,0.0,4,6,0.5,1.0,1.0,1,6,0,0,False,0,0.0,0,0,4,3,False
17,10,230,254,24,0.09448818897637795,13.529411764705882,1.1939872429520257,16,13.529411764705882,2.912804330150576,16,0,3,1.7,0.7810249675906655,5,103,0.44782608695652176,0.8455882352941176,0.8956521739130435,1,127,24,1,True,2,0.1889763779527559,0,0,10,4,False
12,8,100,124,24,0.1935483870967742,8.333333333333334,0.9428090415820632,10,8.333333333333334,2.494438257849294,11,0,2,1.5,0.5,4,43,0.43,0.7575757575757576,0.86,1,62,24,3,True,2,0.3870967741935484,0,0,8,8,False
5,5,20,20,0,0.0,4.0,0.0,4,4.0,0.0,4,0,1,1.0,0.0,5,10,0.5,1.0,1.0,1,10,0,0,False,0,0.0,0,0,5,2,False
10,8,77,86,9,0.10465116279069768,7.7,0.45825756949558405,8,7.7,2.6476404589747453,9,0,2,1.25,0.4330127018922193,6,34,0.44155844155844154,0.8555555555555555,0.8831168831168831,1,43,9,1,True,2,0.20930232558139536,0,0,8,2,False
11,8,92,104,12,0.11538461538461539,8.363636363636363,1.3666633071248098,10,8.363636363636363,1.7200807207658637,10,0,2,1.375,0.4841229182759271,5,42,0.45652173913043476,0.8363636363636363,0.9130434782608695,1,52,12,2,True,2,0.23076923076923078,0,0,8,4,False
12,2,12,72,60,0.8333333333333334,1.0,0.0,1,1.0,0.0,1,0,6,6.0,0.0,0,6,0.5,0.09090909090909091,1.0,6,36,60,0,False,1,1.6666666666666667,0,0,2,3,False
7,4,30,36,6,0.16666666666666666,4.285714285714286,0.4517539514526256,5,4.285714285714286,1.5779087167410373,6,0,2,1.75,0.4330127018922193,1,12,0.4,0.7142857142857143,0.8,1,18,6,1,True,2,0.3333333333333333,0,0,4,6,False
12,7,85,110,25,0.22727272727272727,7.083333333333333,0.8620067027323833,9,7.083333333333333,4.499228328897696,11,0,5,1.7142857142857142,1.3850513878332367,5,30,0.35294117647058826,0.6439393939393939,0.7058823529411765,1,55,25,1,True,2,0.45454545454545453,0,0,7,6,False
31,9,520,816,296,0.3627450980392157,16.774193548387096,6.469330510405355,30,16.774193548387096,6.469330510405355,30,0,7,3.4444444444444446,2.0608041101101566,3,256,0.49230769230769234,0.5591397849462365,0.9846153846153847,1,408,296,4,True,2,0.7254901960784313,0,0,9,5,False
31,9,404,776,372,0.4793814432989691,13.03225806451613,7.609348541348681,30,13.03225806451613,7.609348541348681,30,0,9,3.4444444444444446,2.948110924760355,5,202,0.5,0.4344086021505376,1.0,1,388,372,0,False,1,0.9587628865979382,0,0,9,1,False
13,10,139,150,11,0.07333333333333333,10.692307692307692,0.605692913385524,12,10.692307692307692,2.4615384615384612,12,0,2,1.3,0.45825756949558405,7,64,0.460431654676259,0.8910256410256411,0.920863309352518,1,75,11,0,False,1,0.14666666666666667,0,0,10,8,False
8,3,24,42,18,0.42857142857142855,3.0,0.7071067811865476,4,3.0,2.3979157616563596,6,0,3,2.6666666666666665,0.4714045207910317,0,6,0.25,0.42857142857142855,0.5,1,21,18,4,True,2,0.8571428571428571,0,0,3,7,False
13,6,126,130,4,0.03076923076923077,9.692307692307692,1.4876215081395168,12,9.692307692307692,1.4876215081395168,12,0,5,2.1666666666666665,1.3437096247164249,2,63,0.5,0.8076923076923077,1.0,1,65,4,0,False,1,0.06153846153846154,0,0,6,1,False
9,7,68,68,0,0.0,7.555555555555555,0.49690399499995325,8,7.555555555555555,0.49690399499995325,8,0,2,1.2857142857142858,0.45175395145262565,5,34,0.5,0.9444444444444444,1.0,1,34,0,0,False,0,0.0,0,0,7,1,False
22,10,266,420,154,0.36666666666666664,12.090909090909092,1.2026142323020867,15,12.090909090909092,6.632626594132228,21,0,4,2.2,1.2489995996796797,5,105,0.39473684210526316,0.5757575757575758,0.7894736842105263,1,210,154,0,False,1,0.7333333333333333,0,0,10,7,False
18,2,19,162,143,0.8827160493827161,1.0555555555555556,0.2290614236454256,2,1.0555555555555556,0.4044505494044732,2,0,9,9.0,0.0,0,8,0.42105263157894735,0.06209150326797386,0.8421052631578947,8,81,143,2,True,3,1.7654320987654322,0,0,2,1,False
36,10,536,1156,620,0.5363321799307958,14.88888888888889,4.599382674626489,28,14.88888888888889,8.572494054882025,33,0,6,3.6,1.019803902718557,0,188,0.35074626865671643,0.4253968253968254,0.7014925373134329,1,578,620,64,True,4,1.0726643598615917,3,0,10,5,True
2,2,2,2,0,0.0,1.0,0.0,1,1.0,0.0,1,0,1,1.0,0.0,2,1,0.5,1.0,1.0,1,0,0,0,False,0,,0,0,2,6,False
9,4,54,56,2,0.03571428571428571,6.0,1.0540925533894598,8,6.0,1.4907119849998598,8,0,4,2.25,1.0897247358851685,1,26,0.48148148148148145,0.75,0.9629629629629629,1,28,2,0,False,1,0.07142857142857142,0,0,4,8,False
4,2,7,8,1,0.125,1.75,0.4330127018922193,2,1.75,0.4330127018922193,2,0,2,2.0,0.0,0,3,0.42857142857142855,0.5833333333333334,0.8571428571428571,1,4,1,0,False,1,0.25,0,0,2,6,False
4,2,5,8,3,0.375,1.25,0.4330127018922193,2,1.25,0.82915619758885,2,0,2,2.0,0.0,0,1,0.2,0.4166666666666667,0.4,1,4,3,1,True,2,0.75,0,0,2,8,False
5,2,5,8,3,0.375,1.0,0.0,1,1.0,1.5491933384829668,4,0,4,2.5,1.5,1,1,0.2,0.25,0.4,1,4,3,0,False,1,0.75,0,0,2,4,False
11,9,99,104,5,0.04807692307692308,9.0,0.7385489458759964,10,9.0,2.04494943258218,10,0,3,1.2222222222222223,0.628539361054709,8,47,0.47474747474747475,0.9,0.9494949494949495,1,52,5,0,False,1,0.09615384615384616,0,0,9,5,False
8,4,27,48,21,0.4375,3.375,0.9921567416492215,6,3.375,1.1110243021644486,5,0,2,2.0,0.0,0,12,0.4444444444444444,0.48214285714285715,0.8888888888888888,1,24,21,2,True,2,0.875,0,0,4,2,False
6,4,20,24,4,0.16666666666666666,3.3333333333333335,0.7453559924999298,5,3.3333333333333335,1.7950549357115015,5,0,3,1.5,0.8660254037844386,3,8,0.4,0.6666666666666666,0.8,1,12,4,0,False,1,0.3333333333333333,0,0,4,6,False
6,6,30,30,0,0.0,5.0,0.0,5,5.0,0.0,5,0,1,1.0,0.0,6,15,0.5,1.0,1.0,1,15,0,0,False,0,0.0,0,0,6,8,False
9,8,70,70,0,0.0,7.777777777777778,0.41573970964154905,8,7.777777777777778,0.41573970964154905,8,0,2,1.125,0.33071891388307384,7,35,0.5,0.9722222222222222,1.0,1,35,0,0,False,0,0.0,0,0,8,6,False
13,7,118,140,22,0.15714285714285714,9.076923076923077,1.9791815892720934,12,9.076923076923077,2.7862723501961284,12,0,3,1.8571428571428572,0.8329931278350429,3,48,0.4067796610169492,0.7564102564102564,0.8135593220338984,1,70,22,4,True,2,0.3142857142857143,0,0,7,6,False
7,3,19,32,13,0.40625,2.7142857142857144,0.6998542122237652,4,2.7142857142857144,1.4846149779161806,4,0,3,2.3333333333333335,0.4714045207910317,0,7,0.3684210526315789,0.4523809523809524,0.7368421052631579,1,16,13,3,True,2,0.8125,0,0,3,2,False
4,4,12,12,0,0.0,3.0,0.0,3,3.0,0.0,3,0,1,1.0,0.0,4,6,0.5,1.0,1.0,1,6,0,0,False,0,0.0,0,0,4,8,False
35,7,367,1026,659,0.6423001949317739,10.485714285714286,5.3844826177846,31,10.485714285714286,5.773691211355318,31,0,8,5.0,1.8516401995451028,0,128,0.34877384196185285,0.30840336134453783,0.6975476839237057,1,513,659,40,True,3,1.2846003898635479,0,0,7,3,False
3,3,6,6,0,0.0,2.0,0.0,2,2.0,0.0,2,0,1,1.0,0.0,3,3,0.5,1.0,1.0,1,3,0,0,False,0,0.0,0,0,3,7,False
7,7,42,42,0,0.0,6.0,0.0,6,6.0,0.0,6,0,1,1.0,0.0,7,21,0.5,1.0,1.0,1,21,0,0,False,0,0.0,0,0,7,5,False
6,5,25,28,3,0.10714285714285714,4.166666666666667,0.37267799624996495,5,4.166666666666667,1.462494064565354,5,0,2,1.2,0.4,4,11,0.44,0.8333333333333334,0.88,1,14,3,0,False,1,0.21428571428571427,0,0,5,6,False
14,9,163,170,7,0.041176470588235294,11.642857142857142,1.1088696211614302,13,11.642857142857142,1.2876968840942817,13,0,3,1.5555555555555556,0.6849348892187752,5,80,0.49079754601226994,0.8956043956043956,0.9815950920245399,1,85,7,1,True,2,0.08235294117647059,0,0,9,4,False
13,9,146,146,0,0.0,11.23076923076923,0.7994080650317895,12,11.23076923076923,0.7994080650317895,12,0,3,1.4444444444444444,0.6849348892187752,6,73,0.5,0.9358974358974359,1.0,1,73,0,0,False,0,0.0,0,0,9,1,False
3,3,6,6,0,0.0,2.0,0.0,2,2.0,0.0,2,0,1,1.0,0.0,3,3,0.5,1.0,1.0,1,3,0,0,False,0,0.0,0,0,3,4,False
6,4,21,26,5,0.19230769230769232,3.5,0.5,4,3.5,1.707825127659933,5,0,2,1.5,0.5,2,8,0.38095238095238093,0.7,0.7619047619047619,1,13,5,0,False,1,0.38461538461538464,0,0,4,7,False
3,2,4,4,0,0.0,1.3333333333333333,0.4714045207910317,2,1.3333333333333333,0.4714045207910317,2,0,2,1.5,0.5,1,2,0.5,0.6666666666666666,1.0,1,2,0,0,False,0,0.0,0,0,2,5,False
6,6,30,30,0,0.0,5.0,0.0,5,5.0,0.0,5,0,1,1.0,0.0,6,15,0.5,1.0,1.0,1,15,0,0,False,0,0.0,0,0,6,7,False
13,9,133,148,15,0.10135135135135136,10.23076923076923,0.890448992522325,11,10.23076923076923,3.0672926211349054,12,0,2,1.4444444444444444,0.4969039949999533,5,61,0.45864661654135336,0.8525641025641025,0.9172932330827067,1,74,15,0,False,1,0.20270270270270271,0,0,9,4,False
16,8,157,220,63,0.2863636363636364,9.8125,2.877037321620976,15,9.8125,3.0045538354304786,15,0,3,2.0,0.7071067811865476,2,74,0.4713375796178344,0.6541666666666667,0.9426751592356688,1,110,63,4,True,2,0.5727272727272728,0,0,8,3,False
6,5,28,28,0,0.0,4.666666666666667,0.4714045207910317,5,4.666666666666667,0.4714045207910317,5,0,2,1.2,0.4,4,14,0.5,0.9333333333333333,1.0,1,14,0,0,False,0,0.0,0,0,5,7,False
3,3,6,6,0,0.0,2.0,0.0,2,2.0,0.0,2,0,1,1.0,0.0,3,3,0.5,1.0,1.0,1,3,0,0,False,0,0.0,0,0,3,1,False
10,5,63,72,9,0.125,6.3,0.45825756949558405,7,6.3,2.368543856465402,9,0,4,2.0,1.2649110640673518,3,27,0.42857142857142855,0.7,0.8571428571428571,1,36,9,0,False,1,0.25,0,0,5,1,False
12,7,82,120,38,0.31666666666666665,6.833333333333333,1.3437096247164249,11,6.833333333333333,2.6718699236468995,11,0,3,1.7142857142857142,0.6998542122237652,3,37,0.45121951219512196,0.6212121212121212,0.9024390243902439,1,60,38,0,False,1,0.6333333333333333,0,0,7,3,False
13,10,130,148,18,0.12162162162162163,10.0,0.6793662204867574,12,10.0,3.882901373576604,12,0,3,1.3,0.6403124237432849,8,56,0.4307692307692308,0.8333333333333334,0.8615384615384616,1,74,18,0,False,1,0.24324324324324326,0,0,10,5,False
37,9,403,1208,805,0.6663907284768212,10.891891891891891,4.111840409826262,24,10.891891891891891,3.5624451349689568,22,0,6,4.111111111111111,0.9938079899999066,0,184,0.456575682382134,0.30255255255255253,0.913151364764268,2,604,805,16,True,2,1.3327814569536425,2,0,9,3,True
20,10,282,334,52,0.15568862275449102,14.1,3.128897569432403,19,14.1,3.8196858509568563,19,0,5,2.0,1.61245154965971,7,135,0.4787234042553192,0.7421052631578947,0.9574468085106383,1,167,52,0,False,1,0.31137724550898205,0,0,10,3,False
4,3,9,10,1,0.1,2.25,0.4330127018922193,3,2.25,0.82915619758885,3,0,2,1.3333333333333333,0.4714045207910317,2,4,0.4444444444444444,0.75,0.8888888888888888,1,5,1,0,False,1,0.2,0,0,3,8,False
15,10,185,200,15,0.075,12.333333333333334,1.0749676997731399,14,12.333333333333334,1.6599866130651644,14,0,2,1.5,0.5,5,89,0.4810810810810811,0.8809523809523809,0.9621621621621622,1,100,15,0,False,1,0.15,0,0,10,5,False
21,8,312,382,70,0.18324607329842932,14.857142857142858,1.7804684853180874,19,14.857142857142858,1.7804684853180874,19,0,4,2.625,0.6959705453537527,0,156,0.5,0.7428571428571429,1.0,1,191,70,0,False,1,0.36649214659685864,0,0,8,2,False
3,2,3,4,1,0.25,1.0,0.0,1,1.0,0.816496580927726,2,0,2,1.5,0.5,1,1,0.3333333333333333,0.5,0.6666666666666666,1,2,1,0,False,1,0.5,0,0,2,4,False
13,9,146,146,0,0.0,11.23076923076923,0.7994080650317895,12,11.23076923076923,0.7994080650317895,12,0,3,1.4444444444444444,0.6849348892187752,6,73,0.5,0.9358974358974359,1.0,1,73,0,0,False,0,0.0,0,0,9,2,False
6,2,10,18,8,0.4444444444444444,1.6666666666666667,0.4714045207910317,2,1.6666666666666667,0.7453559924999299,3,0,3,3.0,0.0,0,4,0.4,0.3333333333333333,0.8,2,9,8,0,False,1,0.8888888888888888,0,0,2,3,False
17,7,160,246,86,0.34959349593495936,9.411764705882353,1.2860712417103204,12,9.411764705882353,4.298547272104732,14,0,3,2.4285714285714284,0.49487165930539345,0,59,0.36875,0.5882352941176471,0.7375,2,123,86,13,True,3,0.6991869918699187,0,0,7,3,False
11,10,108,108,0,0.0,9.818181818181818,0.385694607919935,10,9.818181818181818,0.385694607919935,10,0,2,1.1,0.3,9,54,0.5,0.9818181818181818,1.0,1,54,0,0,False,0,0.0,0,0,10,1,False
7,7,42,42,0,0.0,6.0,0.0,6,6.0,0.0,6,0,1,1.0,0.0,7,21,0.5,1.0,1.0,1,21,0,0,False,0,0.0,0,0,7,4,False
13,3,44,108,64,0.5925925925925926,3.3846153846153846,1.0769230769230769,5,3.3846153846153846,1.4955555457864294,6,0,6,4.333333333333333,1.247219128924647,0,20,0.45454545454545453,0.28205128205128205,0.9090909090909091,2,54,64,2,True,3,1.1851851851851851,0,0,3,1,False
9,4,40,60,20,0.3333333333333333,4.444444444444445,1.4989708403591155,7,4.444444444444445,1.5713484026367723,7,0,3,2.25,0.4330127018922193,0,16,0.4,0.5555555555555556,0.8,1,30,20,2,True,2,0.6666666666666666,0,0,4,8,False
13,10,138,150,12,0.08,10.615384615384615,1.4955555457864294,12,10.615384615384615,1.4955555457864294,12,0,2,1.3,0.45825756949558394,7,69,0.5,0.8846153846153846,1.0,1,75,12,0,False,1,0.16,0,0,10,2,False
7,4,27,30,3,0.1,3.857142857142857,1.355261854357877,6,3.857142857142857,1.8844151368961313,6,0,4,1.75,1.299038105676658,3,12,0.4444444444444444,0.6428571428571429,0.8888888888888888,1,15,3,0,False,1,0.2,0,0,4,5,False
50,8,501,2180,1679,0.7701834862385321,10.02,3.1905485421789153,18,10.02,3.009916942375653,18,0,7,6.25,0.9682458365518543,0,242,0.48303393213572854,0.20448979591836736,0.9660678642714571,1,1090,1679,9,True,2,1.5403669724770641,0,0,8,3,False
16,8,168,218,50,0.22935779816513763,10.5,2.8284271247461903,15,10.5,3.24037034920393,15,0,3,2.0,0.8660254037844386,3,72,0.42857142857142855,0.7,0.8571428571428571,1,109,50,0,False,1,0.45871559633027525,0,0,8,4,False
10,8,86,86,0,0.0,8.6,0.4898979485566356,9,8.6,0.4898979485566356,9,0,2,1.25,0.4330127018922193,6,43,0.5,0.9555555555555556,1.0,1,43,0,0,False,0,0.0,0,0,8,2,False
3,3,6,6,0,0.0,2.0,0.0,2,2.0,0.0,2,0,1,1.0,0.0,3,3,0.5,1.0,1.0,1,3,0,0,False,0,0.0,0,0,3,6,False
11,5,59,96,37,0.3854166666666667,5.363636363636363,1.3666633071248098,7,5.363636363636363,2.267266166061805,9,0,3,2.2,0.39999999999999997,0,25,0.423728813559322,0.5363636363636364,0.847457627118644,1,48,37,5,True,2,0.7708333333333334,2,0,5,7,True
24,8,232,484,252,0.5206611570247934,9.666666666666666,4.853406592853679,23,9.666666666666666,4.853406592853679,23,0,5,3.0,1.5811388300841898,2,116,0.5,0.42028985507246375,1.0,1,242,252,0,False,1,1.0413223140495869,0,0,8,1,False
7,6,40,40,0,0.0,5.714285714285714,0.45175395145262565,6,5.714285714285714,0.45175395145262565,6,0,2,1.1666666666666667,0.3726779962499649,5,20,0.5,0.9523809523809523,1.0,1,20,0,0,False,0,0.0,0,0,6,3,False
5,3,12,16,4,0.25,2.4,0.8,4,2.4,0.8,4,0,2,1.6666666666666667,0.4714045207910317,1,6,0.5,0.6,1.0,1,8,4,0,False,1,0.5,0,0,3,7,False
5,2,6,8,2,0.25,1.2,0.4,2,1.2,1.4696938456699067,4,0,4,2.5,1.5,1,2,0.3333333333333333,0.3,0.6666666666666666,1,4,2,0,False,1,0.5,0,0,2,6,False
16,9,163,214,51,0.2383177570093458,10.1875,2.833256739160784,15,10.1875,4.516895366288663,15,0,4,1.7777777777777777,1.227262335243029,6,66,0.4049079754601227,0.6791666666666667,0.8098159509202454,1,107,51,4,True,3,0.4766355140186916,0,0,9,7,False
13,7,115,138,23,0.16666666666666666,8.846153846153847,1.9551176964828976,12,8.846153846153847,2.3808903908526404,12,0,4,1.8571428571428572,0.9897433186107869,3,56,0.48695652173913045,0.7371794871794872,0.9739130434782609,1,69,23,0,False,1,0.3333333333333333,0,0,7,4,False
13,8,114,144,30,0.20833333333333334,8.76923076923077,1.80400606147055,11,8.76923076923077,2.965282348830213,12,0,3,1.625,0.6959705453537527,4,50,0.43859649122807015,0.7307692307692307,0.8771929824561403,1,72,30,3,True,2,0.4166666666666667,0,0,8,5,False
22,10,368,428,60,0.14018691588785046,16.727272727272727,2.0710519545262756,21,16.727272727272727,3.1215063115253447,21,0,3,2.2,0.8717797887081347,3,170,0.46195652173913043,0.7965367965367965,0.9239130434782609,1,214,60,7,True,2,0.2803738317757009,0,0,10,5,False
14,7,113,164,51,0.31097560975609756,8.071428571428571,1.486332289048915,10,8.071428571428571,3.6735402487496542,13,0,3,2.0,0.7559289460184544,2,39,0.34513274336283184,0.6208791208791209,0.6902654867256637,1,82,51,4,True,2,0.6219512195121951,0,0,7,8,False
6,5,26,28,2,0.07142857142857142,4.333333333333333,0.4714045207910317,5,4.333333333333333,0.9428090415820634,5,0,2,1.2,0.4000000000000001,4,12,0.46153846153846156,0.8666666666666667,0.9230769230769231,1,14,2,0,False,1,0.14285714285714285,0,0,5,2,False
32,9,593,894,301,0.3366890380313199,18.53125,3.481956840269563,24,18.53125,8.902192057998974,30,0,6,3.5555555555555554,1.3425606637327303,0,193,0.3254637436762226,0.5977822580645161,0.6509274873524452,1,447,301,41,True,2,0.6733780760626398,0,0,9,8,False
2,2,2,2,0,0.0,1.0,0.0,1,1.0,0.0,1,0,1,1.0,0.0,2,1,0.5,1.0,1.0,1,0,0,0,False,0,,0,0,2,2,False
7,2,7,24,17,0.7083333333333334,1.0,0.0,1,1.0,0.5345224838248488,2,0,4,3.5,0.5,0,3,0.42857142857142855,0.16666666666666666,0.8571428571428571,3,12,17,1,True,2,1.4166666666666667,0,0,2,3,False
4,4,12,12,0,0.0,3.0,0.0,3,3.0,0.0,3,0,1,1.0,0.0,4,6,0.5,1.0,1.0,1,6,0,0,False,0,0.0,0,0,4,1,False
6,4,26,26,0,0.0,4.333333333333333,0.4714045207910317,5,4.333333333333333,0.4714045207910317,5,0,2,1.5,0.5,2,13,0.5,0.8666666666666667,1.0,1,13,0,0,False,0,0.0,0,0,4,4,False
8,2,13,32,19,0.59375,1.625,1.1110243021644486,4,1.625,0.6959705453537527,2,0,4,4.0,0.0,0,3,0.23076923076923078,0.23214285714285715,0.46153846153846156,3,16,19,1,True,2,1.1875,0,0,2,5,False
9,3,21,48,27,0.5625,2.3333333333333335,0.6666666666666666,4,2.3333333333333335,2.0548046676563256,8,0,4,3.0,1.4142135623730951,1,8,0.38095238095238093,0.2916666666666667,0.7619047619047619,2,24,27,0,False,1,1.125,0,0,3,4,False
10,9,82,88,6,0.06818181818181818,8.2,0.39999999999999997,9,8.2,2.0880613017821097,9,0,2,1.1111111111111112,0.3142696805273545,8,38,0.4634146341463415,0.9111111111111111,0.926829268292683,1,44,6,0,False,1,0.13636363636363635,0,0,9,5,False
13,9,126,146,20,0.136986301369863,9.692307692307692,0.72160242458822,11,9.692307692307692,2.919025532463119,12,0,3,1.4444444444444444,0.6849348892187752,6,57,0.4523809523809524,0.8076923076923077,0.9047619047619048,1,73,20,0,False,1,0.273972602739726,0,0,9,3,False
4,4,12,12,0,0.0,3.0,0.0,3,3.0,0.0,3,0,1,1.0,0.0,4,6,0.5,1.0,1.0,1,6,0,0,False,0,0.0,0,0,4,3,False
15,6,121,184,63,0.3423913043478261,8.066666666666666,2.6195843605851334,12,8.066666666666666,3.940671121635107,14,0,3,2.5,0.7637626158259734,1,47,0.3884297520661157,0.5761904761904761,0.7768595041322314,1,92,63,3,True,2,0.6847826086956522,0,0,6,1,False
9,5,36,64,28,0.4375,4.0,0.0,4,4.0,1.4907119849998598,8,0,2,1.8,0.4,1,16,0.4444444444444444,0.5,0.8888888888888888,2,32,28,0,False,1,0.875,0,0,5,3,False
6,2,14,16,2,0.125,2.3333333333333335,0.9428090415820635,4,2.3333333333333335,0.9428090415820635,4,0,4,3.0,1.0,0,7,0.5,0.4666666666666667,1.0,1,8,2,0,False,1,0.25,0,0,2,4,False
4,2,4,8,4,0.5,1.0,0.0,1,1.0,0.0,1,0,2,2.0,0.0,0,2,0.5,0.3333333333333333,1.0,2,4,4,0,False,1,1.0,0,0,2,8,False
11,8,95,104,9,0.08653846153846154,8.636363636363637,1.2984415324623362,10,8.636363636363637,1.7200807207658637,10,0,2,1.375,0.4841229182759271,5,45,0.47368421052631576,0.8636363636363636,0.9473684210526315,1,52,9,0,False,1,0.17307692307692307,0,0,8,3,False
3,2,3,4,1,0.25,1.0,0.0,1,1.0,0.816496580927726,2,0,2,1.5,0.5,1,1,0.3333333333333333,0.5,0.6666666666666666,1,2,1,0,False,1,0.5,0,0,2,1,False
15,9,165,194,29,0.14948453608247422,11.0,2.0976176963403033,14,11.0,2.943920288775949,14,0,3,1.6666666666666667,0.816496580927726,5,76,0.46060606060606063,0.7857142857142857,0.9212121212121213,1,97,29,4,True,2,0.29896907216494845,0,0,9,6,False
16,9,192,218,26,0.11926605504587157,12.0,1.5811388300841898,15,12.0,3.5355339059327378,15,0,4,1.7777777777777777,1.0304020550550783,5,88,0.4583333333333333,0.8,0.9166666666666666,1,109,26,0,False,1,0.23853211009174313,0,0,9,2,False
8,4,30,48,18,0.375,3.75,0.4330127018922193,4,3.75,1.5612494995995996,6,0,2,2.0,0.0,0,12,0.4,0.5357142857142857,0.8,2,24,18,0,False,1,0.75,0,0,4,3,False
15,10,170,194,24,0.12371134020618557,11.333333333333334,1.7384539747207062,14,11.333333333333334,3.8412960775701155,14,0,4,1.5,0.9219544457292888,7,73,0.4294117647058823,0.8095238095238095,0.8588235294117647,1,97,24,0,False,1,0.24742268041237114,0,0,10,8,False
4,4,12,12,0,0.0,3.0,0.0,3,3.0,0.0,3,0,1,1.0,0.0,4,6,0.5,1.0,1.0,1,6,0,0,False,0,0.0,0,0,4,2,False
6,6,30,30,0,0.0,5.0,0.0,5,5.0,0.0,5,0,1,1.0,0.0,6,15,0.5,1.0,1.0,1,15,0,0,False,0,0.0,0,0,6,4,False
23,7,237,448,211,0.47098214285714285,10.304347826086957,2.709641121892675,15,10.304347826086957,4.368213072210924,19,0,5,3.2857142857142856,0.880630571852711,0,62,0.2616033755274262,0.4683794466403162,0.5232067510548524,1,224,211,35,True,2,0.9419642857142857,0,0,7,3,False
6,4,21,26,5,0.19230769230769232,3.5,0.7637626158259734,5,3.5,1.118033988749895,5,0,2,1.5,0.5,2,10,0.47619047619047616,0.7,0.9523809523809523,1,13,5,0,False,1,0.38461538461538464,0,0,4,4,False
12,6,83,106,23,0.2169811320754717,6.916666666666667,1.6562172428626494,9,6.916666666666667,3.32812092461931,11,0,5,2.0,1.5275252316519468,4,33,0.39759036144578314,0.6287878787878788,0.7951807228915663,1,53,23,3,True,2,0.4339622641509434,0,0,6,8,False
3,3,6,6,0,0.0,2.0,0.0,2,2.0,0.0,2,0,1,1.0,0.0,3,3,0.5,1.0,1.0,1,3,0,0,False,0,0.0,0,0,3,8,False
4,3,10,10,0,0.0,2.5,0.5,3,2.5,0.5,3,0,2,1.3333333333333333,0.4714045207910317,2,5,0.5,0.8333333333333334,1.0,1,5,0,0,False,0,0.0,0,0,3,2,False
4,4,12,12,0,0.0,3.0,0.0,3,3.0,0.0,3,0,1,1.0,0.0,4,6,0.5,1.0,1.0,1,6,0,0,False,0,0.0,0,0,4,7,False
3,2,3,4,1,0.25,1.0,0.0,1,1.0,0.816496580927726,2,0,2,1.5,0.5,1,1,0.3333333333333333,0.5,0.6666666666666666,1,2,1,0,False,1,0.5,0,0,2,1,False
10,9,88,88,0,0.0,8.8,0.4,9,8.8,0.4,9,0,2,1.1111111111111112,0.3142696805273545,8,44,0.5,0.9777777777777777,1.0,1,44,0,0,False,0,0.0,0,0,9,5,False
8,2,19,32,13,0.40625,2.375,0.9921567416492215,4,2.375,0.8569568250501305,4,0,4,4.0,0.0,0,9,0.47368421052631576,0.3392857142857143,0.9473684210526315,1,16,13,0,False,1,0.8125,0,0,2,8,False
13,7,106,140,34,0.24285714285714285,8.153846153846153,1.0262818510866412,10,8.153846153846153,3.158533102715048,12,0,3,1.8571428571428572,0.8329931278350429,3,43,0.4056603773584906,0.6794871794871795,0.8113207547169812,1,70,34,5,True,2,0.4857142857142857,0,0,7,4,False
13,10,146,150,4,0.02666666666666667,11.23076923076923,0.696568087549032,12,11.23076923076923,1.3099527973789538,12,0,2,1.3,0.45825756949558394,7,71,0.4863013698630137,0.9358974358974359,0.9726027397260274,1,75,4,0,False,1,0.05333333333333334,0,0,10,3,False
30,6,244,738,494,0.6693766937669376,8.133333333333333,3.896437118987322,22,8.133333333333333,4.69562444078409,21,0,7,5.0,1.4142135623730951,0,75,0.3073770491803279,0.28045977011494255,0.6147540983606558,1,369,494,36,True,3,1.3387533875338753,3,0,6,7,True
6,2,8,18,10,0.5555555555555556,1.3333333333333333,0.7453559924999299,3,1.3333333333333333,0.4714045207910317,2,0,3,3.0,0.0,0,3,0.375,0.26666666666666666,0.75,3,9,10,0,False,1,1.1111111111111112,0,0,2,4,False
10,5,59,76,17,0.2236842105263158,5.9,0.9433981132056604,7,5.9,2.662705391138869,9,0,3,2.0,0.8944271909999159,2,21,0.3559322033898305,0.6555555555555556,0.711864406779661,1,38,17,2,True,2,0.4473684210526316,0,0,5,5,False
3,3,6,6,0,0.0,2.0,0.0,2,2.0,0.0,2,0,1,1.0,0.0,3,3,0.5,1.0,1.0,1,3,0,0,False,0,0.0,0,0,3,2,False
6,2,7,18,11,0.6111111111111112,1.1666666666666667,0.3726779962499649,2,1.1666666666666667,0.6871842709362768,2,0,3,3.0,0.0,0,2,0.2857142857142857,0.23333333333333334,0.5714285714285714,2,9,11,2,True,2,1.2222222222222223,0,0,2,2,False
25,9,388,524,136,0.2595419847328244,15.52,2.7585503439306667,19,15.52,7.397945660789892,24,0,6,2.7777777777777777,1.872477727372524,4,153,0.3943298969072165,0.6466666666666666,0.788659793814433,1,262,136,4,True,3,0.5190839694656488,0,0,9,4,False
21,9,268,376,108,0.2872340425531915,12.761904761904763,1.7702505043277244,16,12.761904761904763,6.480040872187106,20,0,5,2.3333333333333335,1.3333333333333333,3,104,0.3880597014925373,0.638095238095238,0.7761194029850746,2,188,108,0,False,1,0.574468085106383,0,0,9,1,False
29,10,433,742,309,0.4164420485175202,14.931034482758621,6.329629473726957,27,14.931034482758621,7.109639083340494,28,0,4,2.9,1.2206555615733703,2,164,0.3787528868360277,0.5332512315270936,0.7575057736720554,1,371,309,32,True,3,0.8328840970350404,5,0,10,6,True
3,2,4,4,0,0.0,1.3333333333333333,0.4714045207910317,2,1.3333333333333333,0.4714045207910317,2,0,2,1.5,0.5,1,2,0.5,0.6666666666666666,1.0,1,2,0,0,False,0,0.0,0,0,2,1,False
11,5,89,96,7,0.07291666666666667,8.090909090909092,0.7925270806437588,9,8.090909090909092,0.7925270806437588,9,0,3,2.2,0.39999999999999997,0,43,0.48314606741573035,0.8090909090909091,0.9662921348314607,1,48,7,0,False,1,0.14583333333333334,0,0,5,4,False
8,3,21,42,21,0.5,2.625,1.1110243021644486,5,2.625,0.6959705453537527,4,0,3,2.6666666666666665,0.4714045207910317,0,9,0.42857142857142855,0.375,0.8571428571428571,2,21,21,0,False,1,1.0,0,0,3,6,False
5,5,20,20,0,0.0,4.0,0.0,4,4.0,0.0,4,0,1,1.0,0.0,5,10,0.5,1.0,1.0,1,10,0,0,False,0,0.0,0,0,5,5,False
13,2,47,84,37,0.44047619047619047,3.6153846153846154,1.5951108733329016,7,3.6153846153846154,1.9429739908177055,6,0,7,6.5,0.5,0,17,0.3617021276595745,0.30128205128205127,0.723404255319149,2,42,37,2,True,2,0.8809523809523809,0,0,2,8,False
4,4,12,12,0,0.0,3.0,0.0,3,3.0,0.0,3,0,1,1.0,0.0,4,6,0.5,1.0,1.0,1,6,0,0,False,0,0.0,0,0,4,5,False
22,9,253,428,175,0.4088785046728972,11.5,2.692582403567252,18,11.5,2.7592818565047614,19,0,3,2.4444444444444446,0.49690399499995325,0,121,0.4782608695652174,0.5476190476190477,0.9565217391304348,1,214,175,6,True,2,0.8177570093457944,0,0,9,5,False
8,6,47,50,3,0.06,5.875,0.9270248108869579,7,5.875,1.5360257159305635,7,0,3,1.3333333333333333,0.74535599249993,5,22,0.46808510638297873,0.8392857142857143,0.9361702127659575,1,25,3,0,False,1,0.12,0,0,6,6,False
7,2,19,20,1,0.05,2.7142857142857144,1.1605769149479943,5,2.7142857142857144,1.4846149779161804,5,0,5,3.5,1.5,0,9,0.47368421052631576,0.4523809523809524,0.9473684210526315,1,10,1,0,False,1,0.1,0,0,2,5,False
6,3,17,24,7,0.2916666666666667,2.8333333333333335,0.6871842709362768,4,2.8333333333333335,1.4624940645653537,4,0,2,2.0,0.0,0,6,0.35294117647058826,0.5666666666666667,0.7058823529411765,1,12,7,1,True,2,0.5833333333333334,0,0,3,7,False
10,4,40,74,34,0.4594594594594595,4.0,1.0954451150103321,7,4.0,1.6733200530681511,7,0,3,2.5,0.5,0,18,0.45,0.4444444444444444,0.9,1,37,34,3,True,2,0.918918918918919,0,0,4,4,False
14,10,148,174,26,0.14942528735632185,10.571428571428571,1.3477115902938006,13,10.571428571428571,3.2888184094918107,13,0,2,1.4,0.48989794855663565,6,65,0.4391891891891892,0.8131868131868132,0.8783783783783784,1,87,26,0,False,1,0.2988505747126437,0,0,10,4,False
16,4,103,192,89,0.4635416666666667,6.4375,2.3175620272173947,11,6.4375,3.2009520068254695,12,0,4,4.0,0.0,0,47,0.4563106796116505,0.42916666666666664,0.912621359223301,1,96,89,5,True,3,0.9270833333333334,1,0,4,7,True
9,6,53,64,11,0.171875,5.888888888888889,0.7370277311900888,7,5.888888888888889,2.282515398241571,8,0,3,1.5,0.7637626158259734,4,23,0.4339622641509434,0.7361111111111112,0.8679245283018868,1,32,11,0,False,1,0.34375,0,0,6,5,False
10,6,66,82,16,0.1951219512195122,6.6,1.4966629547095764,9,6.6,1.9595917942265426,9,0,2,1.6666666666666667,0.4714045207910317,2,29,0.4393939393939394,0.7333333333333333,0.8787878787878788,1,41,16,0,False,1,0.3902439024390244,0,0,6,7,False
14,6,94,162,68,0.41975308641975306,6.714285714285714,1.979486637221574,12,6.714285714285714,3.080551236121118,12,0,3,2.3333333333333335,0.4714045207910317,0,29,0.30851063829787234,0.5164835164835165,0.6170212765957447,1,81,68,14,True,2,0.8395061728395061,0,0,6,4,False
10,4,41,74,33,0.44594594594594594,4.1,1.57797338380595,7,4.1,2.0712315177207983,7,0,3,2.5,0.5,0,11,0.2682926829268293,0.45555555555555555,0.5365853658536586,3,37,33,7,True,2,0.8918918918918919,0,0,4,6,False
25,7,236,520,284,0.5461538461538461,9.44,4.08,20,9.44,6.053627011965636,24,0,5,3.5714285714285716,1.498298354528788,1,49,0.2076271186440678,0.3933333333333333,0.4152542372881356,1,260,284,56,True,2,1.0923076923076922,0,0,7,7,False
19,9,216,314,98,0.31210191082802546,11.368421052631579,2.813698190447086,18,11.368421052631579,4.144883038357301,18,0,4,2.111111111111111,0.8748897637790901,2,84,0.3888888888888889,0.631578947368421,0.7777777777777778,1,157,98,17,True,3,0.6242038216560509,0,0,9,8,False
10,6,78,82,4,0.04878048780487805,7.8,0.7483314773547882,9,7.8,0.7483314773547882,9,0,2,1.6666666666666667,0.4714045207910317,2,39,0.5,0.8666666666666667,1.0,1,41,4,0,False,1,0.0975609756097561,0,0,6,3,False
5,2,6,12,6,0.5,1.2,0.4,2,1.2,0.4,2,0,3,2.5,0.5,0,3,0.5,0.3,1.0,2,6,6,0,False,1,1.0,0,0,2,5,False
9,6,53,66,13,0.19696969696969696,5.888888888888889,1.286204100310025,8,5.888888888888889,2.3306863292670035,8,0,2,1.5,0.5,3,21,0.39622641509433965,0.7361111111111112,0.7924528301886793,1,33,13,4,True,2,0.3939393939393939,0,0,6,6,False
10,3,28,66,38,0.5757575757575758,2.8,0.9797958971132712,5,2.8,0.8717797887081347,4,0,4,3.3333333333333335,0.4714045207910317,0,12,0.42857142857142855,0.3111111111111111,0.8571428571428571,2,33,38,3,True,2,1.1515151515151516,0,0,3,2,False
23,10,305,466,161,0.34549356223175964,13.26086956521739,4.255098132055424,22,13.26086956521739,4.034820089780933,22,0,4,2.3,1.004987562112089,3,150,0.4918032786885246,0.6027667984189723,0.9836065573770492,1,233,161,1,True,2,0.6909871244635193,0,0,10,2,False
9,2,13,40,27,0.675,1.4444444444444444,0.6849348892187752,3,1.4444444444444444,1.1653431646335017,4,0,5,4.5,0.5,0,5,0.38461538461538464,0.18055555555555555,0.7692307692307693,2,20,27,2,True,2,1.35,0,0,2,7,False
23,10,253,474,221,0.46624472573839665,11.0,3.1896571984271698,19,11.0,4.211784708978203,18,0,3,2.3,0.45825756949558405,0,110,0.43478260869565216,0.5,0.8695652173913043,1,237,221,24,True,2,0.9324894514767933,0,0,10,5,False
3,3,6,6,0,0.0,2.0,0.0,2,2.0,0.0,2,0,1,1.0,0.0,3,3,0.5,1.0,1.0,1,3,0,0,False,0,0.0,0,0,3,2,False
8,7,50,54,4,0.07407407407407407,6.25,0.4330127018922193,7,6.25,1.6393596310755,7,0,2,1.1428571428571428,0.3499271061118826,6,23,0.46,0.8928571428571429,0.92,1,27,4,0,False,1,0.14814814814814814,0,0,7,5,False
4,2,6,6,0,0.0,1.5,0.8660254037844386,3,1.5,0.8660254037844386,3,0,3,2.0,1.0,1,3,0.5,0.5,1.0,1,3,0,0,False,0,0.0,0,0,2,5,False
10,2,22,50,28,0.56,2.2,1.077032961426901,4,2.2,1.077032961426901,4,0,5,5.0,0.0,0,11,0.5,0.24444444444444444,1.0,2,25,28,0,False,1,1.12,0,0,2,1,False
2,2,2,2,0,0.0,1.0,0.0,1,1.0,0.0,1,0,1,1.0,0.0,2,1,0.5,1.0,1.0,1,0,0,0,False,0,,0,0,2,4,False
3,2,3,4,1,0.25,1.0,0.0,1,1.0,0.816496580927726,2,0,2,1.5,0.5,1,1,0.3333333333333333,0.5,0.6666666666666666,1,2,1,0,False,1,0.5,0,0,2,4,False
12,9,117,120,3,0.025,9.75,1.479019945774904,11,9.75,1.7853571071357126,11,0,4,1.3333333333333333,0.9428090415820635,8,57,0.48717948717948717,0.8863636363636364,0.9743589743589743,1,60,3,0,False,1,0.05,0,0,9,2,False
23,10,316,448,132,0.29464285714285715,13.73913043478261,2.8623096679361377,19,13.73913043478261,5.350476543622665,22,0,6,2.3,1.676305461424021,5,132,0.4177215189873418,0.6245059288537549,0.8354430379746836,1,224,132,4,True,2,0.5892857142857143,0,0,10,7,False
11,6,72,96,24,0.25,6.545454545454546,1.4373989364401722,9,6.545454545454546,2.3105936412979697,10,0,3,1.8333333333333333,0.8975274678557508,3,34,0.4722222222222222,0.6545454545454545,0.9444444444444444,1,48,24,0,False,1,0.5,0,0,6,2,False
19,10,259,310,51,0.16451612903225807,13.631578947368421,2.77603515668223,18,13.631578947368421,3.247841814850845,18,0,5,1.9,1.2206555615733703,5,119,0.4594594594594595,0.7573099415204678,0.918918918918919,1,155,51,6,True,2,0.32903225806451614,0,0,10,6,False
10,3,35,64,29,0.453125,3.5,1.2041594578792296,6,3.5,1.3601470508735443,6,0,4,3.3333333333333335,0.9428090415820634,0,14,0.4,0.3888888888888889,0.8,1,32,29,3,True,3,0.90625,1,0,3,1,True
20,10,244,334,90,0.2694610778443114,12.2,2.181742422927143,19,12.2,7.393240155709809,19,0,6,2.0,1.61245154965971,6,89,0.36475409836065575,0.6421052631578947,0.7295081967213115,1,167,90,6,True,2,0.5389221556886228,0,0,10,8,False
43,10,1385,1658,273,0.1646562123039807,32.2093023255814,2.601950427060115,37,32.2093023255814,3.440917532684964,38,0,6,4.3,0.7810249675906654,0,681,0.49169675090252707,0.7668881506090809,0.9833935018050541,1,829,273,3,True,2,0.3293124246079614,0,0,10,2,False
13,5,79,134,55,0.41044776119402987,6.076923076923077,0.6153846153846154,7,6.076923076923077,3.7511339508420334,10,0,3,2.6,0.4898979485566356,0,23,0.2911392405063291,0.5064102564102564,0.5822784810126582,2,67,55,14,True,2,0.8208955223880597,0,0,5,7,False
5,3,13,16,3,0.1875,2.6,0.8,4,2.6,0.8,4,0,2,1.6666666666666667,0.4714045207910317,1,6,0.46153846153846156,0.65,0.9230769230769231,1,8,3,0,False,1,0.375,0,0,3,1,False
13,6,114,138,24,0.17391304347826086,8.76923076923077,1.716608738801646,12,8.76923076923077,1.716608738801646,12,0,3,2.1666666666666665,0.6871842709362768,1,57,0.5,0.7307692307692307,1.0,1,69,24,0,False,1,0.34782608695652173,0,0,6,1,False
23,10,288,470,182,0.3872340425531915,12.521739130434783,3.462464129054704,22,12.521739130434783,6.678124998617836,22,0,4,2.3,0.7810249675906654,1,75,0.2604166666666667,0.5691699604743083,0.5208333333333334,1,235,182,54,True,2,0.774468085106383,0,0,10,6,False
8,4,34,46,12,0.2608695652173913,4.25,1.3919410907075054,6,4.25,1.5612494995995996,7,0,3,2.0,0.7071067811865476,1,14,0.4117647058823529,0.6071428571428571,0.8235294117647058,1,23,12,0,False,1,0.5217391304347826,0,0,4,4,False
26,8,283,586,303,0.5170648464163823,10.884615384615385,1.8877524910473886,16,10.884615384615385,7.851148485691675,24,0,4,3.25,0.82915619758885,0,88,0.31095406360424027,0.43538461538461537,0.6219081272084805,1,293,303,32,True,3,1.0341296928327646,0,0,8,6,False
16,8,170,220,50,0.22727272727272727,10.625,1.4947825928876748,15,10.625,2.315032397181517,15,0,3,2.0,0.7071067811865476,2,78,0.4588235294117647,0.7083333333333334,0.9176470588235294,1,110,50,4,True,2,0.45454545454545453,0,0,8,2,False
8,3,28,42,14,0.3333333333333333,3.5,1.118033988749895,6,3.5,1.7320508075688772,6,0,3,2.6666666666666665,0.4714045207910317,0,10,0.35714285714285715,0.5,0.7142857142857143,1,21,14,3,True,2,0.6666666666666666,0,0,3,6,False
24,5,243,388,145,0.37371134020618557,10.125,4.737373569113305,23,10.125,5.4184292004233106,23,0,12,4.8,3.815756805667783,1,88,0.36213991769547327,0.44021739130434784,0.7242798353909465,1,194,145,20,True,3,0.7474226804123711,0,0,5,6,False
4,3,10,10,0,0.0,2.5,0.5,3,2.5,0.5,3,0,2,1.3333333333333333,0.4714045207910317,2,5,0.5,0.8333333333333334,1.0,1,5,0,0,False,0,0.0,0,0,3,4,False
4,2,6,6,0,0.0,1.5,0.8660254037844386,3,1.5,0.8660254037844386,3,0,3,2.0,1.0,1,3,0.5,0.5,1.0,1,3,0,0,False,0,0.0,0,0,2,5,False
3,3,6,6,0,0.0,2.0,0.0,2,2.0,0.0,2,0,1,1.0,0.0,3,3,0.5,1.0,1.0,1,3,0,0,False,0,0.0,0,0,3,7,False
11,7,79,100,21,0.21,7.181818181818182,1.4658650451451907,10,7.181818181818182,2.479669399451974,10,0,3,1.5714285714285714,0.7284313590846835,4,35,0.4430379746835443,0.7181818181818181,0.8860759493670886,1,50,21,2,True,2,0.42,0,0,7,4,False
12,6,83,114,31,0.2719298245614035,6.916666666666667,1.4976833963009524,9,6.916666666666667,2.812422838447701,11,0,3,2.0,1.0,3,31,0.37349397590361444,0.6287878787878788,0.7469879518072289,1,57,31,3,True,2,0.543859649122807,0,0,6,8,False
7,3,16,32,16,0.5,2.2857142857142856,0.45175395145262565,3,2.2857142857142856,0.45175395145262565,3,0,3,2.3333333333333335,0.4714045207910317,0,8,0.5,0.38095238095238093,1.0,2,16,16,0,False,1,1.0,0,0,3,3,False
4,3,9,10,1,0.1,2.25,0.4330127018922193,3,2.25,0.82915619758885,3,0,2,1.3333333333333333,0.4714045207910317,2,4,0.4444444444444444,0.75,0.8888888888888888,1,5,1,0,False,1,0.2,0,0,3,3,False
31,7,352,808,456,0.5643564356435643,11.35483870967742,5.60845207266718,23,11.35483870967742,7.28032428866867,26,0,6,4.428571428571429,1.498298354528788,0,83,0.23579545454545456,0.37849462365591396,0.4715909090909091,3,404,456,57,True,3,1.1287128712871286,0,0,7,6,False
17,6,115,236,121,0.5127118644067796,6.764705882352941,2.015510788119037,11,6.764705882352941,3.2454386409726403,16,0,4,2.8333333333333335,0.8975274678557507,1,41,0.3565217391304348,0.4227941176470588,0.7130434782608696,1,118,121,6,True,2,1.0254237288135593,0,0,6,7,False
3,2,4,4,0,0.0,1.3333333333333333,0.4714045207910317,2,1.3333333333333333,0.4714045207910317,2,0,2,1.5,0.5,1,2,0.5,0.6666666666666666,1.0,1,2,0,0,False,0,0.0,0,0,2,8,False
5,5,20,20,0,0.0,4.0,0.0,4,4.0,0.0,4,0,1,1.0,0.0,5,10,0.5,1.0,1.0,1,10,0,0,False,0,0.0,0,0,5,1,False
9,6,63,66,3,0.045454545454545456,7.0,0.816496580927726,8,7.0,0.816496580927726,8,0,2,1.5,0.5,3,31,0.49206349206349204,0.875,0.9841269841269841,1,33,3,0,False,1,0.09090909090909091,0,0,6,2,False
4,4,12,12,0,0.0,3.0,0.0,3,3.0,0.0,3,0,1,1.0,0.0,4,6,0.5,1.0,1.0,1,6,0,0,False,0,0.0,0,0,4,7,False
12,6,75,118,43,0.3644067796610169,6.25,1.963203164898291,11,6.25,1.5343293866268306,11,0,3,2.0,0.5773502691896257,1,36,0.48,0.5681818181818182,0.96,1,59,43,0,False,1,0.7288135593220338,0,0,6,1,False
29,8,446,726,280,0.3856749311294766,15.379310344827585,5.7380387920916105,27,15.379310344827585,6.161133981514186,27,0,5,3.625,1.1110243021644486,0,187,0.4192825112107623,0.5492610837438424,0.8385650224215246,1,363,280,25,True,2,0.7713498622589532,0,0,8,5,False
13,5,86,134,48,0.3582089552238806,6.615384615384615,1.5951108733329016,10,6.615384615384615,3.669803212885096,10,0,3,2.6,0.4898979485566356,0,21,0.2441860465116279,0.5512820512820513,0.4883720930232558,2,67,48,12,True,2,0.7164179104477612,0,0,5,6,False
12,10,123,128,5,0.0390625,10.25,0.5951190357119042,11,10.25,1.4215601757693317,11,0,2,1.2,0.4,8,59,0.4796747967479675,0.9318181818181818,0.959349593495935,1,64,5,0,False,1,0.078125,0,0,10,8,False
8,6,48,52,4,0.07692307692307693,6.0,0.7071067811865476,7,6.0,1.5811388300841898,7,0,2,1.3333333333333333,0.4714045207910317,4,22,0.4583333333333333,0.8571428571428571,0.9166666666666666,1,26,4,0,False,1,0.15384615384615385,0,0,6,1,False
3,2,4,4,0,0.0,1.3333333333333333,0.4714045207910317,2,1.3333333333333333,0.4714045207910317,2,0,2,1.5,0.5,1,2,0.5,0.6666666666666666,1.0,1,2,0,0,False,0,0.0,0,0,2,3,False
14,9,153,170,17,0.1,10.928571428571429,1.3343958351621001,13,10.928571428571429,2.4338178624858315,13,0,3,1.5555555555555556,0.6849348892187752,5,71,0.46405228758169936,0.8406593406593407,0.9281045751633987,1,85,17,1,True,2,0.2,0,0,9,7,False
12,7,89,114,25,0.21929824561403508,7.416666666666667,1.9346977943739831,11,7.416666666666667,3.200477394945253,11,0,4,1.7142857142857142,1.1605769149479943,5,40,0.449438202247191,0.6742424242424242,0.898876404494382,1,57,25,0,False,1,0.43859649122807015,0,0,7,6,False
8,4,39,46,7,0.15217391304347827,4.875,0.9270248108869579,7,4.875,1.2686114456365274,7,0,3,2.0,0.7071067811865476,1,18,0.46153846153846156,0.6964285714285714,0.9230769230769231,1,23,7,0,False,1,0.30434782608695654,0,0,4,8,False
25,9,313,534,221,0.41385767790262173,12.52,3.645490364820623,20,12.52,6.723808444624222,24,0,5,2.7777777777777777,1.547598697464902,3,115,0.36741214057507987,0.5216666666666666,0.7348242811501597,1,267,221,22,True,2,0.8277153558052435,0,0,9,7,False
20,6,147,330,183,0.5545454545454546,7.35,2.2863726730347356,13,7.35,2.688401011754013,13,0,5,3.3333333333333335,0.7453559924999298,0,66,0.4489795918367347,0.3868421052631579,0.8979591836734694,1,165,183,11,True,2,1.1090909090909091,0,0,6,5,False
9,2,15,28,13,0.4642857142857143,1.6666666666666667,1.8856180831641267,7,1.6666666666666667,1.9436506316151,7,0,7,4.5,2.5,0,1,0.06666666666666667,0.20833333333333334,0.13333333333333333,1,14,13,6,True,2,0.9285714285714286,0,0,2,4,False
5,3,15,16,1,0.0625,3.0,0.0,3,3.0,0.6324555320336759,4,0,2,1.6666666666666667,0.4714045207910317,1,7,0.4666666666666667,0.75,0.9333333333333333,1,8,1,0,False,1,0.125,0,0,3,5,False
7,3,16,22,6,0.2727272727272727,2.2857142857142856,0.6998542122237652,4,2.2857142857142856,2.3733211036908783,6,0,5,2.3333333333333335,1.8856180831641267,2,5,0.3125,0.38095238095238093,0.625,1,11,6,0,False,1,0.5454545454545454,0,0,3,8,False
4,4,12,12,0,0.0,3.0,0.0,3,3.0,0.0,3,0,1,1.0,0.0,4,6,0.5,1.0,1.0,1,6,0,0,False,0,0.0,0,0,4,7,False
9,8,70,70,0,0.0,7.777777777777778,0.41573970964154905,8,7.777777777777778,0.41573970964154905,8,0,2,1.125,0.33071891388307384,7,35,0.5,0.9722222222222222,1.0,1,35,0,0,False,0,0.0,0,0,8,4,False
10,4,45,64,19,0.296875,4.5,1.6278820596099706,9,4.5,3.1064449134018135,9,0,5,2.5,1.6583123951777,2,15,0.3333333333333333,0.5,0.6666666666666666,1,32,19,5,True,2,0.59375,0,0,4,6,False
4,4,12,12,0,0.0,3.0,0.0,3,3.0,0.0,3,0,1,1.0,0.0,4,6,0.5,1.0,1.0,1,6,0,0,False,0,0.0,0,0,4,2,False
21,5,114,350,236,0.6742857142857143,5.428571428571429,2.106032798809141,10,5.428571428571429,1.891621339622972,10,0,5,4.2,0.7483314773547882,0,50,0.43859649122807015,0.2714285714285714,0.8771929824561403,2,175,236,4,True,3,1.3485714285714285,4,0,5,6,True
9,7,58,66,8,0.12121212121212122,6.444444444444445,0.8314794192830981,8,6.444444444444445,2.454524670486058,8,0,3,1.2857142857142858,0.6998542122237652,6,25,0.43103448275862066,0.8055555555555556,0.8620689655172413,1,33,8,0,False,1,0.24242424242424243,0,0,7,3,False
9,7,65,68,3,0.04411764705882353,7.222222222222222,0.41573970964154905,8,7.222222222222222,1.227262335243029,8,0,2,1.2857142857142858,0.45175395145262565,5,31,0.47692307692307695,0.9027777777777778,0.9538461538461539,1,34,3,0,False,1,0.08823529411764706,0,0,7,4,False
35,10,596,1048,452,0.4312977099236641,17.02857142857143,6.788585858570522,34,17.02857142857143,7.673649585378764,34,0,7,3.5,2.3345235059857505,3,281,0.4714765100671141,0.5008403361344538,0.9429530201342282,1,524,452,6,True,3,0.8625954198473282,2,0,10,7,True
4,2,6,8,2,0.25,1.5,0.5,2,1.5,0.5,2,0,2,2.0,0.0,0,3,0.5,0.5,1.0,1,4,2,0,False,1,0.5,0,0,2,3,False
3,2,4,4,0,0.0,1.3333333333333333,0.4714045207910317,2,1.3333333333333333,0.4714045207910317,2,0,2,1.5,0.5,1,2,0.5,0.6666666666666666,1.0,1,2,0,0,False,0,0.0,0,0,2,5,False
9,5,55,64,9,0.140625,6.111111111111111,1.0999438818457405,8,6.111111111111111,1.5947444549341472,8,0,2,1.8,0.4,1,23,0.41818181818181815,0.7638888888888888,0.8363636363636363,1,32,9,3,True,2,0.28125,0,0,5,4,False
7,7,42,42,0,0.0,6.0,0.0,6,6.0,0.0,6,0,1,1.0,0.0,7,21,0.5,1.0,1.0,1,21,0,0,False,0,0.0,0,0,7,6,False
19,8,235,308,73,0.237012987012987,12.368421052631579,2.252729953582389,17,12.368421052631579,4.567741884999396,18,0,4,2.375,0.9921567416492215,2,101,0.4297872340425532,0.6871345029239766,0.8595744680851064,1,154,73,5,True,2,0.474025974025974,0,0,8,5,False
12,8,115,122,7,0.05737704918032787,9.583333333333334,0.8620067027323834,11,9.583333333333334,1.4976833963009524,11,0,3,1.5,0.7071067811865476,5,54,0.46956521739130436,0.8712121212121212,0.9391304347826087,1,61,7,1,True,2,0.11475409836065574,0,0,8,3,False
25,10,407,544,137,0.25183823529411764,16.28,4.960000000000001,24,16.28,4.984134829636935,24,0,5,2.5,1.3601470508735443,3,202,0.4963144963144963,0.6783333333333333,0.9926289926289926,1,272,137,0,False,1,0.5036764705882353,0,0,10,4,False
8,2,11,32,21,0.65625,1.375,0.4841229182759271,2,1.375,1.1110243021644486,3,0,4,4.0,0.0,0,2,0.18181818181818182,0.19642857142857142,0.36363636363636365,2,16,21,4,True,2,1.3125,0,0,2,8,False
9,6,47,64,17,0.265625,5.222222222222222,0.628539361054709,7,5.222222222222222,3.292340531117567,8,0,3,1.5,0.7637626158259734,4,15,0.3191489361702128,0.6527777777777778,0.6382978723404256,1,32,17,2,True,2,0.53125,0,0,6,6,False
22,5,203,378,175,0.46296296296296297,9.227272727272727,4.305723655594622,16,9.227272727272727,3.6046916168921523,16,0,7,4.4,1.3564659966250536,0,94,0.4630541871921182,0.4393939393939394,0.9261083743842364,1,189,175,4,True,2,0.9259259259259259,0,0,5,8,False
17,8,135,252,117,0.4642857142857143,7.9411764705882355,1.8301587277769464,15,7.9411764705882355,1.5134918035610125,13,0,3,2.125,0.33071891388307384,0,65,0.48148148148148145,0.4963235294117647,0.9629629629629629,1,126,117,3,True,2,0.9285714285714286,0,0,8,3,False
13,8,138,144,6,0.041666666666666664,10.615384615384615,0.8355984993230935,12,10.615384615384615,1.076923076923077,12,0,3,1.625,0.6959705453537527,4,68,0.4927536231884058,0.8846153846153846,0.9855072463768116,1,72,6,0,False,1,0.08333333333333333,0,0,8,5,False
2,2,2,2,0,0.0,1.0,0.0,1,1.0,0.0,1,0,1,1.0,0.0,2,1,0.5,1.0,1.0,1,0,0,0,False,0,,0,0,2,1,False
8,7,54,54,0,0.0,6.75,0.4330127018922193,7,6.75,0.4330127018922193,7,0,2,1.1428571428571428,0.3499271061118826,6,27,0.5,0.9642857142857143,1.0,1,27,0,0,False,0,0.0,0,0,7,3,False
17,7,139,246,107,0.4349593495934959,8.176470588235293,2.61748181897494,15,8.176470588235293,2.502593810139135,15,0,3,2.4285714285714284,0.49487165930539345,0,61,0.43884892086330934,0.5110294117647058,0.8776978417266187,1,123,107,6,True,2,0.8699186991869918,0,0,7,4,False
11,3,29,80,51,0.6375,2.6363636363636362,1.2264306875665492,6,2.6363636363636362,1.5534552264213692,6,0,4,3.6666666666666665,0.4714045207910317,0,7,0.2413793103448276,0.2636363636363636,0.4827586206896552,3,40,51,8,True,3,1.275,0,0,3,2,False
14,10,147,168,21,0.125,10.5,1.0522085616183026,13,10.5,3.8312623805439676,13,0,4,1.4,0.9165151389911681,8,63,0.42857142857142855,0.8076923076923077,0.8571428571428571,1,84,21,0,False,1,0.25,0,0,10,8,False
9,6,56,66,10,0.15151515151515152,6.222222222222222,0.6285393610547089,7,6.222222222222222,2.042752923427804,8,0,2,1.5,0.5,3,25,0.44642857142857145,0.7777777777777778,0.8928571428571429,1,33,10,1,True,2,0.30303030303030304,0,0,6,6,False
11,5,67,92,25,0.2717391304347826,6.090909090909091,1.2398346997259868,8,6.090909090909091,2.3531234737354154,10,0,4,2.2,0.9797958971132712,1,27,0.40298507462686567,0.6090909090909091,0.8059701492537313,1,46,25,3,True,2,0.5434782608695652,0,0,5,4,False
2,2,2,2,0,0.0,1.0,0.0,1,1.0,0.0,1,0,1,1.0,0.0,2,1,0.5,1.0,1.0,1,0,0,0,False,0,,0,0,2,3,False
2,2,2,2,0,0.0,1.0,0.0,1,1.0,0.0,1,0,1,1.0,0.0,2,1,0.5,1.0,1.0,1,0,0,0,False,0,,0,0,2,6,False
11,10,106,108,2,0.018518518518518517,9.636363636363637,0.4810456929208346,10,9.636363636363637,0.8813963377120598,10,0,2,1.1,0.3,9,52,0.49056603773584906,0.9636363636363636,0.9811320754716981,1,54,2,0,False,1,0.037037037037037035,0,0,10,5,False
28,7,257,640,383,0.5984375,9.178571428571429,2.2686303518796067,14,9.178571428571429,7.131687695612806,24,0,7,4.0,2.138089935299395,0,91,0.3540856031128405,0.33994708994708994,0.708171206225681,1,320,383,42,True,3,1.196875,2,0,7,6,True
12,10,126,126,0,0.0,10.5,0.8660254037844386,11,10.5,0.8660254037844386,11,0,3,1.2,0.6000000000000001,9,63,0.5,0.9545454545454546,1.0,1,63,0,0,False,0,0.0,0,0,10,3,False
6,6,30,30,0,0.0,5.0,0.0,5,5.0,0.0,5,0,1,1.0,0.0,6,15,0.5,1.0,1.0,1,15,0,0,False,0,0.0,0,0,6,8,False
8,4,32,44,12,0.2727272727272727,4.0,1.7320508075688772,7,4.0,1.7320508075688772,7,0,3,2.0,1.0,2,16,0.5,0.5714285714285714,1.0,1,22,12,0,False,1,0.5454545454545454,0,0,4,1,False
11,8,90,102,12,0.11764705882352941,8.181818181818182,0.8331955809010617,10,8.181818181818182,2.6906633794452257,10,0,3,1.375,0.6959705453537527,6,39,0.43333333333333335,0.8181818181818182,0.8666666666666667,1,51,12,0,False,1,0.23529411764705882,0,0,8,7,False
6,3,16,18,2,0.1111111111111111,2.6666666666666665,1.1055415967851334,5,2.6666666666666665,1.699673171197595,5,0,4,2.0,1.4142135623730951,2,7,0.4375,0.5333333333333333,0.875,1,9,2,0,False,1,0.2222222222222222,0,0,3,8,False
6,4,25,26,1,0.038461538461538464,4.166666666666667,0.372677996249965,5,4.166666666666667,0.6871842709362768,5,0,2,1.5,0.5,2,12,0.48,0.8333333333333334,0.96,1,13,1,0,False,1,0.07692307692307693,0,0,4,3,False
15,5,106,176,70,0.3977272727272727,7.066666666666666,1.730767331432956,11,7.066666666666666,5.012872319228657,13,0,4,3.0,0.8944271909999159,0,24,0.22641509433962265,0.5047619047619047,0.4528301886792453,1,88,70,20,True,2,0.7954545454545454,0,0,5,7,False
16,6,120,198,78,0.3939393939393939,7.5,1.2747548783981961,11,7.5,4.743416490252569,15,0,6,2.6666666666666665,1.5986105077709065,1,39,0.325,0.5,0.65,1,99,78,12,True,2,0.7878787878787878,0,0,6,7,False
9,7,61,68,7,0.10294117647058823,6.777777777777778,0.9162456945817024,8,6.777777777777778,1.4740554623801776,8,0,2,1.2857142857142858,0.45175395145262565,5,29,0.47540983606557374,0.8472222222222222,0.9508196721311475,1,34,7,0,False,1,0.20588235294117646,0,0,7,4,False
9,4,44,56,12,0.21428571428571427,4.888888888888889,1.286204100310025,7,4.888888888888889,1.594744454934147,8,0,4,2.25,1.0897247358851685,1,18,0.4090909090909091,0.6111111111111112,0.8181818181818182,1,28,12,3,True,2,0.42857142857142855,0,0,4,4,False
9,6,57,66,9,0.13636363636363635,6.333333333333333,1.3333333333333333,8,6.333333333333333,1.247219128924647,8,0,2,1.5,0.5,3,28,0.49122807017543857,0.7916666666666666,0.9824561403508771,1,33,9,0,False,1,0.2727272727272727,0,0,6,5,False
9,6,61,64,3,0.046875,6.777777777777778,0.6285393610547089,8,6.777777777777778,1.314684396244359,8,0,3,1.5,0.7637626158259734,4,29,0.47540983606557374,0.8472222222222222,0.9508196721311475,1,32,3,0,False,1,0.09375,0,0,6,2,False
12,9,104,124,20,0.16129032258064516,8.666666666666666,0.8498365855987975,10,8.666666666666666,3.590109871423003,11,0,3,1.3333333333333333,0.6666666666666666,7,42,0.40384615384615385,0.7878787878787878,0.8076923076923077,1,62,20,2,True,2,0.3225806451612903,0,0,9,7,False
9,6,55,60,5,0.08333333333333333,6.111111111111111,1.3698697784375504,8,6.111111111111111,2.182986967154278,8,0,4,1.5,1.118033988749895,5,25,0.45454545454545453,0.7638888888888888,0.9090909090909091,1,30,5,0,False,1,0.16666666666666666,0,0,6,7,False
4,4,12,12,0,0.0,3.0,0.0,3,3.0,0.0,3,0,1,1.0,0.0,4,6,0.5,1.0,1.0,1,6,0,0,False,0,0.0,0,0,4,5,False
15,6,108,168,60,0.35714285714285715,7.2,1.7204650534085253,10,7.2,4.955804677345547,14,0,5,2.5,1.8027756377319946,3,44,0.4074074074074074,0.5142857142857142,0.8148148148148148,1,84,60,0,False,1,0.7142857142857143,0,0,6,2,False
9,6,58,66,8,0.12121212121212122,6.444444444444445,1.1653431646335017,8,6.444444444444445,1.8324913891634047,8,0,2,1.5,0.5,3,25,0.43103448275862066,0.8055555555555556,0.8620689655172413,1,33,8,1,True,2,0.24242424242424243,0,0,6,6,False
6,4,24,24,0,0.0,4.0,1.0,5,4.0,1.0,5,0,3,1.5,0.8660254037844386,3,12,0.5,0.8,1.0,1,12,0,0,False,0,0.0,0,0,4,6,False
18,9,192,264,72,0.2727272727272727,10.666666666666666,1.8856180831641267,13,10.666666666666666,6.18241233033047,17,0,5,2.0,1.632993161855452,6,80,0.4166666666666667,0.6274509803921569,0.8333333333333334,1,132,72,0,False,1,0.5454545454545454,0,0,9,3,False
3,2,3,4,1,0.25,1.0,0.0,1,1.0,0.816496580927726,2,0,2,1.5,0.5,1,1,0.3333333333333333,0.5,0.6666666666666666,1,2,1,0,False,1,0.5,0,0,2,6,False
14,5,119,132,13,0.09848484848484848,8.5,2.382975331087468,13,8.5,3.1339158526400435,13,0,7,2.8,2.2271057451320084,2,53,0.44537815126050423,0.6538461538461539,0.8907563025210085,1,66,13,1,True,2,0.19696969696969696,0,0,5,6,False
16,6,143,206,63,0.3058252427184466,8.9375,1.7842628029525247,12,8.9375,3.732772930409778,13,0,5,2.6666666666666665,1.1055415967851334,0,58,0.40559440559440557,0.5958333333333333,0.8111888111888111,1,103,63,10,True,2,0.6116504854368932,0,0,6,8,False
20,8,218,336,118,0.35119047619047616,10.9,2.6627053911388696,15,10.9,4.72122865364515,19,0,5,2.5,1.3228756555322954,2,101,0.463302752293578,0.5736842105263158,0.926605504587156,1,168,118,0,False,1,0.7023809523809523,0,0,8,2,False
8,6,43,52,9,0.17307692307692307,5.375,0.4841229182759271,6,5.375,2.394655507583502,7,0,2,1.3333333333333333,0.47140452079103173,4,17,0.3953488372093023,0.7678571428571429,0.7906976744186046,1,26,9,0,False,1,0.34615384615384615,0,0,6,7,False
15,10,196,200,4,0.02,13.066666666666666,0.7717224601860153,14,13.066666666666666,0.7717224601860153,14,0,2,1.5,0.5,5,98,0.5,0.9333333333333333,1.0,1,100,4,0,False,1,0.04,0,0,10,1,False
12,9,119,126,7,0.05555555555555555,9.916666666666666,0.4930066485916347,11,9.916666666666666,1.7057907908715602,11,0,2,1.3333333333333333,0.4714045207910317,6,56,0.47058823529411764,0.9015151515151515,0.9411764705882353,1,63,7,0,False,1,0.1111111111111111,0,0,9,8,False
45,8,773,1698,925,0.5447585394581861,17.177777777777777,9.119670775950654,42,17.177777777777777,9.216624807352536,42,0,10,5.625,3.0388114452858046,0,343,0.44372574385511,0.3904040404040404,0.88745148771022,1,849,925,28,True,3,1.0895170789163722,8,0,8,7,True
30,8,325,786,461,0.5865139949109415,10.833333333333334,4.091318722476762,20,10.833333333333334,4.858554883456145,22,0,4,3.75,0.4330127018922193,0,139,0.4276923076923077,0.3735632183908046,0.8553846153846154,2,393,461,34,True,2,1.173027989821883,1,0,8,8,True
6,3,17,22,5,0.22727272727272727,2.8333333333333335,1.0671873729054748,5,2.8333333333333335,1.4624940645653537,5,0,3,2.0,0.816496580927726,1,6,0.35294117647058826,0.5666666666666667,0.7058823529411765,1,11,5,1,True,2,0.45454545454545453,0,0,3,1,False
20,10,232,346,114,0.32947976878612717,11.6,2.727636339397171,19,11.6,6.390618123468182,19,0,5,2.0,1.1832159566199232,4,87,0.375,0.6105263157894737,0.75,1,173,114,22,True,2,0.6589595375722543,0,0,10,7,False
13,6,69,140,71,0.5071428571428571,5.3076923076923075,0.46153846153846156,6,5.3076923076923075,0.6056929133855239,6,0,3,2.1666666666666665,0.3726779962499649,0,34,0.4927536231884058,0.4423076923076923,0.9855072463768116,2,70,71,1,True,2,1.0142857142857142,0,0,6,3,False
16,9,198,222,24,0.10810810810810811,12.375,1.996089927833914,15,12.375,2.7128168017763383,15,0,3,1.7777777777777777,0.7856742013183862,4,92,0.46464646464646464,0.825,0.9292929292929293,1,111,24,5,True,2,0.21621621621621623,0,0,9,7,False
8,3,24,38,14,0.3684210526315789,3.0,0.8660254037844386,4,3.0,1.9364916731037085,7,0,4,2.6666666666666665,1.247219128924647,1,9,0.375,0.42857142857142855,0.75,1,19,14,1,True,2,0.7368421052631579,0,0,3,7,False
12,9,114,126,12,0.09523809523809523,9.5,1.5,11,9.5,1.5,11,0,2,1.3333333333333333,0.4714045207910317,6,57,0.5,0.8636363636363636,1.0,1,63,12,0,False,1,0.19047619047619047,0,0,9,4,False
33,10,462,948,486,0.5126582278481012,14.0,7.036700328644919,32,14.0,7.870158444363997,32,0,6,3.3,1.7916472867168918,3,206,0.4458874458874459,0.4375,0.8917748917748918,1,474,486,29,True,2,1.0253164556962024,0,0,10,3,False
10,5,52,80,28,0.35,5.2,1.2489995996796797,8,5.2,2.2715633383201093,8,0,2,2.0,0.0,0,19,0.36538461538461536,0.5777777777777777,0.7307692307692307,1,40,28,6,True,2,0.7,0,0,5,8,False
5,5,20,20,0,0.0,4.0,0.0,4,4.0,0.0,4,0,1,1.0,0.0,5,10,0.5,1.0,1.0,1,10,0,0,False,0,0.0,0,0,5,2,False
3,2,3,4,1,0.25,1.0,0.0,1,1.0,0.816496580927726,2,0,2,1.5,0.5,1,1,0.3333333333333333,0.5,0.6666666666666666,1,2,1,0,False,1,0.5,0,0,2,2,False
22,8,244,416,172,0.41346153846153844,11.090909090909092,2.254472139570408,17,11.090909090909092,4.409793758412692,21,0,4,2.75,0.9682458365518543,1,107,0.4385245901639344,0.5281385281385281,0.8770491803278688,1,208,172,4,True,2,0.8269230769230769,0,0,8,8,False
14,6,79,162,83,0.5123456790123457,5.642857142857143,0.8949974347244047,7,5.642857142857143,0.9715336077668173,7,0,3,2.3333333333333335,0.4714045207910317,0,39,0.4936708860759494,0.4340659340659341,0.9873417721518988,2,81,83,1,True,2,1.0246913580246915,0,0,6,4,False
6,3,14,24,10,0.4166666666666667,2.3333333333333335,0.4714045207910317,3,2.3333333333333335,1.1055415967851334,4,0,2,2.0,0.0,0,4,0.2857142857142857,0.4666666666666667,0.5714285714285714,2,12,10,2,True,2,0.8333333333333334,0,0,3,8,False
3,2,4,4,0,0.0,1.3333333333333333,0.4714045207910317,2,1.3333333333333333,0.4714045207910317,2,0,2,1.5,0.5,1,2,0.5,0.6666666666666666,1.0,1,2,0,0,False,0,0.0,0,0,2,2,False
5,4,17,18,1,0.05555555555555555,3.4,0.4898979485566356,4,3.4,0.8,4,0,2,1.25,0.4330127018922193,3,8,0.47058823529411764,0.85,0.9411764705882353,1,9,1,0,False,1,0.1111111111111111,0,0,4,2,False
4,2,4,8,4,0.5,1.0,0.0,1,1.0,0.0,1,0,2,2.0,0.0,0,2,0.5,0.3333333333333333,1.0,2,4,4,0,False,1,1.0,0,0,2,2,False
22,6,294,374,80,0.21390374331550802,13.363636363636363,2.9931050242098776,21,13.363636363636363,2.9931050242098776,21,0,7,3.6666666666666665,2.211083193570267,2,147,0.5,0.6363636363636364,1.0,1,187,80,0,False,1,0.42780748663101603,0,0,6,1,False
10,5,56,80,24,0.3,5.6,1.2,8,5.6,1.2,8,0,2,2.0,0.0,0,28,0.5,0.6222222222222222,1.0,1,40,24,0,False,1,0.6,0,0,5,1,False
12,10,123,126,3,0.023809523809523808,10.25,0.82915619758885,11,10.25,1.479019945774904,11,0,3,1.2,0.6000000000000001,9,60,0.4878048780487805,0.9318181818181818,0.975609756097561,1,63,3,0,False,1,0.047619047619047616,0,0,10,2,False
25,10,332,550,218,0.39636363636363636,13.28,3.7791004220581383,24,13.28,3.243701589234127,24,0,4,2.5,1.118033988749895,2,161,0.48493975903614456,0.5533333333333333,0.9698795180722891,1,275,218,1,True,2,0.7927272727272727,0,0,10,3,False
14,6,99,140,41,0.29285714285714287,7.071428571428571,3.150153867314278,13,7.071428571428571,3.844556183085111,13,0,6,2.3333333333333335,1.9720265943665387,4,44,0.4444444444444444,0.5439560439560439,0.8888888888888888,1,70,41,0,False,1,0.5857142857142857,0,0,6,5,False
10,7,68,82,14,0.17073170731707318,6.8,0.39999999999999997,7,6.8,3.4583232931581165,9,0,3,1.4285714285714286,0.7284313590846836,5,27,0.39705882352941174,0.7555555555555555,0.7941176470588235,1,41,14,0,False,1,0.34146341463414637,0,0,7,3,False
2,2,2,2,0,0.0,1.0,0.0,1,1.0,0.0,1,0,1,1.0,0.0,2,1,0.5,1.0,1.0,1,0,0,0,False,0,,0,0,2,7,False
3,3,6,6,0,0.0,2.0,0.0,2,2.0,0.0,2,0,1,1.0,0.0,3,3,0.5,1.0,1.0,1,3,0,0,False,0,0.0,0,0,3,8,False
15,6,122,184,62,0.33695652173913043,8.133333333333333,2.334285520001546,13,8.133333333333333,3.703451843288306,13,0,4,2.5,0.7637626158259734,0,43,0.3524590163934426,0.580952380952381,0.7049180327868853,1,92,62,7,True,2,0.6739130434782609,0,0,6,6,False
6,6,30,30,0,0.0,5.0,0.0,5,5.0,0.0,5,0,1,1.0,0.0,6,15,0.5,1.0,1.0,1,15,0,0,False,0,0.0,0,0,6,3,False
7,3,20,32,12,0.375,2.857142857142857,0.989743318610787,5,2.857142857142857,0.989743318610787,5,0,3,2.3333333333333335,0.4714045207910317,0,10,0.5,0.47619047619047616,1.0,1,16,12,0,False,1,0.75,0,0,3,3,False
12,10,114,128,14,0.109375,9.5,0.5,10,9.5,2.8431203515386634,11,0,2,1.2,0.4,8,52,0.45614035087719296,0.8636363636363636,0.9122807017543859,1,64,14,0,False,1,0.21875,0,0,10,5,False
18,4,89,240,151,0.6291666666666667,4.944444444444445,2.5921295882862676,15,4.944444444444445,3.894044201972235,15,0,5,4.5,0.8660254037844386,0,21,0.23595505617977527,0.2908496732026144,0.47191011235955055,3,120,151,17,True,3,1.2583333333333333,0,0,4,5,False
8,6,50,50,0,0.0,6.25,0.9682458365518543,7,6.25,0.9682458365518543,7,0,3,1.3333333333333333,0.7453559924999299,5,25,0.5,0.8928571428571429,1.0,1,25,0,0,False,0,0.0,0,0,6,2,False
9,6,57,66,9,0.13636363636363635,6.333333333333333,0.816496580927726,8,6.333333333333333,1.7638342073763937,8,0,2,1.5,0.5,3,26,0.45614035087719296,0.7916666666666666,0.9122807017543859,1,33,9,1,True,2,0.2727272727272727,0,0,6,1,False
17,8,174,246,72,0.2926829268292683,10.235294117647058,1.9259653580876352,14,10.235294117647058,3.812200410828153,16,0,3,2.125,0.9270248108869579,3,79,0.4540229885057471,0.6397058823529411,0.9080459770114943,1,123,72,3,True,2,0.5853658536585366,0,0,8,5,False
12,8,118,124,6,0.04838709677419355,9.833333333333334,0.8975274678557507,11,9.833333333333334,1.1426091000668406,11,0,2,1.5,0.5,4,58,0.4915254237288136,0.8939393939393939,0.9830508474576272,1,62,6,0,False,1,0.0967741935483871,0,0,8,3,False
10,8,81,86,5,0.05813953488372093,8.1,0.7000000000000001,9,8.1,1.7578395831246947,9,0,2,1.25,0.4330127018922193,6,38,0.4691358024691358,0.9,0.9382716049382716,1,43,5,0,False,1,0.11627906976744186,0,0,8,8,False
20,10,253,350,97,0.27714285714285714,12.65,3.453621287865825,19,12.65,3.453621287865825,19,0,4,2.0,1.0,4,119,0.47035573122529645,0.6657894736842105,0.9407114624505929,1,175,97,0,False,1,0.5542857142857143,0,0,10,7,False
10,8,75,86,11,0.12790697674418605,7.5,0.806225774829855,9,7.5,2.539685019840059,9,0,2,1.25,0.4330127018922193,6,32,0.4266666666666667,0.8333333333333334,0.8533333333333334,1,43,11,1,True,2,0.2558139534883721,0,0,8,3,False
17,4,108,196,88,0.4489795918367347,6.352941176470588,3.32444027081054,15,6.352941176470588,3.67729402543242,15,0,8,4.25,2.277608394786075,0,49,0.4537037037037037,0.39705882352941174,0.9074074074074074,1,98,88,6,True,3,0.8979591836734694,0,0,4,4,False
28,9,346,692,346,0.5,12.357142857142858,3.4144052579191766,19,12.357142857142858,6.331408586868925,26,0,4,3.111111111111111,0.7370277311900889,0,87,0.2514450867052023,0.4576719576719577,0.5028901734104047,1,346,346,54,True,3,1.0,0,0,9,3,False
9,5,55,64,9,0.140625,6.111111111111111,0.9938079899999066,8,6.111111111111111,1.3698697784375504,8,0,2,1.8,0.4,1,25,0.45454545454545453,0.7638888888888888,0.9090909090909091,1,32,9,2,True,2,0.28125,0,0,5,5,False
20,10,290,348,58,0.16666666666666666,14.5,2.9068883707497264,19,14.5,3.3541019662496847,19,0,4,2.0,1.0954451150103321,5,143,0.49310344827586206,0.7631578947368421,0.9862068965517241,1,174,58,0,False,1,0.3333333333333333,0,0,10,4,False
8,6,50,50,0,0.0,6.25,0.9682458365518543,7,6.25,0.9682458365518543,7,0,3,1.3333333333333333,0.74535599249993,5,25,0.5,0.8928571428571429,1.0,1,25,0,0,False,0,0.0,0,0,6,5,False
4,2,5,8,3,0.375,1.25,0.4330127018922193,2,1.25,0.4330127018922193,2,0,2,2.0,0.0,0,2,0.4,0.4166666666666667,0.8,2,4,3,0,False,1,0.75,0,0,2,5,False
13,7,115,144,29,0.2013888888888889,8.846153846153847,1.026281851086641,11,8.846153846153847,2.475919529143243,12,0,2,1.8571428571428572,0.3499271061118826,1,49,0.4260869565217391,0.7371794871794872,0.8521739130434782,1,72,29,3,True,2,0.4027777777777778,0,0,7,3,False
30,10,417,800,383,0.47875,13.9,2.7730849247724096,21,13.9,4.182104733265297,22,0,5,3.0,1.0,0,179,0.4292565947242206,0.4793103448275862,0.8585131894484412,1,400,383,31,True,4,0.9575,7,0,10,7,True
4,4,12,12,0,0.0,3.0,0.0,3,3.0,0.0,3,0,1,1.0,0.0,4,6,0.5,1.0,1.0,1,6,0,0,False,0,0.0,0,0,4,4,False
4,3,10,10,0,0.0,2.5,0.5,3,2.5,0.5,3,0,2,1.3333333333333333,0.4714045207910317,2,5,0.5,0.8333333333333334,1.0,1,5,0,0,False,0,0.0,0,0,3,5,False
14,8,152,166,14,0.08433734939759036,10.857142857142858,1.1248582677159729,12,10.857142857142858,1.9948914348241347,13,0,3,1.75,0.82915619758885,4,73,0.48026315789473684,0.8351648351648352,0.9605263157894737,1,83,14,0,False,1,0.1686746987951807,0,0,8,3,False
6,2,9,16,7,0.4375,1.5,1.118033988749895,4,1.5,1.2583057392117916,4,0,4,3.0,1.0,0,1,0.1111111111111111,0.3,0.2222222222222222,1,8,7,3,True,2,0.875,0,0,2,8,False
7,6,40,40,0,0.0,5.714285714285714,0.4517539514526256,6,5.714285714285714,0.4517539514526256,6,0,2,1.1666666666666667,0.3726779962499649,5,20,0.5,0.9523809523809523,1.0,1,20,0,0,False,0,0.0,0,0,6,4,False
18,5,154,250,96,0.384,8.555555555555555,1.7069212773041351,11,8.555555555555555,5.090538306202359,14,0,6,3.6,1.3564659966250536,0,57,0.37012987012987014,0.5032679738562091,0.7402597402597403,1,125,96,18,True,2,0.768,0,0,5,8,False
7,3,22,32,10,0.3125,3.142857142857143,0.8329931278350429,4,3.142857142857143,1.1248582677159729,5,0,3,2.3333333333333335,0.4714045207910317,0,9,0.4090909090909091,0.5238095238095238,0.8181818181818182,1,16,10,1,True,2,0.625,0,0,3,3,False
15,10,155,194,39,0.20103092783505155,10.333333333333334,0.7888106377466153,12,10.333333333333334,5.015531433014408,14,0,4,1.5,0.9219544457292888,7,61,0.3935483870967742,0.7380952380952381,0.7870967741935484,1,97,39,1,True,2,0.4020618556701031,0,0,10,8,False
11,8,96,104,8,0.07692307692307693,8.727272727272727,0.7496555682941201,10,8.727272727272727,2.2193737483152187,10,0,2,1.375,0.4841229182759271,5,44,0.4583333333333333,0.8727272727272727,0.9166666666666666,1,52,8,1,True,2,0.15384615384615385,0,0,8,1,False
20,8,276,322,46,0.14285714285714285,13.8,3.957271787481876,19,13.8,3.957271787481876,19,0,6,2.5,1.8708286933869707,4,138,0.5,0.7263157894736842,1.0,1,161,46,0,False,1,0.2857142857142857,0,0,8,3,False
9,7,66,66,0,0.0,7.333333333333333,0.9428090415820634,8,7.333333333333333,0.9428090415820634,8,0,3,1.2857142857142858,0.6998542122237652,6,33,0.5,0.9166666666666666,1.0,1,33,0,0,False,0,0.0,0,0,7,2,False
42,10,634,1576,942,0.5977157360406091,15.095238095238095,4.829519959431657,25,15.095238095238095,7.016339853749294,33,0,7,4.2,1.077032961426901,0,208,0.3280757097791798,0.3681765389082462,0.6561514195583596,1,788,942,88,True,3,1.1954314720812182,0,0,10,6,False
6,5,27,28,1,0.03571428571428571,4.5,0.5,5,4.5,0.7637626158259734,5,0,2,1.2,0.4,4,13,0.48148148148148145,0.9,0.9629629629629629,1,14,1,0,False,1,0.07142857142857142,0,0,5,5,False
14,7,100,164,64,0.3902439024390244,7.142857142857143,1.124858267715973,9,7.142857142857143,4.240234879901666,13,0,3,2.0,0.7559289460184544,2,33,0.33,0.5494505494505495,0.66,2,82,64,8,True,2,0.7804878048780488,0,0,7,8,False
26,5,138,534,396,0.7415730337078652,5.3076923076923075,1.2940464493277477,10,5.3076923076923075,1.3521842947113034,10,0,7,5.2,1.16619037896906,0,67,0.4855072463768116,0.2123076923076923,0.9710144927536232,3,267,396,2,True,3,1.4831460674157304,1,0,5,1,True
7,7,42,42,0,0.0,6.0,0.0,6,6.0,0.0,6,0,1,1.0,0.0,7,21,0.5,1.0,1.0,1,21,0,0,False,0,0.0,0,0,7,5,False
6,5,26,28,2,0.07142857142857142,4.333333333333333,0.4714045207910317,5,4.333333333333333,1.1055415967851332,5,0,2,1.2,0.4,4,12,0.46153846153846156,0.8666666666666667,0.9230769230769231,1,14,2,0,False,1,0.14285714285714285,0,0,5,7,False
4,2,6,8,2,0.25,1.5,0.5,2,1.5,0.5,2,0,2,2.0,0.0,0,3,0.5,0.5,1.0,1,4,2,0,False,1,0.5,0,0,2,8,False
6,5,28,28,0,0.0,4.666666666666667,0.4714045207910317,5,4.666666666666667,0.4714045207910317,5,0,2,1.2,0.4,4,14,0.5,0.9333333333333333,1.0,1,14,0,0,False,0,0.0,0,0,5,4,False
18,9,196,270,74,0.2740740740740741,10.88888888888889,0.8748897637790901,13,10.88888888888889,6.715561438338478,17,0,5,2.0,1.4142135623730951,5,71,0.3622448979591837,0.6405228758169934,0.7244897959183674,2,135,74,0,False,1,0.5481481481481482,0,0,9,5,False
13,9,123,142,19,0.13380281690140844,9.461538461538462,1.4472990555559062,12,9.461538461538462,3.650403236216822,12,0,4,1.4444444444444444,0.9558139185602919,7,52,0.42276422764227645,0.7884615384615384,0.8455284552845529,1,71,19,1,True,2,0.2676056338028169,0,0,9,1,False
3,2,4,4,0,0.0,1.3333333333333333,0.4714045207910317,2,1.3333333333333333,0.4714045207910317,2,0,2,1.5,0.5,1,2,0.5,0.6666666666666666,1.0,1,2,0,0,False,0,0.0,0,0,2,2,False
6,6,30,30,0,0.0,5.0,0.0,5,5.0,0.0,5,0,1,1.0,0.0,6,15,0.5,1.0,1.0,1,15,0,0,False,0,0.0,0,0,6,4,False
3,3,6,6,0,0.0,2.0,0.0,2,2.0,0.0,2,0,1,1.0,0.0,3,3,0.5,1.0,1.0,1,3,0,0,False,0,0.0,0,0,3,2,False
22,7,237,348,111,0.31896551724137934,10.772727272727273,6.06728798319928,21,10.772727272727273,6.06728798319928,21,0,8,3.142857142857143,3.0904725218262765,4,118,0.4978902953586498,0.512987012987013,0.9957805907172996,1,174,111,0,False,1,0.6379310344827587,0,0,7,1,False
11,8,95,104,9,0.08653846153846154,8.636363636363637,0.4810456929208346,9,8.636363636363637,2.267266166061805,10,0,2,1.375,0.4841229182759271,5,44,0.4631578947368421,0.8636363636363636,0.9263157894736842,1,52,9,0,False,1,0.17307692307692307,0,0,8,4,False
20,9,221,348,127,0.3649425287356322,11.05,2.8892040426387338,17,11.05,3.293554311074891,19,0,4,2.2222222222222223,0.9162456945817024,2,89,0.40271493212669685,0.5815789473684211,0.8054298642533937,1,174,127,2,True,2,0.7298850574712644,0,0,9,3,False
7,2,10,24,14,0.5833333333333334,1.4285714285714286,0.4948716593053935,2,1.4285714285714286,1.178030178747903,3,0,4,3.5,0.5,0,3,0.3,0.23809523809523808,0.6,2,12,14,2,True,2,1.1666666666666667,0,0,2,8,False
19,9,245,316,71,0.22468354430379747,12.894736842105264,2.4038288940356285,17,12.894736842105264,3.462501937557584,18,0,3,2.111111111111111,0.7370277311900889,2,117,0.4775510204081633,0.716374269005848,0.9551020408163265,1,158,71,2,True,3,0.44936708860759494,0,0,9,2,False
23,7,193,444,251,0.5653153153153153,8.391304347826088,3.460825868196939,22,8.391304347826088,3.6324519259487693,22,0,5,3.2857142857142856,1.1605769149479945,1,91,0.47150259067357514,0.3814229249011858,0.9430051813471503,1,222,251,10,True,3,1.1306306306306306,1,0,7,4,True
16,4,110,190,80,0.42105263157894735,6.875,1.3169567191065923,10,6.875,3.998046397929869,13,0,5,4.0,0.7071067811865476,0,43,0.39090909090909093,0.4583333333333333,0.7818181818181819,2,95,80,2,True,2,0.8421052631578947,0,0,4,4,False
25,8,308,536,228,0.4253731343283582,12.32,2.1113029152634635,16,12.32,5.924322746103558,21,0,5,3.125,1.165922381636102,0,115,0.37337662337662336,0.5133333333333333,0.7467532467532467,1,268,228,5,True,3,0.8507462686567164,0,0,8,2,False
8,4,43,46,3,0.06521739130434782,5.375,0.4841229182759271,6,5.375,1.1110243021644486,7,0,3,2.0,0.7071067811865476,1,20,0.46511627906976744,0.7678571428571429,0.9302325581395349,1,23,3,0,False,1,0.13043478260869565,0,0,4,6,False
52,8,681,2326,1645,0.7072226999140154,13.096153846153847,5.230309651756237,31,13.096153846153847,4.764692319490134,24,0,11,6.5,2.23606797749979,0,307,0.45080763582966227,0.25678733031674206,0.9016152716593245,2,1163,1645,18,True,3,1.4144453998280309,3,0,8,4,True
3,2,4,4,0,0.0,1.3333333333333333,0.4714045207910317,2,1.3333333333333333,0.4714045207910317,2,0,2,1.5,0.5,1,2,0.5,0.6666666666666666,1.0,1,2,0,0,False,0,0.0,0,0,2,3,False
21,10,312,396,84,0.21212121212121213,14.857142857142858,2.166535841157586,19,14.857142857142858,4.378363624370511,19,0,3,2.1,0.3,0,140,0.44871794871794873,0.7428571428571429,0.8974358974358975,1,198,84,0,False,1,0.42424242424242425,0,0,10,2,False
3,3,6,6,0,0.0,2.0,0.0,2,2.0,0.0,2,0,1,1.0,0.0,3,3,0.5,1.0,1.0,1,3,0,0,False,0,0.0,0,0,3,3,False
8,7,54,54,0,0.0,6.75,0.4330127018922193,7,6.75,0.4330127018922193,7,0,2,1.1428571428571428,0.3499271061118826,6,27,0.5,0.9642857142857143,1.0,1,27,0,0,False,0,0.0,0,0,7,3,False
9,9,72,72,0,0.0,8.0,0.0,8,8.0,0.0,8,0,1,1.0,0.0,9,36,0.5,1.0,1.0,1,36,0,0,False,0,0.0,0,0,9,6,False
10,10,90,90,0,0.0,9.0,0.0,9,9.0,0.0,9,0,1,1.0,0.0,10,45,0.5,1.0,1.0,1,45,0,0,False,0,0.0,0,0,10,7,False
6,6,30,30,0,0.0,5.0,0.0,5,5.0,0.0,5,0,1,1.0,0.0,6,15,0.5,1.0,1.0,1,15,0,0,False,0,0.0,0,0,6,5,False
5,3,13,14,1,0.07142857142857142,2.6,0.8,4,2.6,1.2,4,0,3,1.6666666666666667,0.9428090415820634,2,6,0.46153846153846156,0.65,0.9230769230769231,1,7,1,0,False,1,0.14285714285714285,0,0,3,7,False
14,7,110,148,38,0.25675675675675674,7.857142857142857,0.8329931278350429,9,7.857142857142857,5.329930887479323,13,0,6,2.0,1.6903085094570331,4,40,0.36363636363636365,0.6043956043956044,0.7272727272727273,1,74,38,4,True,2,0.5135135135135135,0,0,7,3,False
12,8,118,124,6,0.04838709677419355,9.833333333333334,0.8975274678557507,11,9.833333333333334,1.4043582955293932,11,0,2,1.5,0.5,4,56,0.4745762711864407,0.8939393939393939,0.9491525423728814,1,62,6,0,False,1,0.0967741935483871,0,0,8,7,False
18,9,228,286,58,0.20279720279720279,12.666666666666666,1.2909944487358056,15,12.666666666666666,2.4037008503093262,17,0,3,2.0,0.4714045207910317,1,105,0.4605263157894737,0.7450980392156863,0.9210526315789473,1,143,58,4,True,2,0.40559440559440557,0,0,9,3,False
3,3,6,6,0,0.0,2.0,0.0,2,2.0,0.0,2,0,1,1.0,0.0,3,3,0.5,1.0,1.0,1,3,0,0,False,0,0.0,0,0,3,6,False
11,9,102,106,4,0.03773584905660377,9.272727272727273,0.9620913858416692,10,9.272727272727273,0.9620913858416692,10,0,2,1.2222222222222223,0.41573970964154905,7,51,0.5,0.9272727272727272,1.0,1,53,4,0,False,1,0.07547169811320754,0,0,9,2,False
20,10,251,354,103,0.2909604519774011,12.55,2.011839953873071,17,12.55,4.306680856529771,19,0,3,2.0,0.7745966692414834,3,91,0.36254980079681276,0.6605263157894737,0.7250996015936255,1,177,103,7,True,2,0.5819209039548022,0,0,10,8,False
4,2,6,8,2,0.25,1.5,0.5,2,1.5,0.8660254037844386,2,0,2,2.0,0.0,0,2,0.3333333333333333,0.5,0.6666666666666666,1,4,2,0,False,1,0.5,0,0,2,7,False
10,3,48,64,16,0.25,4.8,1.7776388834631178,8,4.8,2.08806130178211,8,0,4,3.3333333333333335,0.9428090415820634,0,17,0.3541666666666667,0.5333333333333333,0.7083333333333334,1,32,16,6,True,4,0.5,0,0,3,7,False
14,6,133,162,29,0.17901234567901234,9.5,1.546886273407694,12,9.5,2.611786471254603,12,0,3,2.3333333333333335,0.4714045207910317,0,54,0.40601503759398494,0.7307692307692307,0.8120300751879699,1,81,29,3,True,2,0.35802469135802467,0,0,6,8,False
7,4,33,36,3,0.08333333333333333,4.714285714285714,0.6998542122237652,6,4.714285714285714,0.6998542122237652,6,0,2,1.75,0.4330127018922193,1,16,0.48484848484848486,0.7857142857142857,0.9696969696969697,1,18,3,0,False,1,0.16666666666666666,0,0,4,3,False
7,5,35,38,3,0.07894736842105263,5.0,0.5345224838248488,6,5.0,1.0690449676496976,6,0,2,1.4,0.4898979485566356,3,16,0.45714285714285713,0.8333333333333334,0.9142857142857143,1,19,3,0,False,1,0.15789473684210525,0,0,5,4,False
15,8,150,190,40,0.21052631578947367,10.0,2.0330600909302543,14,10.0,3.03315017762062,14,0,3,1.875,0.9270248108869579,4,71,0.47333333333333333,0.7142857142857143,0.9466666666666667,1,95,40,0,False,1,0.42105263157894735,0,0,8,5,False
53,8,901,2414,1513,0.6267605633802817,17.0,7.271033250391714,29,17.0,7.561072101279998,29,0,10,6.625,2.341874249399399,0,437,0.48501664816870144,0.3269230769230769,0.9700332963374029,2,1207,1513,8,True,3,1.2535211267605635,0,0,8,3,False
8,4,32,48,16,0.3333333333333333,4.0,1.0,6,4.0,1.6583123951777,6,0,2,2.0,0.0,0,13,0.40625,0.5714285714285714,0.8125,1,24,16,2,True,2,0.6666666666666666,0,0,4,4,False
4,4,12,12,0,0.0,3.0,0.0,3,3.0,0.0,3,0,1,1.0,0.0,4,6,0.5,1.0,1.0,1,6,0,0,False,0,0.0,0,0,4,1,False
7,6,40,40,0,0.0,5.714285714285714,0.45175395145262565,6,5.714285714285714,0.45175395145262565,6,0,2,1.1666666666666667,0.3726779962499649,5,20,0.5,0.9523809523809523,1.0,1,20,0,0,False,0,0.0,0,0,6,1,False
7,5,34,38,4,0.10526315789473684,4.857142857142857,0.8329931278350429,6,4.857142857142857,1.355261854357877,6,0,2,1.4,0.4898979485566356,3,15,0.4411764705882353,0.8095238095238095,0.8823529411764706,1,19,4,0,False,1,0.21052631578947367,0,0,5,4,False
18,3,48,214,166,0.7757009345794392,2.6666666666666665,0.6666666666666666,4,2.6666666666666665,1.4142135623730951,8,0,7,6.0,0.816496580927726,0,20,0.4166666666666667,0.1568627450980392,0.8333333333333334,5,107,166,6,True,2,1.5514018691588785,0,0,3,3,False
14,6,100,162,62,0.38271604938271603,7.142857142857143,1.9219462924391015,12,7.142857142857143,3.833259389999639,12,0,3,2.3333333333333335,0.4714045207910317,0,25,0.25,0.5494505494505495,0.5,1,81,62,15,True,2,0.7654320987654321,0,0,6,6,False
2,2,2,2,0,0.0,1.0,0.0,1,1.0,0.0,1,0,1,1.0,0.0,2,1,0.5,1.0,1.0,1,0,0,0,False,0,,0,0,2,7,False
6,5,28,28,0,0.0,4.666666666666667,0.4714045207910317,5,4.666666666666667,0.4714045207910317,5,0,2,1.2,0.4000000000000001,4,14,0.5,0.9333333333333333,1.0,1,14,0,0,False,0,0.0,0,0,5,2,False
11,8,84,104,20,0.19230769230769232,7.636363636363637,0.77138921583987,9,7.636363636363637,2.3845230997461817,10,0,2,1.375,0.4841229182759271,5,38,0.4523809523809524,0.7636363636363637,0.9047619047619048,1,52,20,0,False,1,0.38461538461538464,0,0,8,7,False
6,4,20,24,4,0.16666666666666666,3.3333333333333335,0.7453559924999298,5,3.3333333333333335,1.7950549357115015,5,0,3,1.5,0.8660254037844386,3,8,0.4,0.6666666666666666,0.8,1,12,4,0,False,1,0.3333333333333333,0,0,4,5,False
21,9,214,360,146,0.40555555555555556,10.19047619047619,3.095604373932382,16,10.19047619047619,6.57280868875376,20,0,5,2.3333333333333335,1.8856180831641267,6,86,0.40186915887850466,0.5095238095238095,0.8037383177570093,1,180,146,6,True,2,0.8111111111111111,0,0,9,5,False
19,7,210,300,90,0.3,11.052631578947368,1.7910210028603741,13,11.052631578947368,3.6487010552498975,15,0,5,2.7142857142857144,1.1605769149479943,0,90,0.42857142857142855,0.6140350877192983,0.8571428571428571,1,150,90,3,True,2,0.6,0,0,7,1,False
4,2,5,8,3,0.375,1.25,0.4330127018922193,2,1.25,0.4330127018922193,2,0,2,2.0,0.0,0,2,0.4,0.4166666666666667,0.8,2,4,3,0,False,1,0.75,0,0,2,1,False
10,5,58,76,18,0.23684210526315788,5.8,1.98997487421324,9,5.8,2.4819347291981715,9,0,3,2.0,0.8944271909999159,2,20,0.3448275862068966,0.6444444444444445,0.6896551724137931,1,38,18,5,True,2,0.47368421052631576,0,0,5,6,False
5,3,14,14,0,0.0,2.8,0.9797958971132712,4,2.8,0.9797958971132712,4,0,3,1.6666666666666667,0.9428090415820634,2,7,0.5,0.7,1.0,1,7,0,0,False,0,0.0,0,0,3,4,False
14,10,168,168,0,0.0,12.0,1.3093073414159542,13,12.0,1.3093073414159542,13,0,4,1.4,0.9165151389911681,8,84,0.5,0.9230769230769231,1.0,1,84,0,0,False,0,0.0,0,0,10,7,False
11,4,46,88,42,0.4772727272727273,4.181818181818182,1.2662171161076472,6,4.181818181818182,2.16661368869327,9,0,4,2.75,0.82915619758885,0,18,0.391304347826087,0.41818181818181815,0.782608695652174,1,44,42,7,True,2,0.9545454545454546,2,0,4,4,True
29,10,450,744,294,0.3951612903225806,15.517241379310345,3.539147468502124,28,15.517241379310345,9.04250762311815,28,0,5,2.9,1.1357816691600546,1,167,0.3711111111111111,0.5541871921182266,0.7422222222222222,1,372,294,50,True,3,0.7903225806451613,6,0,10,2,True
12,7,111,114,3,0.02631578947368421,9.25,1.299038105676658,11,9.25,1.6393596310755,11,0,4,1.7142857142857142,1.1605769149479943,5,54,0.4864864864864865,0.8409090909090909,0.972972972972973,1,57,3,0,False,1,0.05263157894736842,0,0,7,5,False
6,4,18,24,6,0.25,3.0,0.0,3,3.0,2.23606797749979,5,0,3,1.5,0.8660254037844386,3,6,0.3333333333333333,0.6,0.6666666666666666,1,12,6,0,False,1,0.5,0,0,4,3,False
5,4,15,18,3,0.16666666666666666,3.0,0.0,3,3.0,1.5491933384829668,4,0,2,1.25,0.4330127018922193,3,6,0.4,0.75,0.8,1,9,3,0,False,1,0.3333333333333333,0,0,4,3,False
5,3,11,16,5,0.3125,2.2,0.39999999999999997,3,2.2,1.469693845669907,4,0,2,1.6666666666666667,0.4714045207910317,1,3,0.2727272727272727,0.55,0.5454545454545454,1,8,5,1,True,2,0.625,0,0,3,3,False
17,9,172,252,80,0.31746031746031744,10.117647058823529,2.825979329285721,16,10.117647058823529,2.825979329285721,16,0,3,1.8888888888888888,0.7370277311900889,3,86,0.5,0.6323529411764706,1.0,1,126,80,0,False,1,0.6349206349206349,0,0,9,1,False
4,3,8,10,2,0.2,2.0,0.0,2,2.0,1.224744871391589,3,0,2,1.3333333333333333,0.4714045207910317,2,3,0.375,0.6666666666666666,0.75,1,5,2,0,False,1,0.4,0,0,3,7,False
16,10,208,228,20,0.08771929824561403,13.0,1.224744871391589,15,13.0,1.4142135623730951,15,0,2,1.6,0.48989794855663565,4,102,0.49038461538461536,0.8666666666666667,0.9807692307692307,1,114,20,0,False,1,0.17543859649122806,0,0,10,5,False
25,10,319,484,165,0.3409090909090909,12.76,5.301169682249381,23,12.76,7.809122870079585,24,0,9,2.5,2.80178514522438,7,137,0.42946708463949845,0.5316666666666666,0.8589341692789969,1,242,165,10,True,2,0.6818181818181818,0,0,10,4,False
2,2,2,2,0,0.0,1.0,0.0,1,1.0,0.0,1,0,1,1.0,0.0,2,1,0.5,1.0,1.0,1,0,0,0,False,0,,0,0,2,1,False
5,3,13,16,3,0.1875,2.6,0.4898979485566356,3,2.6,1.019803902718557,4,0,2,1.6666666666666667,0.4714045207910317,1,5,0.38461538461538464,0.65,0.7692307692307693,1,8,3,0,False,1,0.375,0,0,3,7,False
14,10,156,168,12,0.07142857142857142,11.142857142857142,1.5050933932646768,13,11.142857142857142,2.8749445424997293,13,0,4,1.4,0.9165151389911681,8,72,0.46153846153846156,0.8571428571428571,0.9230769230769231,1,84,12,1,True,2,0.14285714285714285,0,0,10,7,False
18,8,182,278,96,0.34532374100719426,10.11111111111111,2.23330569358242,17,10.11111111111111,5.258737584977436,17,0,4,2.25,0.82915619758885,1,59,0.3241758241758242,0.5947712418300654,0.6483516483516484,1,139,96,29,True,2,0.6906474820143885,0,0,8,8,False
18,4,102,242,140,0.5785123966942148,5.666666666666667,1.5986105077709065,10,5.666666666666667,2.70801280154532,13,0,5,4.5,0.5,0,46,0.45098039215686275,0.3333333333333333,0.9019607843137255,1,121,140,4,True,2,1.1570247933884297,0,0,4,5,False
19,5,141,282,141,0.5,7.421052631578948,2.034331377903967,11,7.421052631578948,3.1841017815271946,13,0,6,3.8,1.16619037896906,0,62,0.4397163120567376,0.41228070175438597,0.8794326241134752,1,141,141,12,True,3,1.0,0,0,5,4,False
12,9,114,126,12,0.09523809523809523,9.5,1.5,11,9.5,1.5,11,0,2,1.3333333333333333,0.4714045207910317,6,57,0.5,0.8636363636363636,1.0,1,63,12,0,False,1,0.19047619047619047,0,0,9,1,False
6,2,9,18,9,0.5,1.5,0.5,2,1.5,0.9574271077563381,3,0,3,3.0,0.0,0,4,0.4444444444444444,0.3,0.8888888888888888,1,9,9,1,True,2,1.0,0,0,2,4,False
7,5,38,38,0,0.0,5.428571428571429,0.4948716593053935,6,5.428571428571429,0.4948716593053935,6,0,2,1.4,0.4898979485566356,3,19,0.5,0.9047619047619048,1.0,1,19,0,0,False,0,0.0,0,0,5,7,False
6,6,30,30,0,0.0,5.0,0.0,5,5.0,0.0,5,0,1,1.0,0.0,6,15,0.5,1.0,1.0,1,15,0,0,False,0,0.0,0,0,6,2,False
3,2,4,4,0,0.0,1.3333333333333333,0.4714045207910317,2,1.3333333333333333,0.4714045207910317,2,0,2,1.5,0.5,1,2,0.5,0.6666666666666666,1.0,1,2,0,0,False,0,0.0,0,0,2,7,False
7,7,42,42,0,0.0,6.0,0.0,6,6.0,0.0,6,0,1,1.0,0.0,7,21,0.5,1.0,1.0,1,21,0,0,False,0,0.0,0,0,7,7,False
30,9,464,772,308,0.39896373056994816,15.466666666666667,2.0286832072937253,22,15.466666666666667,9.918781287145222,29,0,6,3.3333333333333335,1.763834207376394,1,149,0.32112068965517243,0.5333333333333333,0.6422413793103449,3,386,308,13,True,3,0.7979274611398963,0,0,9,5,False
9,4,42,50,8,0.16,4.666666666666667,1.8257418583505538,8,4.666666666666667,2.6246692913372702,8,0,5,2.25,1.6393596310755,2,17,0.40476190476190477,0.5833333333333334,0.8095238095238095,1,25,8,0,False,1,0.32,0,0,4,7,False
28,10,349,694,345,0.49711815561959655,12.464285714285714,2.5422451109367157,23,12.464285714285714,2.2437555070707247,20,0,5,2.8,1.077032961426901,0,167,0.4785100286532951,0.46164021164021163,0.9570200573065902,1,347,345,6,True,3,0.9942363112391931,1,0,10,5,True
8,5,47,50,3,0.06,5.875,0.7806247497997998,7,5.875,0.7806247497997998,7,0,2,1.6,0.4898979485566356,2,23,0.48936170212765956,0.8392857142857143,0.9787234042553191,1,25,3,0,False,1,0.12,0,0,5,2,False
11,9,96,106,10,0.09433962264150944,8.727272727272727,0.9620913858416692,10,8.727272727272727,1.9112541856026033,10,0,2,1.2222222222222223,0.41573970964154905,7,45,0.46875,0.8727272727272727,0.9375,1,53,10,0,False,1,0.18867924528301888,0,0,9,5,False
15,10,160,196,36,0.1836734693877551,10.666666666666666,1.1352924243950933,14,10.666666666666666,4.346134936801765,14,0,3,1.5,0.806225774829855,7,68,0.425,0.7619047619047619,0.85,1,98,36,0,False,1,0.3673469387755102,0,0,10,7,False
15,10,166,188,22,0.11702127659574468,11.066666666666666,2.1437246921084703,14,11.066666666666666,3.659993928349548,14,0,5,1.5,1.2041594578792296,8,72,0.43373493975903615,0.7904761904761904,0.8674698795180723,1,94,22,4,True,2,0.23404255319148937,0,0,10,7,False
3,2,4,4,0,0.0,1.3333333333333333,0.4714045207910317,2,1.3333333333333333,0.4714045207910317,2,0,2,1.5,0.5,1,2,0.5,0.6666666666666666,1.0,1,2,0,0,False,0,0.0,0,0,2,6,False
3,3,6,6,0,0.0,2.0,0.0,2,2.0,0.0,2,0,1,1.0,0.0,3,3,0.5,1.0,1.0,1,3,0,0,False,0,0.0,0,0,3,8,False
11,4,64,88,24,0.2727272727272727,5.818181818181818,0.8331955809010617,8,5.818181818181818,2.4796693994519736,9,0,4,2.75,0.82915619758885,0,24,0.375,0.5818181818181818,0.75,1,44,24,1,True,2,0.5454545454545454,0,0,4,5,False
25,4,168,426,258,0.6056338028169014,6.72,4.669218350002493,24,6.72,5.165423506354537,24,0,9,6.25,3.2691742076555053,1,71,0.4226190476190476,0.28,0.8452380952380952,1,213,258,10,True,2,1.2112676056338028,3,0,4,4,True
22,9,362,422,60,0.14218009478672985,16.454545454545453,2.01646118298353,21,16.454545454545453,2.104697618689132,21,0,4,2.4444444444444446,0.9558139185602919,2,179,0.494475138121547,0.7835497835497836,0.988950276243094,1,211,60,2,True,2,0.2843601895734597,0,0,9,1,False
13,5,104,130,26,0.2,8.0,2.0754980866510833,11,8.0,2.660248687044705,12,0,4,2.6,1.019803902718557,1,48,0.46153846153846156,0.6666666666666666,0.9230769230769231,1,65,26,0,False,1,0.4,0,0,5,8,False
8,7,52,54,2,0.037037037037037035,6.5,0.5,7,6.5,1.0,7,0,2,1.1428571428571428,0.34992710611188266,6,25,0.4807692307692308,0.9285714285714286,0.9615384615384616,1,27,2,0,False,1,0.07407407407407407,0,0,7,5,False
6,3,15,18,3,0.16666666666666666,2.5,1.118033988749895,5,2.5,1.8027756377319946,5,0,4,2.0,1.4142135623730951,2,6,0.4,0.5,0.8,1,9,3,0,False,1,0.3333333333333333,0,0,3,1,False
29,9,523,724,201,0.2776243093922652,18.03448275862069,5.665885563194864,28,18.03448275862069,5.6537003971502795,28,0,5,3.2222222222222223,1.617802197617893,2,259,0.49521988527724664,0.6440886699507389,0.9904397705544933,1,362,201,5,True,2,0.5552486187845304,0,0,9,2,False
16,9,211,222,11,0.04954954954954955,13.1875,1.6286017775994228,15,13.1875,1.6665364532466729,15,0,3,1.7777777777777777,0.7856742013183862,4,105,0.4976303317535545,0.8791666666666667,0.995260663507109,1,111,11,1,True,2,0.0990990990990991,0,0,9,1,False
12,6,83,108,25,0.23148148148148148,6.916666666666667,1.6562172428626492,11,6.916666666666667,3.377828033251874,11,0,5,2.0,1.4142135623730951,3,34,0.40963855421686746,0.6287878787878788,0.8192771084337349,1,54,25,1,True,2,0.46296296296296297,0,0,6,6,False
39,10,690,1352,662,0.4896449704142012,17.692307692307693,4.936280371425983,25,17.692307692307693,12.132080478048202,37,0,6,3.9,1.3,0,117,0.16956521739130434,0.46558704453441296,0.3391304347826087,2,676,662,97,True,3,0.9792899408284024,7,0,10,8,True
3,3,6,6,0,0.0,2.0,0.0,2,2.0,0.0,2,0,1,1.0,0.0,3,3,0.5,1.0,1.0,1,3,0,0,False,0,0.0,0,0,3,1,False
8,3,22,40,18,0.45,2.75,0.6614378277661477,4,2.75,1.8540496217739157,6,0,4,2.6666666666666665,0.9428090415820634,0,7,0.3181818181818182,0.39285714285714285,0.6363636363636364,1,20,18,5,True,3,0.9,0,0,3,2,False
7,3,20,32,12,0.375,2.857142857142857,1.124858267715973,5,2.857142857142857,0.6388765649999398,4,0,3,2.3333333333333335,0.4714045207910317,0,9,0.45,0.47619047619047616,0.9,1,16,12,0,False,1,0.75,0,0,3,3,False
14,8,152,164,12,0.07317073170731707,10.857142857142858,1.5971914124998499,13,10.857142857142858,1.5971914124998499,13,0,4,1.75,0.9682458365518543,4,76,0.5,0.8351648351648352,1.0,1,82,12,0,False,1,0.14634146341463414,0,0,8,1,False
20,9,253,332,79,0.23795180722891565,12.65,2.7069355367278325,17,12.65,5.543239125276845,19,0,6,2.2222222222222223,1.617802197617893,4,105,0.4150197628458498,0.6657894736842105,0.8300395256916996,1,166,79,4,True,2,0.4759036144578313,1,0,9,3,True
17,8,195,250,55,0.22,11.470588235294118,1.7529016971472164,14,11.470588235294118,3.08921553070609,16,0,3,2.125,0.5994789404140899,1,90,0.46153846153846156,0.7169117647058824,0.9230769230769231,1,125,55,2,True,2,0.44,0,0,8,4,False
36,7,401,1070,669,0.625233644859813,11.13888888888889,5.391107790600791,35,11.13888888888889,5.4219347601395835,35,0,8,5.142857142857143,2.415933503612538,1,198,0.4937655860349127,0.31825396825396823,0.9875311720698254,1,535,669,3,True,3,1.250467289719626,0,0,7,1,False
14,7,111,166,55,0.3313253012048193,7.928571428571429,1.6675167899898218,13,7.928571428571429,2.86516730287594,13,0,3,2.0,0.5345224838248488,1,43,0.38738738738738737,0.6098901098901099,0.7747747747747747,1,83,55,8,True,2,0.6626506024096386,0,0,7,8,False
5,5,20,20,0,0.0,4.0,0.0,4,4.0,0.0,4,0,1,1.0,0.0,5,10,0.5,1.0,1.0,1,10,0,0,False,0,0.0,0,0,5,2,False
12,7,88,122,34,0.2786885245901639,7.333333333333333,1.1055415967851332,9,7.333333333333333,2.9533408577782247,11,0,2,1.7142857142857142,0.45175395145262565,2,34,0.38636363636363635,0.6666666666666666,0.7727272727272727,1,61,34,4,True,2,0.5573770491803278,0,0,7,8,False
11,10,108,108,0,0.0,9.818181818181818,0.385694607919935,10,9.818181818181818,0.385694607919935,10,0,2,1.1,0.3,9,54,0.5,0.9818181818181818,1.0,1,54,0,0,False,0,0.0,0,0,10,4,False
3,3,6,6,0,0.0,2.0,0.0,2,2.0,0.0,2,0,1,1.0,0.0,3,3,0.5,1.0,1.0,1,3,0,0,False,0,0.0,0,0,3,3,False
14,8,128,162,34,0.20987654320987653,9.142857142857142,1.505093393264677,13,9.142857142857142,3.851848217917932,13,0,4,1.75,1.0897247358851685,5,55,0.4296875,0.7032967032967034,0.859375,1,81,34,0,False,1,0.41975308641975306,0,0,8,8,False
23,6,207,416,209,0.5024038461538461,9.0,2.7186953392806057,15,9.0,4.323846918418024,22,0,7,3.8333333333333335,2.034425935955617,1,93,0.4492753623188406,0.4090909090909091,0.8985507246376812,1,208,209,4,True,2,1.0048076923076923,0,0,6,6,False
16,5,91,196,105,0.5357142857142857,5.6875,1.7218721642444887,9,5.6875,4.026765916961153,15,0,5,3.2,1.32664991614216,1,26,0.2857142857142857,0.37916666666666665,0.5714285714285714,1,98,105,14,True,3,1.0714285714285714,0,0,5,7,False
16,10,186,222,36,0.16216216216216217,11.625,1.4947825928876748,15,11.625,4.090767042988393,15,0,4,1.6,0.9165151389911681,6,83,0.44623655913978494,0.775,0.8924731182795699,1,111,36,2,True,2,0.32432432432432434,0,0,10,4,False
4,4,12,12,0,0.0,3.0,0.0,3,3.0,0.0,3,0,1,1.0,0.0,4,6,0.5,1.0,1.0,1,6,0,0,False,0,0.0,0,0,4,8,False
10,4,46,66,20,0.30303030303030304,4.6,1.9595917942265424,9,4.6,2.576819745345025,9,0,4,2.5,1.5,2,17,0.3695652173913043,0.5111111111111111,0.7391304347826086,1,33,20,1,True,2,0.6060606060606061,0,0,4,4,False
16,10,207,226,19,0.084070796460177,12.9375,1.6758859597239903,15,12.9375,2.3040385738958453,15,0,3,1.6,0.66332495807108,5,97,0.46859903381642515,0.8625,0.9371980676328503,1,113,19,4,True,2,0.168141592920354,0,0,10,6,False
14,9,131,164,33,0.20121951219512196,9.357142857142858,1.3420210162897097,13,9.357142857142858,4.168026988827188,13,0,4,1.5555555555555556,1.0657403385139377,7,55,0.4198473282442748,0.7197802197802198,0.8396946564885496,1,82,33,2,True,2,0.4024390243902439,1,0,9,5,True
18,8,246,278,32,0.11510791366906475,13.666666666666666,0.7453559924999299,15,13.666666666666666,2.70801280154532,17,0,3,2.25,0.82915619758885,2,116,0.4715447154471545,0.803921568627451,0.943089430894309,1,139,32,0,False,1,0.2302158273381295,0,0,8,2,False
4,4,12,12,0,0.0,3.0,0.0,3,3.0,0.0,3,0,1,1.0,0.0,4,6,0.5,1.0,1.0,1,6,0,0,False,0,0.0,0,0,4,3,False
3,3,6,6,0,0.0,2.0,0.0,2,2.0,0.0,2,0,1,1.0,0.0,3,3,0.5,1.0,1.0,1,3,0,0,False,0,0.0,0,0,3,5,False
16,6,118,212,94,0.44339622641509435,7.375,2.8912583765550943,13,7.375,1.5761900266148114,10,0,3,2.6666666666666665,0.4714045207910317,0,48,0.4067796610169492,0.49166666666666664,0.8135593220338984,1,106,94,4,True,2,0.8867924528301887,0,0,6,4,False
11,10,108,108,0,0.0,9.818181818181818,0.385694607919935,10,9.818181818181818,0.385694607919935,10,0,2,1.1,0.3,9,54,0.5,0.9818181818181818,1.0,1,54,0,0,False,0,0.0,0,0,10,7,False
6,5,28,28,0,0.0,4.666666666666667,0.4714045207910317,5,4.666666666666667,0.4714045207910317,5,0,2,1.2,0.4,4,14,0.5,0.9333333333333333,1.0,1,14,0,0,False,0,0.0,0,0,5,7,False
14,5,88,134,46,0.34328358208955223,6.285714285714286,2.1189138534559038,10,6.285714285714286,3.5138211074996697,13,0,7,2.8,2.1354156504062622,1,37,0.42045454545454547,0.4835164835164835,0.8409090909090909,1,67,46,7,True,2,0.6865671641791045,0,0,5,5,False
14,5,84,156,72,0.46153846153846156,6.0,2.0,11,6.0,2.7516228977511745,10,0,3,2.8,0.39999999999999997,0,32,0.38095238095238093,0.46153846153846156,0.7619047619047619,1,78,72,11,True,3,0.9230769230769231,2,0,5,8,True
17,6,149,238,89,0.3739495798319328,8.764705882352942,1.7996539459739243,13,8.764705882352942,4.359295838505624,15,0,4,2.8333333333333335,0.6871842709362768,0,59,0.3959731543624161,0.5477941176470589,0.7919463087248322,1,119,89,10,True,3,0.7478991596638656,0,0,6,5,False
10,9,85,88,3,0.03409090909090909,8.5,0.5,9,8.5,1.2041594578792296,9,0,2,1.1111111111111112,0.3142696805273545,8,41,0.4823529411764706,0.9444444444444444,0.9647058823529412,1,44,3,0,False,1,0.06818181818181818,0,0,9,5,False
18,8,185,266,81,0.30451127819548873,10.277777777777779,1.4065543223524624,12,10.277777777777779,5.183366083021465,17,0,5,2.25,1.479019945774904,4,77,0.41621621621621624,0.6045751633986928,0.8324324324324325,1,133,81,0,False,1,0.6090225563909775,0,0,8,4,False
10,8,77,84,7,0.08333333333333333,7.7,0.9,9,7.7,2.1931712199461306,9,0,3,1.25,0.6614378277661477,7,35,0.45454545454545453,0.8555555555555555,0.9090909090909091,1,42,7,0,False,1,0.16666666666666666,0,0,8,6,False
15,6,144,180,36,0.2,9.6,1.8547236990991407,14,9.6,1.8547236990991407,14,0,4,2.5,1.118033988749895,1,72,0.5,0.6857142857142857,1.0,1,90,36,0,False,1,0.4,0,0,6,1,False
10,10,90,90,0,0.0,9.0,0.0,9,9.0,0.0,9,0,1,1.0,0.0,10,45,0.5,1.0,1.0,1,45,0,0,False,0,0.0,0,0,10,6,False
7,6,40,40,0,0.0,5.714285714285714,0.45175395145262565,6,5.714285714285714,0.45175395145262565,6,0,2,1.1666666666666667,0.37267799624996495,5,20,0.5,0.9523809523809523,1.0,1,20,0,0,False,0,0.0,0,0,6,7,False
6,6,30,30,0,0.0,5.0,0.0,5,5.0,0.0,5,0,1,1.0,0.0,6,15,0.5,1.0,1.0,1,15,0,0,False,0,0.0,0,0,6,6,False
13,3,36,112,76,0.6785714285714286,2.769230769230769,0.890448992522325,4,2.769230769230769,0.890448992522325,4,0,5,4.333333333333333,0.4714045207910317,0,18,0.5,0.23076923076923078,1.0,2,56,76,0,False,1,1.3571428571428572,0,0,3,2,False
13,9,129,144,15,0.10416666666666667,9.923076923076923,1.4390989949130546,12,9.923076923076923,2.8945981111118124,12,0,3,1.4444444444444444,0.8314794192830981,7,57,0.4418604651162791,0.8269230769230769,0.8837209302325582,1,72,15,2,True,2,0.20833333333333334,0,0,9,8,False
10,8,86,86,0,0.0,8.6,0.4898979485566356,9,8.6,0.4898979485566356,9,0,2,1.25,0.4330127018922193,6,43,0.5,0.9555555555555556,1.0,1,43,0,0,False,0,0.0,0,0,8,2,False
16,7,198,214,16,0.07476635514018691,12.375,1.996089927833914,15,12.375,1.996089927833914,15,0,4,2.2857142857142856,0.880630571852711,1,99,0.5,0.825,1.0,1,107,16,0,False,1,0.14953271028037382,0,0,7,1,False
14,10,153,174,21,0.1206896551724138,10.928571428571429,1.099628879881475,13,10.928571428571429,3.08137923001757,13,0,2,1.4,0.48989794855663565,6,68,0.4444444444444444,0.8406593406593407,0.8888888888888888,1,87,21,1,True,2,0.2413793103448276,0,0,10,8,False
3,3,6,6,0,0.0,2.0,0.0,2,2.0,0.0,2,0,1,1.0,0.0,3,3,0.5,1.0,1.0,1,3,0,0,False,0,0.0,0,0,3,1,False
18,3,51,216,165,0.7638888888888888,2.8333333333333335,0.8975274678557507,5,2.8333333333333335,1.3437096247164249,6,0,6,6.0,0.0,0,19,0.37254901960784315,0.16666666666666666,0.7450980392156863,4,108,165,9,True,2,1.5277777777777777,0,0,3,8,False
2,2,2,2,0,0.0,1.0,0.0,1,1.0,0.0,1,0,1,1.0,0.0,2,1,0.5,1.0,1.0,1,0,0,0,False,0,,0,0,2,3,False
5,4,17,18,1,0.05555555555555555,3.4,0.4898979485566356,4,3.4,0.8,4,0,2,1.25,0.4330127018922193,3,8,0.47058823529411764,0.85,0.9411764705882353,1,9,1,0,False,1,0.1111111111111111,0,0,4,4,False
15,10,191,198,7,0.03535353535353535,12.733333333333333,0.6798692684790381,14,12.733333333333333,1.5260697523012796,14,0,3,1.5,0.6708203932499369,6,92,0.4816753926701571,0.9095238095238095,0.9633507853403142,1,99,7,1,True,2,0.0707070707070707,0,0,10,7,False
11,8,94,104,10,0.09615384615384616,8.545454545454545,0.7820295697311479,10,8.545454545454545,1.827250112931071,10,0,2,1.375,0.4841229182759271,5,44,0.46808510638297873,0.8545454545454545,0.9361702127659575,1,52,10,0,False,1,0.19230769230769232,0,0,8,7,False
6,5,27,28,1,0.03571428571428571,4.5,0.5,5,4.5,0.7637626158259734,5,0,2,1.2,0.4,4,13,0.48148148148148145,0.9,0.9629629629629629,1,14,1,0,False,1,0.07142857142857142,0,0,5,3,False
9,7,65,68,3,0.04411764705882353,7.222222222222222,0.9162456945817024,8,7.222222222222222,1.0304020550550783,8,0,2,1.2857142857142858,0.45175395145262565,5,32,0.49230769230769234,0.9027777777777778,0.9846153846153847,1,34,3,1,True,2,0.08823529411764706,0,0,7,4,False
4,2,6,6,0,0.0,1.5,0.8660254037844386,3,1.5,0.8660254037844386,3,0,3,2.0,1.0,1,3,0.5,0.5,1.0,1,3,0,0,False,0,0.0,0,0,2,2,False
3,3,6,6,0,0.0,2.0,0.0,2,2.0,0.0,2,0,1,1.0,0.0,3,3,0.5,1.0,1.0,1,3,0,0,False,0,0.0,0,0,3,4,False
8,4,33,36,3,0.08333333333333333,4.125,1.4523687548277813,6,4.125,2.4206145913796355,7,0,5,2.0,1.7320508075688772,3,15,0.45454545454545453,0.5892857142857143,0.9090909090909091,1,18,3,0,False,1,0.16666666666666666,0,0,4,6,False
13,8,106,134,28,0.208955223880597,8.153846153846153,0.6617173282340483,9,8.153846153846153,4.9744911428383825,12,0,5,1.625,1.3169567191065923,6,39,0.36792452830188677,0.6794871794871795,0.7358490566037735,1,67,28,0,False,1,0.417910447761194,0,0,8,5,False
33,8,481,930,449,0.4827956989247312,14.575757575757576,4.341695682078138,27,14.575757575757576,4.677672971262417,27,0,7,4.125,1.6909686573085854,0,235,0.4885654885654886,0.45549242424242425,0.9771309771309772,1,465,449,7,True,2,0.9655913978494624,0,0,8,1,False
16,10,206,226,20,0.08849557522123894,12.875,0.7806247497997998,14,12.875,3.276335605520289,15,0,3,1.6,0.66332495807108,5,94,0.4563106796116505,0.8583333333333333,0.912621359223301,1,113,20,2,True,2,0.17699115044247787,0,0,10,7,False
7,6,39,40,1,0.025,5.571428571428571,0.4948716593053935,6,5.571428571428571,0.7284313590846835,6,0,2,1.1666666666666667,0.3726779962499649,5,19,0.48717948717948717,0.9285714285714286,0.9743589743589743,1,20,1,0,False,1,0.05,0,0,6,6,False
19,8,212,314,102,0.3248407643312102,11.157894736842104,3.0653094270654813,17,11.157894736842104,3.2648552461622784,17,0,3,2.375,0.4841229182759271,0,93,0.4386792452830189,0.6198830409356725,0.8773584905660378,1,157,102,10,True,2,0.6496815286624203,0,0,8,6,False
17,8,167,250,83,0.332,9.823529411764707,2.4067379465269156,16,9.823529411764707,4.877744103912443,16,0,3,2.125,0.5994789404140899,1,64,0.38323353293413176,0.6139705882352942,0.7664670658682635,1,125,83,18,True,2,0.664,0,0,8,7,False
11,6,77,94,17,0.18085106382978725,7.0,2.174229226018436,10,7.0,2.04494943258218,10,0,4,1.8333333333333333,1.0671873729054748,3,38,0.4935064935064935,0.7,0.987012987012987,1,47,17,0,False,1,0.3617021276595745,0,0,6,7,False
19,5,124,288,164,0.5694444444444444,6.526315789473684,1.601592005758204,9,6.526315789473684,2.5622445146606494,12,0,4,3.8,0.39999999999999997,0,45,0.3629032258064516,0.36257309941520466,0.7258064516129032,1,144,164,10,True,2,1.1388888888888888,1,0,5,7,True
19,10,264,314,50,0.1592356687898089,13.894736842105264,2.0999934045536843,17,13.894736842105264,4.60999756641225,18,0,4,1.9,1.044030650891055,5,107,0.4053030303030303,0.7719298245614035,0.8106060606060606,1,157,50,6,True,2,0.3184713375796178,0,0,10,4,False
9,8,69,70,1,0.014285714285714285,7.666666666666667,0.4714045207910317,8,7.666666666666667,0.6666666666666666,8,0,2,1.125,0.33071891388307384,7,34,0.4927536231884058,0.9583333333333334,0.9855072463768116,1,35,1,0,False,1,0.02857142857142857,0,0,8,4,False
16,9,171,214,43,0.20093457943925233,10.6875,2.0223362109204297,15,10.6875,4.282504378281475,15,0,4,1.7777777777777777,1.227262335243029,6,76,0.4444444444444444,0.7125,0.8888888888888888,1,107,43,0,False,1,0.40186915887850466,0,0,9,4,False
3,3,6,6,0,0.0,2.0,0.0,2,2.0,0.0,2,0,1,1.0,0.0,3,3,0.5,1.0,1.0,1,3,0,0,False,0,0.0,0,0,3,2,False
23,9,250,462,212,0.4588744588744589,10.869565217391305,2.192960037029303,20,10.869565217391305,2.5927046114566212,22,0,4,2.5555555555555554,0.9558139185602919,1,124,0.496,0.49407114624505927,0.992,1,231,212,0,False,1,0.9177489177489178,0,0,9,2,False
16,5,129,200,71,0.355,8.0625,2.1928505991061042,12,8.0625,3.0097497819586265,13,0,5,3.2,0.9797958971132712,0,59,0.4573643410852713,0.5375,0.9147286821705426,1,100,71,8,True,3,0.71,1,0,5,8,True
7,4,25,34,9,0.2647058823529412,3.5714285714285716,1.049781318335648,6,3.5714285714285716,1.761261143705422,6,0,3,1.75,0.82915619758885,2,10,0.4,0.5952380952380952,0.8,1,17,9,1,True,2,0.5294117647058824,0,0,4,7,False
18,9,233,268,35,0.13059701492537312,12.944444444444445,2.3207331749117137,16,12.944444444444445,3.423322334000866,17,0,6,2.0,1.4907119849998598,4,102,0.43776824034334766,0.761437908496732,0.8755364806866953,1,134,35,3,True,2,0.26119402985074625,0,0,9,7,False
26,9,320,588,268,0.4557823129251701,12.307692307692308,2.7563804411029103,16,12.307692307692308,4.294623031448571,17,0,5,2.888888888888889,1.1967032904743342,0,149,0.465625,0.49230769230769234,0.93125,2,294,268,18,True,3,0.9115646258503401,2,0,9,3,True
4,2,4,6,2,0.3333333333333333,1.0,0.0,1,1.0,1.224744871391589,3,0,3,2.0,1.0,1,1,0.25,0.3333333333333333,0.5,1,3,2,0,False,1,0.6666666666666666,0,0,2,4,False
11,8,102,104,2,0.019230769230769232,9.272727272727273,0.4453617714151233,10,9.272727272727273,0.8624393618641034,10,0,2,1.375,0.4841229182759271,5,50,0.49019607843137253,0.9272727272727272,0.9803921568627451,1,52,2,0,False,1,0.038461538461538464,0,0,8,7,False
3,3,6,6,0,0.0,2.0,0.0,2,2.0,0.0,2,0,1,1.0,0.0,3,3,0.5,1.0,1.0,1,3,0,0,False,0,0.0,0,0,3,1,False
10,3,26,62,36,0.5806451612903226,2.6,1.2806248474865698,6,2.6,1.2806248474865698,6,0,5,3.3333333333333335,1.247219128924647,0,13,0.5,0.28888888888888886,1.0,2,31,36,0,False,1,1.1612903225806452,0,0,3,3,False
13,6,110,138,28,0.2028985507246377,8.461538461538462,1.692307692307692,12,8.461538461538462,1.692307692307692,12,0,3,2.1666666666666665,0.6871842709362768,1,55,0.5,0.7051282051282052,1.0,1,69,28,0,False,1,0.4057971014492754,0,0,6,1,False
6,5,26,28,2,0.07142857142857142,4.333333333333333,0.4714045207910317,5,4.333333333333333,1.1055415967851332,5,0,2,1.2,0.4,4,12,0.46153846153846156,0.8666666666666667,0.9230769230769231,1,14,2,0,False,1,0.14285714285714285,0,0,5,4,False
30,6,254,750,496,0.6613333333333333,8.466666666666667,3.0739045022396008,14,8.466666666666667,2.906697247545552,13,0,5,5.0,0.0,0,126,0.49606299212598426,0.29195402298850576,0.9921259842519685,2,375,496,0,False,1,1.3226666666666667,0,0,6,2,False
22,10,346,434,88,0.20276497695852536,15.727272727272727,1.8136306675690912,19,15.727272727272727,3.9563736630888986,20,0,3,2.2,0.39999999999999997,0,151,0.43641618497109824,0.7489177489177489,0.8728323699421965,1,217,88,8,True,2,0.4055299539170507,0,0,10,5,False
14,10,172,172,0,0.0,12.285714285714286,0.7953949089757175,13,12.285714285714286,0.7953949089757175,13,0,3,1.4,0.66332495807108,7,86,0.5,0.945054945054945,1.0,1,86,0,0,False,0,0.0,0,0,10,2,False
10,3,46,66,20,0.30303030303030304,4.6,0.4898979485566356,5,4.6,1.8547236990991407,6,0,4,3.3333333333333335,0.4714045207910317,0,19,0.41304347826086957,0.5111111111111111,0.8260869565217391,1,33,20,0,False,1,0.6060606060606061,0,0,3,1,False
8,4,38,48,10,0.20833333333333334,4.75,0.82915619758885,6,4.75,0.9682458365518543,6,0,2,2.0,0.0,0,18,0.47368421052631576,0.6785714285714286,0.9473684210526315,1,24,10,0,False,1,0.4166666666666667,0,0,4,1,False
10,10,90,90,0,0.0,9.0,0.0,9,9.0,0.0,9,0,1,1.0,0.0,10,45,0.5,1.0,1.0,1,45,0,0,False,0,0.0,0,0,10,7,False
8,5,44,50,6,0.12,5.5,0.8660254037844386,7,5.5,1.118033988749895,7,0,2,1.6,0.4898979485566356,2,19,0.4318181818181818,0.7857142857142857,0.8636363636363636,1,25,6,2,True,2,0.24,0,0,5,5,False
15,5,102,160,58,0.3625,6.8,1.2220201853215573,9,6.8,4.888080741286229,13,0,7,3.0,2.0,0,23,0.22549019607843138,0.4857142857142857,0.45098039215686275,1,80,58,7,True,2,0.725,0,0,5,2,False
5,3,15,16,1,0.0625,3.0,0.0,3,3.0,0.6324555320336759,4,0,2,1.6666666666666667,0.4714045207910317,1,7,0.4666666666666667,0.75,0.9333333333333333,1,8,1,0,False,1,0.125,0,0,3,8,False
3,3,6,6,0,0.0,2.0,0.0,2,2.0,0.0,2,0,1,1.0,0.0,3,3,0.5,1.0,1.0,1,3,0,0,False,0,0.0,0,0,3,5,False
12,3,37,94,57,0.6063829787234043,3.0833333333333335,1.1873172373979173,5,3.0833333333333335,1.846543317180028,7,0,5,4.0,0.816496580927726,0,12,0.32432432432432434,0.2803030303030303,0.6486486486486487,2,47,57,7,True,2,1.2127659574468086,0,0,3,2,False
9,6,58,66,8,0.12121212121212122,6.444444444444445,0.49690399499995325,7,6.444444444444445,2.3622546250521443,8,0,2,1.5,0.5,3,26,0.4482758620689655,0.8055555555555556,0.896551724137931,1,33,8,1,True,2,0.24242424242424243,0,0,6,6,False
19,8,191,314,123,0.39171974522292996,10.052631578947368,2.5230241714119757,17,10.052631578947368,2.8186163871570282,16,0,3,2.375,0.4841229182759271,0,89,0.46596858638743455,0.5584795321637427,0.9319371727748691,1,157,123,6,True,2,0.7834394904458599,0,0,8,5,False
6,6,30,30,0,0.0,5.0,0.0,5,5.0,0.0,5,0,1,1.0,0.0,6,15,0.5,1.0,1.0,1,15,0,0,False,0,0.0,0,0,6,2,False
12,6,98,116,18,0.15517241379310345,8.166666666666666,1.818118685772619,11,8.166666666666666,2.576604138956718,11,0,3,2.0,0.816496580927726,2,40,0.40816326530612246,0.7424242424242424,0.8163265306122449,1,58,18,4,True,2,0.3103448275862069,0,0,6,3,False
2,2,2,2,0,0.0,1.0,0.0,1,1.0,0.0,1,0,1,1.0,0.0,2,1,0.5,1.0,1.0,1,0,0,0,False,0,,0,0,2,2,False
15,7,136,176,40,0.22727272727272727,9.066666666666666,3.2138588781850532,14,9.066666666666666,3.7321426672742413,14,0,5,2.142857142857143,1.5518257844571737,4,59,0.4338235294117647,0.6476190476190476,0.8676470588235294,1,88,40,9,True,3,0.45454545454545453,0,0,7,1,False
9,8,70,70,0,0.0,7.777777777777778,0.41573970964154905,8,7.777777777777778,0.41573970964154905,8,0,2,1.125,0.33071891388307384,7,35,0.5,0.9722222222222222,1.0,1,35,0,0,False,0,0.0,0,0,8,3,False
11,7,78,102,24,0.23529411764705882,7.090909090909091,1.6211413181933643,10,7.090909090909091,2.3141676475196102,10,0,2,1.5714285714285714,0.4948716593053935,3,33,0.4230769230769231,0.7090909090909091,0.8461538461538461,1,51,24,3,True,2,0.47058823529411764,0,0,7,3,False
3,3,6,6,0,0.0,2.0,0.0,2,2.0,0.0,2,0,1,1.0,0.0,3,3,0.5,1.0,1.0,1,3,0,0,False,0,0.0,0,0,3,1,False
11,7,76,98,22,0.22448979591836735,6.909090909090909,0.9958591954639383,8,6.909090909090909,3.3153786416019035,10,0,3,1.5714285714285714,0.9035079029052514,5,33,0.4342105263157895,0.6909090909090909,0.868421052631579,2,49,22,0,False,1,0.4489795918367347,0,0,7,5,False
8,8,56,56,0,0.0,7.0,0.0,7,7.0,0.0,7,0,1,1.0,0.0,8,28,0.5,1.0,1.0,1,28,0,0,False,0,0.0,0,0,8,7,False
30,9,484,786,302,0.3842239185750636,16.133333333333333,4.828618389928485,29,16.133333333333333,6.162971866090435,29,0,5,3.3333333333333335,1.247219128924647,1,218,0.45041322314049587,0.5563218390804597,0.9008264462809917,1,393,302,21,True,3,0.7684478371501272,6,0,9,6,True
16,8,137,220,83,0.37727272727272726,8.5625,2.207055447876197,15,8.5625,2.621277121938846,15,0,3,2.0,0.7071067811865476,2,62,0.45255474452554745,0.5708333333333333,0.9051094890510949,1,110,83,1,True,2,0.7545454545454545,0,0,8,7,False
8,6,43,50,7,0.14,5.375,0.4841229182759271,6,5.375,2.4462982238476156,7,0,3,1.3333333333333333,0.74535599249993,5,18,0.4186046511627907,0.7678571428571429,0.8372093023255814,1,25,7,0,False,1,0.28,0,0,6,5,False
10,10,90,90,0,0.0,9.0,0.0,9,9.0,0.0,9,0,1,1.0,0.0,10,45,0.5,1.0,1.0,1,45,0,0,False,0,0.0,0,0,10,8,False
22,9,335,422,87,0.20616113744075829,15.227272727272727,2.7786821301050773,20,15.227272727272727,4.481596896620852,21,0,4,2.4444444444444446,0.9558139185602919,1,148,0.4417910447761194,0.7251082251082251,0.8835820895522388,1,211,87,2,True,2,0.41232227488151657,0,0,9,7,False
8,4,40,48,8,0.16666666666666666,5.0,0.7071067811865476,6,5.0,1.224744871391589,6,0,2,2.0,0.0,0,18,0.45,0.7142857142857143,0.9,1,24,8,0,False,1,0.3333333333333333,0,0,4,3,False
18,9,222,278,56,0.2014388489208633,12.333333333333334,2.4267032964268394,16,12.333333333333334,4.558264777059113,17,0,4,2.0,1.0540925533894598,4,92,0.4144144144144144,0.7254901960784313,0.8288288288288288,1,139,56,5,True,2,0.4028776978417266,0,0,9,6,False
2,2,2,2,0,0.0,1.0,0.0,1,1.0,0.0,1,0,1,1.0,0.0,2,1,0.5,1.0,1.0,1,0,0,0,False,0,,0,0,2,5,False
2,2,2,2,0,0.0,1.0,0.0,1,1.0,0.0,1,0,1,1.0,0.0,2,1,0.5,1.0,1.0,1,0,0,0,False,0,,0,0,2,6,False
8,6,50,50,0,0.0,6.25,0.9682458365518543,7,6.25,0.9682458365518543,7,0,3,1.3333333333333333,0.74535599249993,5,25,0.5,0.8928571428571429,1.0,1,25,0,0,False,0,0.0,0,0,6,2,False
17,10,243,258,15,0.05813953488372093,14.294117647058824,1.2254509797646858,16,14.294117647058824,1.3618631650341442,16,0,2,1.7,0.45825756949558394,3,120,0.49382716049382713,0.8933823529411765,0.9876543209876543,1,129,15,1,True,2,0.11627906976744186,0,0,10,1,False
4,2,5,8,3,0.375,1.25,0.4330127018922193,2,1.25,0.82915619758885,2,0,2,2.0,0.0,0,1,0.2,0.4166666666666667,0.4,1,4,3,1,True,2,0.75,0,0,2,3,False
12,6,82,112,30,0.26785714285714285,6.833333333333333,2.544056253745625,11,6.833333333333333,2.544056253745625,11,0,4,2.0,1.1547005383792515,3,41,0.5,0.6212121212121212,1.0,1,56,30,0,False,1,0.5357142857142857,0,0,6,6,False
17,9,203,242,39,0.16115702479338842,11.941176470588236,1.5518712892085786,16,11.941176470588236,4.207424645234744,16,0,4,1.8888888888888888,1.286204100310025,6,88,0.43349753694581283,0.7463235294117647,0.8669950738916257,1,121,39,0,False,1,0.32231404958677684,0,0,9,7,False
13,7,99,136,37,0.27205882352941174,7.615384615384615,1.9821690348807885,11,7.615384615384615,3.8137093096124737,12,0,4,1.8571428571428572,1.124858267715973,4,37,0.37373737373737376,0.6346153846153846,0.7474747474747475,1,68,37,2,True,2,0.5441176470588235,0,0,7,8,False
4,2,5,8,3,0.375,1.25,0.4330127018922193,2,1.25,0.82915619758885,2,0,2,2.0,0.0,0,1,0.2,0.4166666666666667,0.4,1,4,3,1,True,2,0.75,0,0,2,6,False
18,4,66,242,176,0.7272727272727273,3.6666666666666665,0.9428090415820634,6,3.6666666666666665,0.9428090415820634,6,0,5,4.5,0.5,0,33,0.5,0.21568627450980393,1.0,3,121,176,0,False,1,1.4545454545454546,0,0,4,1,False
2,2,2,2,0,0.0,1.0,0.0,1,1.0,0.0,1,0,1,1.0,0.0,2,1,0.5,1.0,1.0,1,0,0,0,False,0,,0,0,2,5,False
17,8,160,248,88,0.3548387096774194,9.411764705882353,2.8087850320737227,16,9.411764705882353,4.088129495033895,16,0,3,2.125,0.7806247497997998,2,63,0.39375,0.5882352941176471,0.7875,1,124,88,20,True,3,0.7096774193548387,0,0,8,8,False
16,10,202,226,24,0.10619469026548672,12.625,0.9921567416492215,15,12.625,1.899835519196333,15,0,3,1.6,0.66332495807108,5,98,0.48514851485148514,0.8416666666666667,0.9702970297029703,1,113,24,0,False,1,0.21238938053097345,0,0,10,2,False
15,7,136,186,50,0.26881720430107525,9.066666666666666,1.9821424996424675,14,9.066666666666666,4.493946545694058,14,0,4,2.142857142857143,0.9897433186107869,2,49,0.3602941176470588,0.6476190476190476,0.7205882352941176,1,93,50,13,True,2,0.5376344086021505,0,0,7,4,False
15,8,139,192,53,0.2760416666666667,9.266666666666667,2.0483055327649624,12,9.266666666666667,3.696244340167763,14,0,3,1.875,0.7806247497997998,3,63,0.45323741007194246,0.6619047619047619,0.9064748201438849,1,96,53,4,True,2,0.5520833333333334,0,0,8,5,False
11,4,53,88,35,0.3977272727272727,4.818181818181818,0.9359663764533637,6,4.818181818181818,1.7486712783337586,7,0,4,2.75,0.82915619758885,0,24,0.4528301886792453,0.4818181818181818,0.9056603773584906,1,44,35,3,True,2,0.7954545454545454,0,0,4,4,False
6,2,14,16,2,0.125,2.3333333333333335,0.4714045207910317,3,2.3333333333333335,1.3743685418725535,4,0,4,3.0,1.0,0,6,0.42857142857142855,0.4666666666666667,0.8571428571428571,1,8,2,0,False,1,0.25,0,0,2,5,False
5,3,10,14,4,0.2857142857142857,2.0,0.0,2,2.0,1.7888543819998317,4,0,3,1.6666666666666667,0.9428090415820634,2,3,0.3,0.5,0.6,1,7,4,0,False,1,0.5714285714285714,0,0,3,6,False
6,2,7,18,11,0.6111111111111112,1.1666666666666667,0.3726779962499649,2,1.1666666666666667,0.6871842709362768,2,0,3,3.0,0.0,0,3,0.42857142857142855,0.23333333333333334,0.8571428571428571,2,9,11,1,True,2,1.2222222222222223,0,0,2,3,False
10,5,54,76,22,0.2894736842105263,5.4,1.9078784028338915,9,5.4,1.9078784028338915,9,0,3,2.0,0.8944271909999159,2,27,0.5,0.6,1.0,1,38,22,0,False,1,0.5789473684210527,0,0,5,4,False
11,7,92,100,8,0.08,8.363636363636363,1.2984415324623362,10,8.363636363636363,1.4937887931959075,10,0,3,1.5714285714285714,0.7284313590846836,4,44,0.4782608695652174,0.8363636363636363,0.9565217391304348,1,50,8,1,True,2,0.16,0,0,7,3,False
4,4,12,12,0,0.0,3.0,0.0,3,3.0,0.0,3,0,1,1.0,0.0,4,6,0.5,1.0,1.0,1,6,0,0,False,0,0.0,0,0,4,7,False
10,8,82,84,2,0.023809523809523808,8.2,0.9797958971132712,9,8.2,1.2489995996796797,9,0,3,1.25,0.6614378277661477,7,40,0.4878048780487805,0.9111111111111111,0.975609756097561,1,42,2,0,False,1,0.047619047619047616,0,0,8,8,False
30,4,252,662,410,0.6193353474320241,8.4,4.062839729384691,18,8.4,6.5503180584355345,22,0,10,7.5,1.8027756377319946,0,38,0.15079365079365079,0.2896551724137931,0.30158730158730157,4,331,410,46,True,3,1.2386706948640482,14,0,4,6,True
5,4,18,18,0,0.0,3.6,0.4898979485566356,4,3.6,0.4898979485566356,4,0,2,1.25,0.4330127018922193,3,9,0.5,0.9,1.0,1,9,0,0,False,0,0.0,0,0,4,3,False
8,5,37,50,13,0.26,4.625,0.9921567416492215,7,4.625,1.9324531042175384,7,0,2,1.6,0.4898979485566356,2,14,0.3783783783783784,0.6607142857142857,0.7567567567567568,1,25,13,2,True,2,0.52,0,0,5,4,False
4,2,5,8,3,0.375,1.25,0.4330127018922193,2,1.25,0.4330127018922193,2,0,2,2.0,0.0,0,2,0.4,0.4166666666666667,0.8,2,4,3,0,False,1,0.75,0,0,2,1,False
5,4,17,18,1,0.05555555555555555,3.4,0.4898979485566356,4,3.4,0.8,4,0,2,1.25,0.4330127018922193,3,8,0.47058823529411764,0.85,0.9411764705882353,1,9,1,0,False,1,0.1111111111111111,0,0,4,6,False
17,7,196,244,48,0.19672131147540983,11.529411764705882,1.5762071772910897,14,11.529411764705882,2.659448130695839,16,0,3,2.4285714285714284,0.7284313590846836,1,86,0.4387755102040816,0.7205882352941176,0.8775510204081632,1,122,48,2,True,2,0.39344262295081966,0,0,7,5,False
14,3,43,130,87,0.6692307692307692,3.0714285714285716,1.4374722712498649,7,3.0714285714285716,1.533636468113135,5,0,5,4.666666666666667,0.4714045207910317,0,16,0.37209302325581395,0.23626373626373626,0.7441860465116279,2,65,87,4,True,2,1.3384615384615384,0,0,3,7,False
9,3,45,54,9,0.16666666666666666,5.0,0.9428090415820634,6,5.0,0.9428090415820634,6,0,3,3.0,0.0,0,18,0.4,0.625,0.8,1,27,9,2,True,2,0.3333333333333333,0,0,3,5,False
8,8,56,56,0,0.0,7.0,0.0,7,7.0,0.0,7,0,1,1.0,0.0,8,28,0.5,1.0,1.0,1,28,0,0,False,0,0.0,0,0,8,6,False
7,3,20,30,10,0.3333333333333333,2.857142857142857,0.6388765649999399,4,2.857142857142857,1.8844151368961313,6,0,3,2.3333333333333335,0.9428090415820634,1,5,0.25,0.47619047619047616,0.5,1,15,10,2,True,2,0.6666666666666666,0,0,3,6,False
8,8,56,56,0,0.0,7.0,0.0,7,7.0,0.0,7,0,1,1.0,0.0,8,28,0.5,1.0,1.0,1,28,0,0,False,0,0.0,0,0,8,8,False
17,10,207,256,49,0.19140625,12.176470588235293,0.9226110083151837,14,12.176470588235293,5.5965881845959045,16,0,3,1.7,0.6403124237432849,4,82,0.3961352657004831,0.7610294117647058,0.7922705314009661,1,128,49,3,True,2,0.3828125,0,0,10,6,False
7,3,20,32,12,0.375,2.857142857142857,0.8329931278350429,4,2.857142857142857,1.355261854357877,5,0,3,2.3333333333333335,0.4714045207910317,0,7,0.35,0.47619047619047616,0.7,1,16,12,2,True,2,0.75,0,0,3,5,False
5,5,20,20,0,0.0,4.0,0.0,4,4.0,0.0,4,0,1,1.0,0.0,5,10,0.5,1.0,1.0,1,10,0,0,False,0,0.0,0,0,5,3,False
8,8,56,56,0,0.0,7.0,0.0,7,7.0,0.0,7,0,1,1.0,0.0,8,28,0.5,1.0,1.0,1,28,0,0,False,0,0.0,0,0,8,6,False
3,3,6,6,0,0.0,2.0,0.0,2,2.0,0.0,2,0,1,1.0,0.0,3,3,0.5,1.0,1.0,1,3,0,0,False,0,0.0,0,0,3,8,False
7,7,42,42,0,0.0,6.0,0.0,6,6.0,0.0,6,0,1,1.0,0.0,7,21,0.5,1.0,1.0,1,21,0,0,False,0,0.0,0,0,7,3,False
12,9,122,126,4,0.031746031746031744,10.166666666666666,0.8975274678557505,11,10.166666666666666,0.8975274678557505,11,0,2,1.3333333333333333,0.4714045207910317,6,61,0.5,0.9242424242424242,1.0,1,63,4,0,False,1,0.06349206349206349,0,0,9,4,False
18,7,151,274,123,0.4489051094890511,8.38888888888889,2.163815788238938,16,8.38888888888889,1.8897057057438833,14,0,4,2.5714285714285716,0.7284313590846836,0,74,0.4900662251655629,0.4934640522875817,0.9801324503311258,1,137,123,1,True,2,0.8978102189781022,0,0,7,4,False
8,8,56,56,0,0.0,7.0,0.0,7,7.0,0.0,7,0,1,1.0,0.0,8,28,0.5,1.0,1.0,1,28,0,0,False,0,0.0,0,0,8,5,False
18,6,137,258,121,0.4689922480620155,7.611111111111111,2.690288891734056,13,7.611111111111111,3.5140810224152155,17,0,5,3.0,1.4142135623730951,1,60,0.43795620437956206,0.4477124183006536,0.8759124087591241,1,129,121,3,True,2,0.937984496124031,0,0,6,6,False
7,7,42,42,0,0.0,6.0,0.0,6,6.0,0.0,6,0,1,1.0,0.0,7,21,0.5,1.0,1.0,1,21,0,0,False,0,0.0,0,0,7,7,False
8,5,46,48,2,0.041666666666666664,5.75,0.6614378277661477,7,5.75,1.299038105676658,7,0,3,1.6,0.8,3,22,0.4782608695652174,0.8214285714285714,0.9565217391304348,1,24,2,0,False,1,0.08333333333333333,0,0,5,6,False
9,8,66,70,4,0.05714285714285714,7.333333333333333,0.4714045207910317,8,7.333333333333333,1.5634719199411433,8,0,2,1.125,0.33071891388307384,7,31,0.4696969696969697,0.9166666666666666,0.9393939393939394,1,35,4,0,False,1,0.11428571428571428,0,0,8,6,False
3,2,4,4,0,0.0,1.3333333333333333,0.4714045207910317,2,1.3333333333333333,0.4714045207910317,2,0,2,1.5,0.5,1,2,0.5,0.6666666666666666,1.0,1,2,0,0,False,0,0.0,0,0,2,5,False
2,2,2,2,0,0.0,1.0,0.0,1,1.0,0.0,1,0,1,1.0,0.0,2,1,0.5,1.0,1.0,1,0,0,0,False,0,,0,0,2,8,False
6,6,30,30,0,0.0,5.0,0.0,5,5.0,0.0,5,0,1,1.0,0.0,6,15,0.5,1.0,1.0,1,15,0,0,False,0,0.0,0,0,6,6,False
5,4,18,18,0,0.0,3.6,0.4898979485566356,4,3.6,0.4898979485566356,4,0,2,1.25,0.4330127018922193,3,9,0.5,0.9,1.0,1,9,0,0,False,0,0.0,0,0,4,7,False
9,8,65,70,5,0.07142857142857142,7.222222222222222,0.41573970964154905,8,7.222222222222222,1.4740554623801776,8,0,2,1.125,0.33071891388307384,7,30,0.46153846153846156,0.9027777777777778,0.9230769230769231,1,35,5,0,False,1,0.14285714285714285,0,0,8,5,False
15,10,179,198,19,0.09595959595959595,11.933333333333334,1.4817407180595248,14,11.933333333333334,2.3795424396766327,14,0,3,1.5,0.6708203932499369,6,86,0.48044692737430167,0.8523809523809524,0.9608938547486033,1,99,19,0,False,1,0.1919191919191919,0,0,10,3,False
16,5,86,186,100,0.5376344086021505,5.375,1.996089927833914,10,5.375,3.998046397929869,15,0,6,3.2,1.9390719429665317,2,31,0.36046511627906974,0.35833333333333334,0.7209302325581395,1,93,100,6,True,3,1.075268817204301,0,0,5,7,False
4,2,4,8,4,0.5,1.0,0.0,1,1.0,0.0,1,0,2,2.0,0.0,0,2,0.5,0.3333333333333333,1.0,2,4,4,0,False,1,1.0,0,0,2,2,False
5,3,15,16,1,0.0625,3.0,0.0,3,3.0,0.6324555320336759,4,0,2,1.6666666666666667,0.4714045207910317,1,7,0.4666666666666667,0.75,0.9333333333333333,1,8,1,0,False,1,0.125,0,0,3,4,False
9,8,68,70,2,0.02857142857142857,7.555555555555555,0.49690399499995325,8,7.555555555555555,0.9558139185602919,8,0,2,1.125,0.33071891388307384,7,33,0.4852941176470588,0.9444444444444444,0.9705882352941176,1,35,2,0,False,1,0.05714285714285714,0,0,8,2,False
20,10,234,344,110,0.31976744186046513,11.7,2.551470164434615,19,11.7,6.768308503607087,19,0,4,2.0,1.2649110640673518,6,80,0.3418803418803419,0.6157894736842106,0.6837606837606838,1,172,110,8,True,2,0.6395348837209303,0,0,10,1,False
23,10,275,474,199,0.41983122362869196,11.956521739130435,3.042857079464816,21,11.956521739130435,3.0713013934694544,21,0,3,2.3,0.45825756949558405,0,136,0.49454545454545457,0.5434782608695652,0.9890909090909091,1,237,199,2,True,2,0.8396624472573839,0,0,10,1,False
5,3,14,14,0,0.0,2.8,0.9797958971132712,4,2.8,0.9797958971132712,4,0,3,1.6666666666666667,0.9428090415820634,2,7,0.5,0.7,1.0,1,7,0,0,False,0,0.0,0,0,3,1,False
8,6,51,52,1,0.019230769230769232,6.375,0.4841229182759271,7,6.375,0.6959705453537527,7,0,2,1.3333333333333333,0.4714045207910317,4,25,0.49019607843137253,0.9107142857142857,0.9803921568627451,1,26,1,0,False,1,0.038461538461538464,0,0,6,4,False
8,5,37,50,13,0.26,4.625,0.4841229182759271,5,4.625,2.2325713874364688,7,0,2,1.6,0.4898979485566356,2,14,0.3783783783783784,0.6607142857142857,0.7567567567567568,2,25,13,1,True,2,0.52,0,0,5,6,False
3,2,3,4,1,0.25,1.0,0.0,1,1.0,0.816496580927726,2,0,2,1.5,0.5,1,1,0.3333333333333333,0.5,0.6666666666666666,1,2,1,0,False,1,0.5,0,0,2,4,False
15,8,126,192,66,0.34375,8.4,1.8547236990991407,12,8.4,4.317406628984581,14,0,3,1.875,0.7806247497997998,3,45,0.35714285714285715,0.6,0.7142857142857143,1,96,66,4,True,2,0.6875,0,0,8,5,False
12,4,59,92,33,0.358695652173913,4.916666666666667,1.9346977943739834,9,4.916666666666667,3.4990077958695025,11,0,5,3.0,2.0,2,13,0.22033898305084745,0.44696969696969696,0.4406779661016949,1,46,33,5,True,3,0.717391304347826,0,0,4,8,False
10,8,78,86,8,0.09302325581395349,7.8,0.7483314773547882,9,7.8,1.8867962264113207,9,0,2,1.25,0.4330127018922193,6,36,0.46153846153846156,0.8666666666666667,0.9230769230769231,1,43,8,1,True,2,0.18604651162790697,0,0,8,7,False
10,9,88,88,0,0.0,8.8,0.4,9,8.8,0.4,9,0,2,1.1111111111111112,0.3142696805273545,8,44,0.5,0.9777777777777777,1.0,1,44,0,0,False,0,0.0,0,0,9,1,False
12,7,72,102,30,0.29411764705882354,6.0,0.0,6,6.0,5.244044240850758,11,0,6,1.7142857142857142,1.749635530559413,6,21,0.2916666666666667,0.5454545454545454,0.5833333333333334,1,51,30,0,False,1,0.5882352941176471,0,0,7,4,False
14,7,132,168,36,0.21428571428571427,9.428571428571429,1.2936264483053455,11,9.428571428571429,2.6916348116309674,12,0,2,2.0,0.0,0,59,0.44696969696969696,0.7252747252747253,0.8939393939393939,1,84,36,4,True,2,0.42857142857142855,0,0,7,7,False
11,4,60,90,30,0.3333333333333333,5.454545454545454,1.4373989364401722,8,5.454545454545454,2.606412943060264,9,0,3,2.75,0.4330127018922193,0,25,0.4166666666666667,0.5454545454545454,0.8333333333333334,1,45,30,7,True,2,0.6666666666666666,0,0,4,7,False
14,8,126,168,42,0.25,9.0,1.6903085094570331,13,9.0,4.2594432902501635,13,0,3,1.75,0.6614378277661477,3,44,0.3492063492063492,0.6923076923076923,0.6984126984126984,1,84,42,4,True,2,0.5,0,0,8,8,False
16,10,194,222,28,0.12612612612612611,12.125,1.165922381636102,15,12.125,4.456385867493972,15,0,4,1.6,0.9165151389911679,6,83,0.42783505154639173,0.8083333333333333,0.8556701030927835,1,111,28,1,True,2,0.25225225225225223,0,0,10,4,False
20,10,289,352,63,0.17897727272727273,14.45,1.3955285736952863,17,14.45,5.113462623311135,19,0,4,2.0,0.8944271909999159,3,121,0.4186851211072664,0.7605263157894737,0.8373702422145328,1,176,63,2,True,2,0.35795454545454547,0,0,10,6,False
4,4,12,12,0,0.0,3.0,0.0,3,3.0,0.0,3,0,1,1.0,0.0,4,6,0.5,1.0,1.0,1,6,0,0,False,0,0.0,0,0,4,1,False
9,5,56,62,6,0.0967741935483871,6.222222222222222,0.628539361054709,8,6.222222222222222,1.0304020550550783,8,0,3,1.8,0.7483314773547883,2,27,0.48214285714285715,0.7777777777777778,0.9642857142857143,1,31,6,0,False,1,0.1935483870967742,0,0,5,3,False
4,3,10,10,0,0.0,2.5,0.5,3,2.5,0.5,3,0,2,1.3333333333333333,0.4714045207910317,2,5,0.5,0.8333333333333334,1.0,1,5,0,0,False,0,0.0,0,0,3,5,False
2,2,2,2,0,0.0,1.0,0.0,1,1.0,0.0,1,0,1,1.0,0.0,2,1,0.5,1.0,1.0,1,0,0,0,False,0,,0,0,2,1,False
6,4,26,26,0,0.0,4.333333333333333,0.4714045207910317,5,4.333333333333333,0.4714045207910317,5,0,2,1.5,0.5,2,13,0.5,0.8666666666666667,1.0,1,13,0,0,False,0,0.0,0,0,4,2,False
9,4,39,56,17,0.30357142857142855,4.333333333333333,1.3333333333333333,7,4.333333333333333,2.160246899469287,8,0,4,2.25,1.0897247358851685,1,17,0.4358974358974359,0.5416666666666666,0.8717948717948718,1,28,17,0,False,1,0.6071428571428571,0,0,4,4,False
15,9,169,192,23,0.11979166666666667,11.266666666666667,1.569146972791976,14,11.266666666666667,3.315954697452237,14,0,3,1.6666666666666667,0.9428090415820634,6,75,0.4437869822485207,0.8047619047619048,0.8875739644970414,1,96,23,5,True,2,0.23958333333333334,0,0,9,8,False
9,8,70,70,0,0.0,7.777777777777778,0.41573970964154905,8,7.777777777777778,0.41573970964154905,8,0,2,1.125,0.33071891388307384,7,35,0.5,0.9722222222222222,1.0,1,35,0,0,False,0,0.0,0,0,8,5,False
8,2,18,30,12,0.4,2.25,0.9682458365518543,4,2.25,1.6393596310755,5,0,5,4.0,1.0,0,6,0.3333333333333333,0.32142857142857145,0.6666666666666666,1,15,12,3,True,2,0.8,0,0,2,6,False
6,4,18,24,6,0.25,3.0,0.0,3,3.0,2.23606797749979,5,0,3,1.5,0.8660254037844386,3,6,0.3333333333333333,0.6,0.6666666666666666,1,12,6,0,False,1,0.5,0,0,4,2,False
5,5,20,20,0,0.0,4.0,0.0,4,4.0,0.0,4,0,1,1.0,0.0,5,10,0.5,1.0,1.0,1,10,0,0,False,0,0.0,0,0,5,1,False
7,7,42,42,0,0.0,6.0,0.0,6,6.0,0.0,6,0,1,1.0,0.0,7,21,0.5,1.0,1.0,1,21,0,0,False,0,0.0,0,0,7,5,False
4,3,10,10,0,0.0,2.5,0.5,3,2.5,0.5,3,0,2,1.3333333333333333,0.4714045207910317,2,5,0.5,0.8333333333333334,1.0,1,5,0,0,False,0,0.0,0,0,3,2,False
3,3,6,6,0,0.0,2.0,0.0,2,2.0,0.0,2,0,1,1.0,0.0,3,3,0.5,1.0,1.0,1,3,0,0,False,0,0.0,0,0,3,7,False
12,9,116,126,10,0.07936507936507936,9.666666666666666,1.3743685418725535,11,9.666666666666666,1.5456030825826172,11,0,2,1.3333333333333333,0.4714045207910317,6,55,0.47413793103448276,0.8787878787878788,0.9482758620689655,1,63,10,2,True,2,0.15873015873015872,0,0,9,6,False
3,3,6,6,0,0.0,2.0,0.0,2,2.0,0.0,2,0,1,1.0,0.0,3,3,0.5,1.0,1.0,1,3,0,0,False,0,0.0,0,0,3,3,False
6,6,30,30,0,0.0,5.0,0.0,5,5.0,0.0,5,0,1,1.0,0.0,6,15,0.5,1.0,1.0,1,15,0,0,False,0,0.0,0,0,6,7,False
7,4,21,34,13,0.38235294117647056,3.0,0.0,3,3.0,2.6726124191242437,6,0,3,1.75,0.82915619758885,2,6,0.2857142857142857,0.5,0.5714285714285714,1,17,13,3,True,2,0.7647058823529411,0,0,4,7,False
15,9,170,190,20,0.10526315789473684,11.333333333333334,1.6193277068654823,14,11.333333333333334,3.8586123009300755,14,0,4,1.6666666666666667,1.0540925533894598,6,75,0.4411764705882353,0.8095238095238095,0.8823529411764706,1,95,20,0,False,1,0.21052631578947367,0,0,9,3,False
3,2,3,4,1,0.25,1.0,0.0,1,1.0,0.816496580927726,2,0,2,1.5,0.5,1,1,0.3333333333333333,0.5,0.6666666666666666,1,2,1,0,False,1,0.5,0,0,2,7,False
9,9,72,72,0,0.0,8.0,0.0,8,8.0,0.0,8,0,1,1.0,0.0,9,36,0.5,1.0,1.0,1,36,0,0,False,0,0.0,0,0,9,2,False
5,5,20,20,0,0.0,4.0,0.0,4,4.0,0.0,4,0,1,1.0,0.0,5,10,0.5,1.0,1.0,1,10,0,0,False,0,0.0,0,0,5,4,False
4,3,10,10,0,0.0,2.5,0.5,3,2.5,0.5,3,0,2,1.3333333333333333,0.4714045207910317,2,5,0.5,0.8333333333333334,1.0,1,5,0,0,False,0,0.0,0,0,3,1,False
2,2,2,2,0,0.0,1.0,0.0,1,1.0,0.0,1,0,1,1.0,0.0,2,1,0.5,1.0,1.0,1,0,0,0,False,0,,0,0,2,4,False
4,2,4,8,4,0.5,1.0,0.0,1,1.0,0.0,1,0,2,2.0,0.0,0,2,0.5,0.3333333333333333,1.0,2,4,4,0,False,1,1.0,0,0,2,3,False
14,10,173,174,1,0.005747126436781609,12.357142857142858,0.4791574237499549,13,12.357142857142858,0.6102859818083951,13,0,2,1.4,0.48989794855663565,6,86,0.49710982658959535,0.9505494505494505,0.9942196531791907,1,87,1,0,False,1,0.011494252873563218,0,0,10,3,False
6,6,30,30,0,0.0,5.0,0.0,5,5.0,0.0,5,0,1,1.0,0.0,6,15,0.5,1.0,1.0,1,15,0,0,False,0,0.0,0,0,6,4,False
15,4,90,160,70,0.4375,6.0,2.309401076758503,11,6.0,2.309401076758503,11,0,6,3.75,1.479019945774904,0,45,0.5,0.42857142857142855,1.0,1,80,70,0,False,1,0.875,0,0,4,1,False
3,3,6,6,0,0.0,2.0,0.0,2,2.0,0.0,2,0,1,1.0,0.0,3,3,0.5,1.0,1.0,1,3,0,0,False,0,0.0,0,0,3,3,False
8,7,51,54,3,0.05555555555555555,6.375,0.4841229182759271,7,6.375,1.3169567191065923,7,0,2,1.1428571428571428,0.34992710611188266,6,24,0.47058823529411764,0.9107142857142857,0.9411764705882353,1,27,3,0,False,1,0.1111111111111111,0,0,7,5,False
19,7,118,294,176,0.5986394557823129,6.2105263157894735,0.6137844099837158,8,6.2105263157894735,5.326981443738945,18,0,4,2.7142857142857144,1.4846149779161804,3,39,0.3305084745762712,0.34502923976608185,0.6610169491525424,4,147,176,4,True,2,1.1972789115646258,0,0,7,4,False
15,10,170,198,28,0.1414141414141414,11.333333333333334,1.5347819244295116,14,11.333333333333334,3.3199732261303287,14,0,3,1.5,0.6708203932499369,6,77,0.45294117647058824,0.8095238095238095,0.9058823529411765,1,99,28,0,False,1,0.2828282828282828,0,0,10,5,False
23,9,347,434,87,0.20046082949308755,15.08695652173913,2.5522887167720296,22,15.08695652173913,5.648493785212825,22,0,7,2.5555555555555554,2.006163342807532,4,133,0.38328530259365995,0.6857707509881423,0.7665706051873199,1,217,87,5,True,2,0.4009216589861751,0,0,9,7,False
24,9,351,496,145,0.2923387096774194,14.625,3.545096378567631,21,14.625,4.741769184597665,23,0,6,2.6666666666666665,1.3333333333333333,1,156,0.4444444444444444,0.6358695652173914,0.8888888888888888,1,248,145,11,True,2,0.5846774193548387,0,0,9,8,False
5,4,18,18,0,0.0,3.6,0.4898979485566356,4,3.6,0.4898979485566356,4,0,2,1.25,0.4330127018922193,3,9,0.5,0.9,1.0,1,9,0,0,False,0,0.0,0,0,4,8,False
15,9,174,198,24,0.12121212121212122,11.6,1.083205120618128,14,11.6,2.33238075793812,14,0,2,1.6666666666666667,0.4714045207910317,3,81,0.46551724137931033,0.8285714285714286,0.9310344827586207,1,99,24,0,False,1,0.24242424242424243,0,0,9,7,False
15,7,149,184,35,0.19021739130434784,9.933333333333334,2.8158282775923835,14,9.933333333333334,2.6948510575210314,14,0,4,2.142857142857143,1.124858267715973,3,72,0.48322147651006714,0.7095238095238096,0.9664429530201343,1,92,35,3,True,2,0.3804347826086957,0,0,7,2,False
10,9,88,88,0,0.0,8.8,0.4,9,8.8,0.4,9,0,2,1.1111111111111112,0.3142696805273545,8,44,0.5,0.9777777777777777,1.0,1,44,0,0,False,0,0.0,0,0,9,8,False
6,3,16,24,8,0.3333333333333333,2.6666666666666665,0.7453559924999298,4,2.6666666666666665,0.7453559924999298,4,0,2,2.0,0.0,0,8,0.5,0.5333333333333333,1.0,1,12,8,0,False,1,0.6666666666666666,0,0,3,5,False
6,4,23,26,3,0.11538461538461539,3.8333333333333335,0.8975274678557507,5,3.8333333333333335,1.0671873729054748,5,0,2,1.5,0.5,2,10,0.43478260869565216,0.7666666666666667,0.8695652173913043,1,13,3,1,True,2,0.23076923076923078,0,0,4,6,False
7,7,42,42,0,0.0,6.0,0.0,6,6.0,0.0,6,0,1,1.0,0.0,7,21,0.5,1.0,1.0,1,21,0,0,False,0,0.0,0,0,7,1,False
14,4,71,142,71,0.5,5.071428571428571,2.8401279074387205,10,5.071428571428571,3.217458751301488,10,0,5,3.5,1.118033988749895,0,14,0.19718309859154928,0.3901098901098901,0.39436619718309857,1,71,71,11,True,2,1.0,0,0,4,5,False
5,5,20,20,0,0.0,4.0,0.0,4,4.0,0.0,4,0,1,1.0,0.0,5,10,0.5,1.0,1.0,1,10,0,0,False,0,0.0,0,0,5,1,False
5,5,20,20,0,0.0,4.0,0.0,4,4.0,0.0,4,0,1,1.0,0.0,5,10,0.5,1.0,1.0,1,10,0,0,False,0,0.0,0,0,5,1,False
5,4,18,18,0,0.0,3.6,0.4898979485566356,4,3.6,0.4898979485566356,4,0,2,1.25,0.4330127018922193,3,9,0.5,0.9,1.0,1,9,0,0,False,0,0.0,0,0,4,6,False
8,8,56,56,0,0.0,7.0,0.0,7,7.0,0.0,7,0,1,1.0,0.0,8,28,0.5,1.0,1.0,1,28,0,0,False,0,0.0,0,0,8,6,False
14,8,119,166,47,0.28313253012048195,8.5,1.1801936887041646,12,8.5,3.755947664324259,13,0,3,1.75,0.82915619758885,4,51,0.42857142857142855,0.6538461538461539,0.8571428571428571,1,83,47,1,True,2,0.5662650602409639,0,0,8,3,False
33,4,199,806,607,0.7531017369727047,6.03030303030303,1.9615214948705768,11,6.03030303030303,5.931348911349983,22,0,11,8.25,1.6393596310755,0,48,0.24120603015075376,0.1884469696969697,0.4824120603015075,4,403,607,37,True,3,1.5062034739454093,3,0,4,5,True
5,2,7,12,5,0.4166666666666667,1.4,0.8,3,1.4,1.019803902718557,3,0,3,2.5,0.5,0,1,0.14285714285714285,0.35,0.2857142857142857,1,6,5,2,True,2,0.8333333333333334,0,0,2,6,False
15,10,164,188,24,0.1276595744680851,10.933333333333334,2.1437246921084703,14,10.933333333333334,3.767698973585278,14,0,5,1.5,1.2041594578792296,8,70,0.4268292682926829,0.780952380952381,0.8536585365853658,1,94,24,0,False,1,0.2553191489361702,0,0,10,8,False
13,10,135,150,15,0.1,10.384615384615385,0.8355984993230936,12,10.384615384615385,2.497335858576604,12,0,2,1.3,0.45825756949558394,7,61,0.45185185185185184,0.8653846153846154,0.9037037037037037,1,75,15,0,False,1,0.2,0,0,10,7,False
12,10,108,126,18,0.14285714285714285,9.0,0.0,9,9.0,4.06201920231798,11,0,3,1.2,0.6000000000000001,9,45,0.4166666666666667,0.8181818181818182,0.8333333333333334,1,63,18,0,False,1,0.2857142857142857,0,0,10,7,False
35,9,630,1078,448,0.4155844155844156,18.0,5.456320057642199,32,18.0,10.014275524755362,33,0,6,3.888888888888889,1.0999438818457405,0,185,0.29365079365079366,0.5294117647058824,0.5873015873015873,1,539,448,26,True,3,0.8311688311688312,0,0,9,8,False
14,5,97,154,57,0.37012987012987014,6.928571428571429,2.016513459070443,12,6.928571428571429,2.7636488745933003,12,0,4,2.8,0.7483314773547882,0,30,0.30927835051546393,0.532967032967033,0.6185567010309279,1,77,57,11,True,2,0.7402597402597403,0,0,5,7,False
24,10,408,494,86,0.17408906882591094,17.0,1.8929694486000912,21,17.0,4.330127018922194,23,0,5,2.4,1.562049935181331,4,176,0.43137254901960786,0.7391304347826086,0.8627450980392157,1,247,86,4,True,2,0.3481781376518219,0,0,10,5,False
8,5,40,50,10,0.2,5.0,1.3228756555322954,7,5.0,1.5811388300841898,7,0,2,1.6,0.4898979485566356,2,17,0.425,0.7142857142857143,0.85,1,25,10,2,True,2,0.4,0,0,5,1,False
19,9,218,302,84,0.2781456953642384,11.473684210526315,2.7790271120934915,18,11.473684210526315,5.58539845492486,18,0,5,2.111111111111111,1.4487116456005884,5,81,0.37155963302752293,0.6374269005847953,0.7431192660550459,1,151,84,8,True,2,0.5562913907284768,0,0,9,4,False
4,2,6,6,0,0.0,1.5,0.8660254037844386,3,1.5,0.8660254037844386,3,0,3,2.0,1.0,1,3,0.5,0.5,1.0,1,3,0,0,False,0,0.0,0,0,2,4,False
4,3,9,10,1,0.1,2.25,0.4330127018922193,3,2.25,0.82915619758885,3,0,2,1.3333333333333333,0.4714045207910317,2,4,0.4444444444444444,0.75,0.8888888888888888,1,5,1,0,False,1,0.2,0,0,3,6,False
23,7,216,452,236,0.5221238938053098,9.391304347826088,3.032277525941338,16,9.391304347826088,4.061902857087534,20,0,4,3.2857142857142856,0.4517539514526256,0,102,0.4722222222222222,0.4268774703557312,0.9444444444444444,1,226,236,8,True,3,1.0442477876106195,0,0,7,4,False
5,5,20,20,0,0.0,4.0,0.0,4,4.0,0.0,4,0,1,1.0,0.0,5,10,0.5,1.0,1.0,1,10,0,0,False,0,0.0,0,0,5,8,False
13,9,116,142,26,0.18309859154929578,8.923076923076923,0.6153846153846155,10,8.923076923076923,4.632021297638337,12,0,4,1.4444444444444444,0.9558139185602919,7,45,0.3879310344827586,0.7435897435897436,0.7758620689655172,1,71,26,1,True,2,0.36619718309859156,0,0,9,5,False
15,10,182,200,18,0.09,12.133333333333333,0.33993463423951903,13,12.133333333333333,2.9181424837652385,14,0,2,1.5,0.5,5,83,0.45604395604395603,0.8666666666666667,0.9120879120879121,1,100,18,0,False,1,0.18,0,0,10,6,False
3,3,6,6,0,0.0,2.0,0.0,2,2.0,0.0,2,0,1,1.0,0.0,3,3,0.5,1.0,1.0,1,3,0,0,False,0,0.0,0,0,3,4,False
9,5,51,58,7,0.1206896551724138,5.666666666666667,1.247219128924647,8,5.666666666666667,2.3570226039551585,8,0,4,1.8,1.1661903789690602,3,22,0.43137254901960786,0.7083333333333334,0.8627450980392157,1,29,7,0,False,1,0.2413793103448276,0,0,5,8,False
4,4,12,12,0,0.0,3.0,0.0,3,3.0,0.0,3,0,1,1.0,0.0,4,6,0.5,1.0,1.0,1,6,0,0,False,0,0.0,0,0,4,2,False
19,8,275,308,33,0.10714285714285714,14.473684210526315,0.8187552203212655,16,14.473684210526315,2.185319946529126,16,0,5,2.375,0.9921567416492215,0,131,0.4763636363636364,0.804093567251462,0.9527272727272728,1,154,33,3,True,2,0.21428571428571427,0,0,8,3,False
48,10,1003,2038,1035,0.5078508341511285,20.895833333333332,11.325192388603776,43,20.895833333333332,11.738894722483696,47,0,7,4.8,1.8867962264113207,1,297,0.29611166500498504,0.4445921985815603,0.5922233300099701,2,1019,1035,38,True,3,1.015701668302257,0,0,10,5,False
4,2,4,6,2,0.3333333333333333,1.0,0.0,1,1.0,1.224744871391589,3,0,3,2.0,1.0,1,1,0.25,0.3333333333333333,0.5,1,3,2,0,False,1,0.6666666666666666,0,0,2,7,False
6,2,10,16,6,0.375,1.6666666666666667,1.1055415967851332,4,1.6666666666666667,0.4714045207910317,2,0,4,3.0,1.0,0,4,0.4,0.3333333333333333,0.8,2,8,6,0,False,1,0.75,0,0,2,5,False
8,3,21,42,21,0.5,2.625,0.6959705453537527,4,2.625,1.8666480653835098,6,0,3,2.6666666666666665,0.4714045207910317,0,5,0.23809523809523808,0.375,0.47619047619047616,1,21,21,7,True,3,1.0,0,0,3,3,False
13,10,132,150,18,0.12,10.153846153846153,0.8634593969478326,12,10.153846153846153,3.1340844288405174,12,0,2,1.3,0.45825756949558394,7,59,0.44696969696969696,0.8461538461538461,0.8939393939393939,1,75,18,0,False,1,0.24,0,0,10,1,False
7,7,42,42,0,0.0,6.0,0.0,6,6.0,0.0,6,0,1,1.0,0.0,7,21,0.5,1.0,1.0,1,21,0,0,False,0,0.0,0,0,7,2,False
11,2,26,60,34,0.5666666666666667,2.3636363636363638,1.8719327529067273,6,2.3636363636363638,1.610913195151759,6,0,6,5.5,0.5,0,7,0.2692307692307692,0.23636363636363636,0.5384615384615384,1,30,34,3,True,2,1.1333333333333333,1,0,2,3,True
5,4,18,18,0,0.0,3.6,0.4898979485566356,4,3.6,0.4898979485566356,4,0,2,1.25,0.4330127018922193,3,9,0.5,0.9,1.0,1,9,0,0,False,0,0.0,0,0,4,3,False
8,7,51,54,3,0.05555555555555555,6.375,0.4841229182759271,7,6.375,1.3169567191065923,7,0,2,1.1428571428571428,0.34992710611188266,6,24,0.47058823529411764,0.9107142857142857,0.9411764705882353,1,27,3,0,False,1,0.1111111111111111,0,0,7,6,False
9,6,53,66,13,0.19696969696969696,5.888888888888889,1.286204100310025,8,5.888888888888889,1.6629588385661962,8,0,2,1.5,0.5,3,24,0.4528301886792453,0.7361111111111112,0.9056603773584906,1,33,13,0,False,1,0.3939393939393939,0,0,6,5,False
7,7,42,42,0,0.0,6.0,0.0,6,6.0,0.0,6,0,1,1.0,0.0,7,21,0.5,1.0,1.0,1,21,0,0,False,0,0.0,0,0,7,4,False
3,3,6,6,0,0.0,2.0,0.0,2,2.0,0.0,2,0,1,1.0,0.0,3,3,0.5,1.0,1.0,1,3,0,0,False,0,0.0,0,0,3,6,False
13,9,122,146,24,0.1643835616438356,9.384615384615385,1.2733034890189883,11,9.384615384615385,2.617646081103624,12,0,3,1.4444444444444444,0.6849348892187752,6,57,0.4672131147540984,0.782051282051282,0.9344262295081968,1,73,24,0,False,1,0.3287671232876712,0,0,9,4,False
28,10,359,700,341,0.48714285714285716,12.821428571428571,4.8036710026854275,26,12.821428571428571,5.593705463851894,27,0,4,2.8,0.7483314773547882,1,156,0.43454038997214484,0.4748677248677249,0.8690807799442897,1,350,341,19,True,2,0.9742857142857143,0,0,10,8,False
14,9,152,152,0,0.0,10.857142857142858,2.4743582965269675,13,10.857142857142858,2.4743582965269675,13,0,6,1.5555555555555556,1.5713484026367723,8,76,0.5,0.8351648351648352,1.0,1,76,0,0,False,0,0.0,0,0,9,2,False
14,10,153,174,21,0.1206896551724138,10.928571428571429,1.0996288798814753,13,10.928571428571429,2.0516295166207246,13,0,2,1.4,0.48989794855663565,6,72,0.47058823529411764,0.8406593406593407,0.9411764705882353,1,87,21,0,False,1,0.2413793103448276,0,0,10,8,False
4,2,6,8,2,0.25,1.5,0.5,2,1.5,0.5,2,0,2,2.0,0.0,0,3,0.5,0.5,1.0,1,4,2,0,False,1,0.5,0,0,2,3,False
19,10,299,302,3,0.009933774834437087,15.736842105263158,1.9958405500903726,18,15.736842105263158,2.098673898671251,18,0,6,1.9,1.5132745950421556,6,148,0.49498327759197325,0.8742690058479532,0.9899665551839465,1,151,3,0,False,1,0.019867549668874173,0,0,10,1,False
10,7,64,84,20,0.23809523809523808,6.4,0.4898979485566356,7,6.4,2.576819745345025,9,0,2,1.4285714285714286,0.4948716593053935,4,28,0.4375,0.7111111111111111,0.875,1,42,20,0,False,1,0.47619047619047616,0,0,7,1,False
17,10,230,246,16,0.06504065040650407,13.529411764705882,1.4190985978605668,16,13.529411764705882,2.0326061815495287,16,0,5,1.7,1.1874342087037917,6,113,0.49130434782608695,0.8455882352941176,0.9826086956521739,1,123,16,0,False,1,0.13008130081300814,0,0,10,7,False
14,7,103,160,57,0.35625,7.357142857142857,1.1088696211614302,9,7.357142857142857,4.219125550177817,13,0,4,2.0,1.0690449676496976,3,32,0.3106796116504854,0.5659340659340659,0.6213592233009708,2,80,57,5,True,2,0.7125,0,0,7,5,False
3,2,3,4,1,0.25,1.0,0.0,1,1.0,0.816496580927726,2,0,2,1.5,0.5,1,1,0.3333333333333333,0.5,0.6666666666666666,1,2,1,0,False,1,0.5,0,0,2,2,False
17,9,226,248,22,0.08870967741935484,13.294117647058824,2.4677855251062386,16,13.294117647058824,2.5613577714208517,16,0,4,1.8888888888888888,0.9938079899999066,4,105,0.4646017699115044,0.8308823529411765,0.9292035398230089,1,124,22,4,True,2,0.1774193548387097,0,0,9,3,False
12,8,124,124,0,0.0,10.333333333333334,0.4714045207910317,11,10.333333333333334,0.4714045207910317,11,0,2,1.5,0.5,4,62,0.5,0.9393939393939394,1.0,1,62,0,0,False,0,0.0,0,0,8,1,False
8,6,50,50,0,0.0,6.25,0.9682458365518543,7,6.25,0.9682458365518543,7,0,3,1.3333333333333333,0.74535599249993,5,25,0.5,0.8928571428571429,1.0,1,25,0,0,False,0,0.0,0,0,6,3,False
6,4,22,26,4,0.15384615384615385,3.6666666666666665,0.4714045207910317,4,3.6666666666666665,1.699673171197595,5,0,2,1.5,0.5,2,9,0.4090909090909091,0.7333333333333333,0.8181818181818182,1,13,4,0,False,1,0.3076923076923077,0,0,4,6,False
23,8,350,428,78,0.1822429906542056,15.217391304347826,1.6669816967548534,17,15.217391304347826,4.662118586699198,22,0,8,2.875,2.0879116360612584,2,149,0.4257142857142857,0.691699604743083,0.8514285714285714,1,214,78,6,True,2,0.3644859813084112,0,0,8,4,False
9,3,32,54,22,0.4074074074074074,3.5555555555555554,1.7708197167232473,6,3.5555555555555554,2.1140330656044943,6,0,3,3.0,0.0,0,8,0.25,0.4444444444444444,0.5,1,27,22,2,True,2,0.8148148148148148,0,0,3,8,False
22,7,289,408,119,0.2916666666666667,13.136363636363637,1.2539194749212474,16,13.136363636363637,3.7330885889867576,19,0,5,3.142857142857143,0.9897433186107869,0,130,0.44982698961937717,0.6255411255411255,0.8996539792387543,1,204,119,7,True,2,0.5833333333333334,0,0,7,3,False
3,2,4,4,0,0.0,1.3333333333333333,0.4714045207910317,2,1.3333333333333333,0.4714045207910317,2,0,2,1.5,0.5,1,2,0.5,0.6666666666666666,1.0,1,2,0,0,False,0,0.0,0,0,2,8,False
7,3,23,32,9,0.28125,3.2857142857142856,0.6998542122237652,4,3.2857142857142856,1.0301575072754257,4,0,3,2.3333333333333335,0.4714045207910317,0,9,0.391304347826087,0.5476190476190477,0.782608695652174,1,16,9,2,True,2,0.5625,0,0,3,2,False
28,6,402,636,234,0.36792452830188677,14.357142857142858,3.791101288490171,23,14.357142857142858,6.148253443715806,25,0,7,4.666666666666667,1.699673171197595,0,150,0.373134328358209,0.5317460317460317,0.746268656716418,1,318,234,25,True,3,0.7358490566037735,0,0,6,6,False
5,4,18,18,0,0.0,3.6,0.4898979485566356,4,3.6,0.4898979485566356,4,0,2,1.25,0.4330127018922193,3,9,0.5,0.9,1.0,1,9,0,0,False,0,0.0,0,0,4,8,False
13,8,103,144,41,0.2847222222222222,7.923076923076923,0.9970370305242862,10,7.923076923076923,3.8322826791018922,12,0,3,1.625,0.6959705453537527,4,36,0.34951456310679613,0.6602564102564102,0.6990291262135923,2,72,41,4,True,2,0.5694444444444444,0,0,8,7,False
2,2,2,2,0,0.0,1.0,0.0,1,1.0,0.0,1,0,1,1.0,0.0,2,1,0.5,1.0,1.0,1,0,0,0,False,0,,0,0,2,3,False
9,6,57,60,3,0.05,6.333333333333333,1.4907119849998598,8,6.333333333333333,1.8856180831641267,8,0,4,1.5,1.118033988749895,5,27,0.47368421052631576,0.7916666666666666,0.9473684210526315,1,30,3,0,False,1,0.1,0,0,6,7,False
26,6,302,536,234,0.43656716417910446,11.615384615384615,5.595856455222527,25,11.615384615384615,5.724958334258345,25,0,7,4.333333333333333,2.1343747458109497,1,130,0.4304635761589404,0.4646153846153846,0.8609271523178808,1,268,234,15,True,3,0.8731343283582089,0,0,6,3,False
34,10,566,994,428,0.4305835010060362,16.647058823529413,7.703636852892643,30,16.647058823529413,8.44665737207599,33,0,7,3.4,2.1540659228538015,3,227,0.4010600706713781,0.5044563279857398,0.8021201413427562,1,497,428,25,True,2,0.8611670020120724,0,0,10,4,False
2,2,2,2,0,0.0,1.0,0.0,1,1.0,0.0,1,0,1,1.0,0.0,2,1,0.5,1.0,1.0,1,0,0,0,False,0,,0,0,2,5,False
6,5,28,28,0,0.0,4.666666666666667,0.4714045207910317,5,4.666666666666667,0.4714045207910317,5,0,2,1.2,0.4,4,14,0.5,0.9333333333333333,1.0,1,14,0,0,False,0,0.0,0,0,5,1,False
25,10,491,552,61,0.1105072463768116,19.64,1.717672844286711,23,19.64,4.881639069001313,24,0,4,2.5,1.02469507659596,1,221,0.45010183299389,0.8183333333333334,0.90020366598778,1,276,61,3,True,2,0.2210144927536232,0,0,10,4,False
6,3,19,22,3,0.13636363636363635,3.1666666666666665,1.2133516482134197,5,3.1666666666666665,1.2133516482134197,5,0,3,2.0,0.816496580927726,1,8,0.42105263157894735,0.6333333333333333,0.8421052631578947,1,11,3,0,False,1,0.2727272727272727,0,0,3,6,False
12,5,65,112,47,0.41964285714285715,5.416666666666667,1.4976833963009524,10,5.416666666666667,1.8008485654145256,11,0,3,2.4,0.8,1,32,0.49230769230769234,0.49242424242424243,0.9846153846153847,1,56,47,0,False,1,0.8392857142857143,0,0,5,5,False
4,3,8,10,2,0.2,2.0,0.0,2,2.0,1.224744871391589,3,0,2,1.3333333333333333,0.4714045207910317,2,3,0.375,0.6666666666666666,0.75,1,5,2,0,False,1,0.4,0,0,3,8,False
22,8,328,404,76,0.18811881188118812,14.909090909090908,2.592104987160592,21,14.909090909090908,2.592104987160592,21,0,5,2.75,1.5612494995995996,3,164,0.5,0.70995670995671,1.0,1,202,76,0,False,1,0.37623762376237624,0,0,8,1,False
12,9,123,124,1,0.008064516129032258,10.25,0.82915619758885,11,10.25,1.0103629710818451,11,0,3,1.3333333333333333,0.6666666666666666,7,61,0.4959349593495935,0.9318181818181818,0.991869918699187,1,62,1,0,False,1,0.016129032258064516,0,0,9,5,False
5,4,18,18,0,0.0,3.6,0.4898979485566356,4,3.6,0.4898979485566356,4,0,2,1.25,0.4330127018922193,3,9,0.5,0.9,1.0,1,9,0,0,False,0,0.0,0,0,4,2,False
10,10,90,90,0,0.0,9.0,0.0,9,9.0,0.0,9,0,1,1.0,0.0,10,45,0.5,1.0,1.0,1,45,0,0,False,0,0.0,0,0,10,7,False
9,9,72,72,0,0.0,8.0,0.0,8,8.0,0.0,8,0,1,1.0,0.0,9,36,0.5,1.0,1.0,1,36,0,0,False,0,0.0,0,0,9,4,False
21,9,267,372,105,0.28225806451612906,12.714285714285714,2.7969857439216024,18,12.714285714285714,4.59961548230219,20,0,5,2.3333333333333335,1.4907119849998598,4,113,0.4232209737827715,0.6357142857142857,0.846441947565543,1,186,105,6,True,2,0.5645161290322581,0,0,9,6,False
12,10,124,128,4,0.03125,10.333333333333334,0.9428090415820632,11,10.333333333333334,0.9428090415820632,11,0,2,1.2,0.4,8,62,0.5,0.9393939393939394,1.0,1,64,4,0,False,1,0.0625,0,0,10,2,False
3,2,3,4,1,0.25,1.0,0.0,1,1.0,0.816496580927726,2,0,2,1.5,0.5,1,1,0.3333333333333333,0.5,0.6666666666666666,1,2,1,0,False,1,0.5,0,0,2,7,False
3,3,6,6,0,0.0,2.0,0.0,2,2.0,0.0,2,0,1,1.0,0.0,3,3,0.5,1.0,1.0,1,3,0,0,False,0,0.0,0,0,3,7,False
5,2,7,12,5,0.4166666666666667,1.4,0.4898979485566356,2,1.4,1.2,3,0,3,2.5,0.5,0,1,0.14285714285714285,0.35,0.2857142857142857,1,6,5,1,True,2,0.8333333333333334,0,0,2,4,False
10,10,90,90,0,0.0,9.0,0.0,9,9.0,0.0,9,0,1,1.0,0.0,10,45,0.5,1.0,1.0,1,45,0,0,False,0,0.0,0,0,10,6,False
38,9,819,1240,421,0.3395161290322581,21.55263157894737,3.217529032470763,28,21.55263157894737,9.626436648546358,37,0,8,4.222222222222222,2.199887763691481,1,315,0.38461538461538464,0.5825035561877667,0.7692307692307693,1,620,421,35,True,2,0.6790322580645162,0,0,9,5,False
10,4,54,74,20,0.2702702702702703,5.4,1.1135528725660042,7,5.4,2.9393876913398134,8,0,3,2.5,0.5,0,17,0.3148148148148148,0.6,0.6296296296296297,1,37,20,3,True,2,0.5405405405405406,0,0,4,6,False
18,8,226,278,52,0.18705035971223022,12.555555555555555,2.1140330656044943,17,12.555555555555555,2.3386183533165767,17,0,4,2.25,0.82915619758885,1,107,0.47345132743362833,0.738562091503268,0.9469026548672567,1,139,52,5,True,2,0.37410071942446044,0,0,8,1,False
5,5,20,20,0,0.0,4.0,0.0,4,4.0,0.0,4,0,1,1.0,0.0,5,10,0.5,1.0,1.0,1,10,0,0,False,0,0.0,0,0,5,5,False
31,7,328,778,450,0.5784061696658098,10.580645161290322,3.1599733925828275,17,10.580645161290322,7.78242102453483,28,0,10,4.428571428571429,2.5555062599997598,0,89,0.27134146341463417,0.35268817204301073,0.5426829268292683,1,389,450,46,True,2,1.1568123393316196,0,0,7,7,False
17,10,181,246,65,0.26422764227642276,10.647058823529411,1.6066470922056075,16,10.647058823529411,5.433460347649643,16,0,4,1.7,1.1874342087037917,7,70,0.3867403314917127,0.6654411764705882,0.7734806629834254,1,123,65,4,True,2,0.5284552845528455,2,0,10,8,True
3,3,6,6,0,0.0,2.0,0.0,2,2.0,0.0,2,0,1,1.0,0.0,3,3,0.5,1.0,1.0,1,3,0,0,False,0,0.0,0,0,3,4,False
9,4,39,50,11,0.22,4.333333333333333,2.0,8,4.333333333333333,2.260776661041756,8,0,5,2.25,1.6393596310755,2,18,0.46153846153846156,0.5416666666666666,0.9230769230769231,1,25,11,2,True,2,0.44,0,0,4,2,False
11,2,22,56,34,0.6071428571428571,2.0,1.044465935734187,4,2.0,1.044465935734187,4,0,7,5.5,1.5,0,11,0.5,0.2,1.0,3,28,34,0,False,1,1.2142857142857142,0,0,2,3,False
13,6,70,140,70,0.5,5.384615384615385,0.4865042554105198,6,5.384615384615385,0.4865042554105198,6,0,3,2.1666666666666665,0.3726779962499649,0,35,0.5,0.44871794871794873,1.0,2,70,70,0,False,1,1.0,0,0,6,2,False
6,5,28,28,0,0.0,4.666666666666667,0.4714045207910317,5,4.666666666666667,0.4714045207910317,5,0,2,1.2,0.4,4,14,0.5,0.9333333333333333,1.0,1,14,0,0,False,0,0.0,0,0,5,1,False
4,4,12,12,0,0.0,3.0,0.0,3,3.0,0.0,3,0,1,1.0,0.0,4,6,0.5,1.0,1.0,1,6,0,0,False,0,0.0,0,0,4,4,False
12,6,98,118,20,0.1694915254237288,8.166666666666666,1.1426091000668406,11,8.166666666666666,3.2617309651301545,11,0,3,2.0,0.5773502691896257,1,41,0.41836734693877553,0.7424242424242424,0.8367346938775511,1,59,20,0,False,1,0.3389830508474576,0,0,6,5,False
10,4,54,74,20,0.2702702702702703,5.4,1.7435595774162693,8,5.4,1.9078784028338913,8,0,3,2.5,0.5,0,22,0.4074074074074074,0.6,0.8148148148148148,1,37,20,4,True,2,0.5405405405405406,0,0,4,5,False
4,3,10,10,0,0.0,2.5,0.5,3,2.5,0.5,3,0,2,1.3333333333333333,0.4714045207910317,2,5,0.5,0.8333333333333334,1.0,1,5,0,0,False,0,0.0,0,0,3,2,False
9,7,60,66,6,0.09090909090909091,6.666666666666667,0.9428090415820634,8,6.666666666666667,2.0548046676563256,8,0,3,1.2857142857142858,0.6998542122237652,6,27,0.45,0.8333333333333334,0.9,1,33,6,0,False,1,0.18181818181818182,0,0,7,7,False
10,9,88,88,0,0.0,8.8,0.4,9,8.8,0.4,9,0,2,1.1111111111111112,0.3142696805273545,8,44,0.5,0.9777777777777777,1.0,1,44,0,0,False,0,0.0,0,0,9,1,False
6,4,24,26,2,0.07692307692307693,4.0,0.0,4,4.0,1.0,5,0,2,1.5,0.5,2,11,0.4583333333333333,0.8,0.9166666666666666,1,13,2,0,False,1,0.15384615384615385,0,0,4,5,False
9,3,20,54,34,0.6296296296296297,2.2222222222222223,0.628539361054709,4,2.2222222222222223,1.0304020550550783,4,0,3,3.0,0.0,0,9,0.45,0.2777777777777778,0.9,2,27,34,2,True,2,1.2592592592592593,0,0,3,1,False
11,8,88,102,14,0.13725490196078433,8.0,0.6030226891555273,9,8.0,3.3844564489065974,10,0,3,1.375,0.6959705453537527,6,37,0.42045454545454547,0.8,0.8409090909090909,1,51,14,0,False,1,0.27450980392156865,0,0,8,6,False
14,8,128,170,42,0.24705882352941178,9.142857142857142,1.245399698154478,11,9.142857142857142,3.3350335799796436,13,0,2,1.75,0.4330127018922193,2,53,0.4140625,0.7032967032967034,0.828125,1,85,42,4,True,2,0.49411764705882355,0,0,8,7,False
12,3,42,90,48,0.5333333333333333,3.5,1.4433756729740645,6,3.5,1.4433756729740645,6,0,5,4.0,1.4142135623730951,0,21,0.5,0.3181818181818182,1.0,1,45,48,0,False,1,1.0666666666666667,0,0,3,2,False
3,2,4,4,0,0.0,1.3333333333333333,0.4714045207910317,2,1.3333333333333333,0.4714045207910317,2,0,2,1.5,0.5,1,2,0.5,0.6666666666666666,1.0,1,2,0,0,False,0,0.0,0,0,2,4,False
9,8,65,70,5,0.07142857142857142,7.222222222222222,0.41573970964154905,8,7.222222222222222,1.617802197617893,8,0,2,1.125,0.33071891388307384,7,30,0.46153846153846156,0.9027777777777778,0.9230769230769231,1,35,5,0,False,1,0.14285714285714285,0,0,8,3,False
36,10,429,1152,723,0.6276041666666666,11.916666666666666,3.2776600732161887,22,11.916666666666666,2.7925993466860066,21,0,7,3.6,1.2,0,196,0.4568764568764569,0.3404761904761905,0.9137529137529138,1,576,723,24,True,3,1.2552083333333333,1,0,10,4,True
17,8,200,230,30,0.13043478260869565,11.764705882352942,3.540179652548489,16,11.764705882352942,3.47307986332365,16,0,5,2.125,1.6909686573085854,5,92,0.46,0.7352941176470589,0.92,1,115,30,4,True,3,0.2608695652173913,0,0,8,5,False
6,4,24,24,0,0.0,4.0,1.0,5,4.0,1.0,5,0,3,1.5,0.8660254037844386,3,12,0.5,0.8,1.0,1,12,0,0,False,0,0.0,0,0,4,6,False
22,7,236,396,160,0.40404040404040403,10.727272727272727,3.5570904630025186,17,10.727272727272727,5.863460180580764,21,0,5,3.142857142857143,1.6413036132965795,1,107,0.4533898305084746,0.5108225108225108,0.9067796610169492,1,198,160,1,True,2,0.8080808080808081,0,0,7,5,False
7,5,32,38,6,0.15789473684210525,4.571428571428571,0.9035079029052513,6,4.571428571428571,1.2936264483053452,6,0,2,1.4,0.4898979485566356,3,15,0.46875,0.7619047619047619,0.9375,1,19,6,0,False,1,0.3157894736842105,0,0,5,6,False
21,10,327,388,61,0.15721649484536082,15.571428571428571,1.8916213396229715,20,15.571428571428571,2.7355060221609664,20,0,3,2.1,0.9433981132056604,4,157,0.4801223241590214,0.7785714285714286,0.9602446483180428,1,194,61,1,True,2,0.31443298969072164,0,0,10,4,False
13,9,139,148,9,0.060810810810810814,10.692307692307692,0.72160242458822,12,10.692307692307692,1.2639751327042295,12,0,2,1.4444444444444444,0.4969039949999533,5,67,0.48201438848920863,0.8910256410256411,0.9640287769784173,1,74,9,0,False,1,0.12162162162162163,0,0,9,4,False
41,8,604,1460,856,0.5863013698630137,14.731707317073171,3.261186304009425,22,14.731707317073171,9.313049827262194,32,0,7,5.125,1.165922381636102,0,218,0.3609271523178808,0.36829268292682926,0.7218543046357616,3,730,856,82,True,3,1.1726027397260275,6,0,8,8,True
5,2,7,12,5,0.4166666666666667,1.4,0.4898979485566356,2,1.4,1.019803902718557,3,0,3,2.5,0.5,0,2,0.2857142857142857,0.35,0.5714285714285714,1,6,5,2,True,2,0.8333333333333334,0,0,2,2,False
4,3,9,10,1,0.1,2.25,0.4330127018922193,3,2.25,0.82915619758885,3,0,2,1.3333333333333333,0.4714045207910317,2,4,0.4444444444444444,0.75,0.8888888888888888,1,5,1,0,False,1,0.2,0,0,3,1,False
17,6,134,230,96,0.41739130434782606,7.882352941176471,4.042165304143407,16,7.882352941176471,3.968735951396,16,0,4,2.8333333333333335,1.3437096247164249,2,50,0.373134328358209,0.49264705882352944,0.746268656716418,1,115,96,9,True,2,0.8347826086956521,0,0,6,8,False
5,2,6,12,6,0.5,1.2,0.4,2,1.2,1.1661903789690602,3,0,3,2.5,0.5,0,1,0.16666666666666666,0.3,0.3333333333333333,1,6,6,3,True,2,1.0,0,0,2,2,False
8,6,42,52,10,0.19230769230769232,5.25,0.6614378277661477,7,5.25,2.0463381929681126,7,0,2,1.3333333333333333,0.47140452079103173,4,18,0.42857142857142855,0.75,0.8571428571428571,1,26,10,0,False,1,0.38461538461538464,0,0,6,3,False
19,10,229,306,77,0.25163398692810457,12.052631578947368,3.7483144873189174,18,12.052631578947368,4.828355764707248,18,0,4,1.9,1.3747727084867518,7,102,0.44541484716157204,0.6695906432748538,0.8908296943231441,1,153,77,8,True,4,0.5032679738562091,0,0,10,6,False
11,2,15,60,45,0.75,1.3636363636363635,0.4810456929208347,2,1.3636363636363635,0.642824346533225,2,0,6,5.5,0.5,0,6,0.4,0.13636363636363635,0.8,3,30,45,2,True,3,1.5,0,0,2,3,False
21,10,340,386,46,0.11917098445595854,16.19047619047619,0.7939681905015745,18,16.19047619047619,4.36019929228937,20,0,4,2.1,1.044030650891055,3,153,0.45,0.8095238095238095,0.9,1,193,46,0,False,1,0.23834196891191708,0,0,10,3,False
26,7,344,540,196,0.362962962962963,13.23076923076923,6.488496876471185,25,13.23076923076923,6.512164311783651,25,0,7,3.7142857142857144,2.3733211036908783,2,168,0.4883720930232558,0.5292307692307693,0.9767441860465116,1,270,196,4,True,2,0.725925925925926,0,0,7,1,False
19,10,257,302,45,0.1490066225165563,13.526315789473685,2.5622445146606494,18,13.526315789473685,4.1847897646072045,18,0,6,1.9,1.5132745950421556,6,115,0.4474708171206226,0.7514619883040936,0.8949416342412452,1,151,45,1,True,2,0.2980132450331126,0,0,10,6,False
6,6,30,30,0,0.0,5.0,0.0,5,5.0,0.0,5,0,1,1.0,0.0,6,15,0.5,1.0,1.0,1,15,0,0,False,0,0.0,0,0,6,4,False
8,7,54,54,0,0.0,6.75,0.4330127018922193,7,6.75,0.4330127018922193,7,0,2,1.1428571428571428,0.3499271061118826,6,27,0.5,0.9642857142857143,1.0,1,27,0,0,False,0,0.0,0,0,7,4,False
15,8,143,184,41,0.22282608695652173,9.533333333333333,2.217105219775452,14,9.533333333333333,3.343982987729188,14,0,4,1.875,1.2686114456365274,5,65,0.45454545454545453,0.680952380952381,0.9090909090909091,1,92,41,0,False,1,0.44565217391304346,0,0,8,6,False
8,7,54,54,0,0.0,6.75,0.4330127018922193,7,6.75,0.4330127018922193,7,0,2,1.1428571428571428,0.34992710611188266,6,27,0.5,0.9642857142857143,1.0,1,27,0,0,False,0,0.0,0,0,7,7,False
6,6,30,30,0,0.0,5.0,0.0,5,5.0,0.0,5,0,1,1.0,0.0,6,15,0.5,1.0,1.0,1,15,0,0,False,0,0.0,0,0,6,5,False
7,3,21,32,11,0.34375,3.0,0.9258200997725514,4,3.0,1.5118578920369088,5,0,3,2.3333333333333335,0.4714045207910317,0,9,0.42857142857142855,0.5,0.8571428571428571,1,16,11,1,True,2,0.6875,0,0,3,3,False
18,9,254,268,14,0.05223880597014925,14.11111111111111,2.5579698740491863,17,14.11111111111111,2.6223163824902103,17,0,6,2.0,1.4907119849998598,4,122,0.48031496062992124,0.8300653594771242,0.9606299212598425,1,134,14,4,True,2,0.1044776119402985,0,0,9,1,False
6,3,15,24,9,0.375,2.5,0.5,3,2.5,1.6072751268321592,4,0,2,2.0,0.0,0,5,0.3333333333333333,0.5,0.6666666666666666,1,12,9,3,True,2,0.75,0,0,3,8,False
9,7,66,66,0,0.0,7.333333333333333,0.9428090415820634,8,7.333333333333333,0.9428090415820634,8,0,3,1.2857142857142858,0.6998542122237652,6,33,0.5,0.9166666666666666,1.0,1,33,0,0,False,0,0.0,0,0,7,1,False
17,9,213,242,29,0.11983471074380166,12.529411764705882,2.4998269836324445,16,12.529411764705882,3.345192284261866,16,0,5,1.8888888888888888,1.286204100310025,5,99,0.4647887323943662,0.7830882352941176,0.9295774647887324,1,121,29,0,False,1,0.2396694214876033,0,0,9,5,False
10,7,66,84,18,0.21428571428571427,6.6,1.2,9,6.6,2.1071307505705477,9,0,2,1.4285714285714286,0.4948716593053935,4,30,0.45454545454545453,0.7333333333333333,0.9090909090909091,1,42,18,0,False,1,0.42857142857142855,0,0,7,4,False
9,8,67,70,3,0.04285714285714286,7.444444444444445,0.49690399499995325,8,7.444444444444445,1.257078722109418,8,0,2,1.125,0.33071891388307384,7,32,0.47761194029850745,0.9305555555555556,0.9552238805970149,1,35,3,0,False,1,0.08571428571428572,0,0,8,8,False
8,3,31,40,9,0.225,3.875,1.2686114456365274,6,3.875,1.6153559979150107,6,0,4,2.6666666666666665,0.9428090415820634,0,13,0.41935483870967744,0.5535714285714286,0.8387096774193549,1,20,9,1,True,2,0.45,0,0,3,2,False
5,5,20,20,0,0.0,4.0,0.0,4,4.0,0.0,4,0,1,1.0,0.0,5,10,0.5,1.0,1.0,1,10,0,0,False,0,0.0,0,0,5,1,False
3,2,4,4,0,0.0,1.3333333333333333,0.4714045207910317,2,1.3333333333333333,0.4714045207910317,2,0,2,1.5,0.5,1,2,0.5,0.6666666666666666,1.0,1,2,0,0,False,0,0.0,0,0,2,1,False
2,2,2,2,0,0.0,1.0,0.0,1,1.0,0.0,1,0,1,1.0,0.0,2,1,0.5,1.0,1.0,1,0,0,0,False,0,,0,0,2,7,False
9,5,50,62,12,0.1935483870967742,5.555555555555555,1.5713484026367723,8,5.555555555555555,1.5713484026367723,8,0,3,1.8,0.7483314773547883,2,25,0.5,0.6944444444444444,1.0,1,31,12,0,False,1,0.3870967741935484,0,0,5,6,False
17,2,20,144,124,0.8611111111111112,1.1764705882352942,0.5128116404165498,3,1.1764705882352942,0.3812200410828153,2,0,9,8.5,0.5,0,9,0.45,0.07352941176470588,0.9,8,72,124,1,True,2,1.7222222222222223,0,0,2,5,False
17,8,190,250,60,0.24,11.176470588235293,2.61748181897494,15,11.176470588235293,3.4850148808467347,16,0,3,2.125,0.5994789404140899,1,90,0.47368421052631576,0.6985294117647058,0.9473684210526315,1,125,60,8,True,2,0.48,0,0,8,2,False
4,3,8,10,2,0.2,2.0,0.0,2,2.0,1.224744871391589,3,0,2,1.3333333333333333,0.4714045207910317,2,3,0.375,0.6666666666666666,0.75,1,5,2,0,False,1,0.4,0,0,3,2,False
22,9,349,420,71,0.16904761904761906,15.863636363636363,3.29318103394181,21,15.863636363636363,3.3069548550325174,21,0,4,2.4444444444444446,1.0657403385139377,2,165,0.47277936962750716,0.7554112554112554,0.9455587392550143,1,210,71,0,False,1,0.3380952380952381,0,0,9,5,False
16,10,201,220,19,0.08636363636363636,12.5625,2.14967294023998,15,12.5625,2.5973243443975185,15,0,4,1.6,1.0198039027185568,7,97,0.48258706467661694,0.8375,0.9651741293532339,1,110,19,1,True,2,0.17272727272727273,0,0,10,7,False
6,4,21,26,5,0.19230769230769232,3.5,0.5,4,3.5,1.707825127659933,5,0,2,1.5,0.5,2,8,0.38095238095238093,0.7,0.7619047619047619,1,13,5,1,True,2,0.38461538461538464,0,0,4,6,False
8,5,44,50,6,0.12,5.5,0.5,6,5.5,2.1213203435596424,7,0,2,1.6,0.4898979485566356,2,19,0.4318181818181818,0.7857142857142857,0.8636363636363636,1,25,6,0,False,1,0.24,0,0,5,1,False
5,4,16,18,2,0.1111111111111111,3.2,0.39999999999999997,4,3.2,1.16619037896906,4,0,2,1.25,0.4330127018922193,3,7,0.4375,0.8,0.875,1,9,2,0,False,1,0.2222222222222222,0,0,4,8,False
9,3,22,54,32,0.5925925925925926,2.4444444444444446,1.257078722109418,6,2.4444444444444446,1.0657403385139377,4,0,3,3.0,0.0,0,7,0.3181818181818182,0.3055555555555556,0.6363636363636364,3,27,32,2,True,2,1.1851851851851851,0,0,3,7,False
12,10,125,128,3,0.0234375,10.416666666666666,0.8620067027323834,11,10.416666666666666,0.9537935951882998,11,0,2,1.2,0.4,8,61,0.488,0.946969696969697,0.976,1,64,3,1,True,2,0.046875,0,0,10,6,False
6,6,30,30,0,0.0,5.0,0.0,5,5.0,0.0,5,0,1,1.0,0.0,6,15,0.5,1.0,1.0,1,15,0,0,False,0,0.0,0,0,6,2,False
17,10,203,258,55,0.2131782945736434,11.941176470588236,1.4336538361122282,14,11.941176470588236,3.9328269765757127,16,0,2,1.7,0.45825756949558405,3,87,0.42857142857142855,0.7463235294117647,0.8571428571428571,1,129,55,7,True,2,0.4263565891472868,0,0,10,8,False
5,5,20,20,0,0.0,4.0,0.0,4,4.0,0.0,4,0,1,1.0,0.0,5,10,0.5,1.0,1.0,1,10,0,0,False,0,0.0,0,0,5,1,False
29,10,474,742,268,0.3611859838274933,16.344827586206897,4.504984688013822,25,16.344827586206897,6.8645810685092465,28,0,4,2.9,1.2206555615733703,2,213,0.44936708860759494,0.583743842364532,0.8987341772151899,1,371,268,5,True,2,0.7223719676549866,0,0,10,6,False
8,4,40,46,6,0.13043478260869565,5.0,0.0,5,5.0,0.8660254037844386,7,0,3,2.0,0.7071067811865476,1,19,0.475,0.7142857142857143,0.95,1,23,6,0,False,1,0.2608695652173913,0,0,4,2,False
10,2,16,50,34,0.68,1.6,0.66332495807108,3,1.6,0.66332495807108,3,0,5,5.0,0.0,0,8,0.5,0.17777777777777778,1.0,3,25,34,0,False,1,1.36,0,0,2,5,False
4,3,10,10,0,0.0,2.5,0.5,3,2.5,0.5,3,0,2,1.3333333333333333,0.4714045207910317,2,5,0.5,0.8333333333333334,1.0,1,5,0,0,False,0,0.0,0,0,3,7,False
2,2,2,2,0,0.0,1.0,0.0,1,1.0,0.0,1,0,1,1.0,0.0,2,1,0.5,1.0,1.0,1,0,0,0,False,0,,0,0,2,1,False
6,6,30,30,0,0.0,5.0,0.0,5,5.0,0.0,5,0,1,1.0,0.0,6,15,0.5,1.0,1.0,1,15,0,0,False,0,0.0,0,0,6,7,False
6,5,27,28,1,0.03571428571428571,4.5,0.5,5,4.5,0.7637626158259734,5,0,2,1.2,0.4000000000000001,4,13,0.48148148148148145,0.9,0.9629629629629629,1,14,1,0,False,1,0.07142857142857142,0,0,5,1,False
6,4,20,24,4,0.16666666666666666,3.3333333333333335,0.7453559924999298,5,3.3333333333333335,1.7950549357115015,5,0,3,1.5,0.8660254037844386,3,8,0.4,0.6666666666666666,0.8,1,12,4,0,False,1,0.3333333333333333,0,0,4,2,False
6,5,26,28,2,0.07142857142857142,4.333333333333333,0.4714045207910317,5,4.333333333333333,1.1055415967851332,5,0,2,1.2,0.4,4,12,0.46153846153846156,0.8666666666666667,0.9230769230769231,1,14,2,0,False,1,0.14285714285714285,0,0,5,5,False
25,7,298,502,204,0.4063745019920319,11.92,6.674848312883222,24,11.92,6.590417285726299,24,0,7,3.5714285714285716,2.1946130708196026,2,104,0.348993288590604,0.49666666666666665,0.697986577181208,1,251,204,29,True,2,0.8127490039840638,0,0,7,6,False
16,9,182,222,40,0.18018018018018017,11.375,1.1110243021644486,13,11.375,3.950870157319777,15,0,3,1.7777777777777777,0.7856742013183862,4,77,0.4230769230769231,0.7583333333333333,0.8461538461538461,1,111,40,0,False,1,0.36036036036036034,0,0,9,8,False
8,6,50,52,2,0.038461538461538464,6.25,0.82915619758885,7,6.25,0.9682458365518543,7,0,2,1.3333333333333333,0.4714045207910317,4,24,0.48,0.8928571428571429,0.96,1,26,2,0,False,1,0.07692307692307693,0,0,6,2,False
6,4,20,26,6,0.23076923076923078,3.3333333333333335,0.4714045207910317,4,3.3333333333333335,1.4907119849998598,5,0,2,1.5,0.5,2,8,0.4,0.6666666666666666,0.8,1,13,6,0,False,1,0.46153846153846156,0,0,4,7,False
8,8,56,56,0,0.0,7.0,0.0,7,7.0,0.0,7,0,1,1.0,0.0,8,28,0.5,1.0,1.0,1,28,0,0,False,0,0.0,0,0,8,7,False
15,10,166,200,34,0.17,11.066666666666666,2.2939534045447005,14,11.066666666666666,2.2350739485653612,14,0,2,1.5,0.5,5,82,0.4939759036144578,0.7904761904761904,0.9879518072289156,1,100,34,1,True,2,0.34,0,0,10,3,False
9,3,23,48,25,0.5208333333333334,2.5555555555555554,0.8314794192830981,4,2.5555555555555554,2.1140330656044943,8,0,4,3.0,1.4142135623730951,1,6,0.2608695652173913,0.3194444444444444,0.5217391304347826,3,24,25,3,True,2,1.0416666666666667,1,0,3,8,True
19,9,208,316,108,0.34177215189873417,10.947368421052632,2.9104834868838925,18,10.947368421052632,2.9104834868838925,18,0,4,2.111111111111111,0.7370277311900889,1,104,0.5,0.6081871345029239,1.0,1,158,108,0,False,1,0.6835443037974683,0,0,9,2,False
11,4,51,90,39,0.43333333333333335,4.636363636363637,1.3666633071248098,7,4.636363636363637,2.8371793698776795,8,0,3,2.75,0.4330127018922193,0,11,0.21568627450980393,0.4636363636363636,0.43137254901960786,2,45,39,9,True,2,0.8666666666666667,0,0,4,6,False
2,2,2,2,0,0.0,1.0,0.0,1,1.0,0.0,1,0,1,1.0,0.0,2,1,0.5,1.0,1.0,1,0,0,0,False,0,,0,0,2,8,False
3,2,3,4,1,0.25,1.0,0.0,1,1.0,0.816496580927726,2,0,2,1.5,0.5,1,1,0.3333333333333333,0.5,0.6666666666666666,1,2,1,0,False,1,0.5,0,0,2,6,False
7,4,26,34,8,0.23529411764705882,3.7142857142857144,0.880630571852711,5,3.7142857142857144,1.4846149779161806,6,0,3,1.75,0.82915619758885,2,12,0.46153846153846156,0.6190476190476191,0.9230769230769231,1,17,8,0,False,1,0.47058823529411764,0,0,4,3,False
15,9,151,198,47,0.23737373737373738,10.066666666666666,2.0154955277107964,14,10.066666666666666,2.515728301881761,14,0,2,1.6666666666666667,0.4714045207910317,3,73,0.48344370860927155,0.719047619047619,0.9668874172185431,1,99,47,1,True,2,0.47474747474747475,0,0,9,5,False
21,10,198,396,198,0.5,9.428571428571429,0.49487165930539345,10,9.428571428571429,0.49487165930539345,10,0,3,2.1,0.3,0,99,0.5,0.4714285714285714,1.0,2,198,198,0,False,1,1.0,0,0,10,6,False
9,4,41,56,15,0.26785714285714285,4.555555555555555,1.4229164972072998,8,4.555555555555555,2.671292284482513,8,0,4,2.25,1.0897247358851685,1,14,0.34146341463414637,0.5694444444444444,0.6829268292682927,1,28,15,1,True,2,0.5357142857142857,0,0,4,4,False
14,5,87,156,69,0.4423076923076923,6.214285714285714,1.1450871101343856,8,6.214285714285714,2.1771072363040247,9,0,3,2.8,0.39999999999999997,0,39,0.4482758620689655,0.47802197802197804,0.896551724137931,1,78,69,6,True,3,0.8846153846153846,0,0,5,2,False
8,8,56,56,0,0.0,7.0,0.0,7,7.0,0.0,7,0,1,1.0,0.0,8,28,0.5,1.0,1.0,1,28,0,0,False,0,0.0,0,0,8,3,False
12,10,123,126,3,0.023809523809523808,10.25,0.82915619758885,11,10.25,1.479019945774904,11,0,3,1.2,0.6000000000000001,9,60,0.4878048780487805,0.9318181818181818,0.975609756097561,1,63,3,0,False,1,0.047619047619047616,0,0,10,7,False
18,7,117,276,159,0.5760869565217391,6.5,0.5,7,6.5,2.5,10,0,3,2.5714285714285716,0.49487165930539345,0,51,0.4358974358974359,0.38235294117647056,0.8717948717948718,3,138,159,12,True,2,1.1521739130434783,0,0,7,2,False
13,10,141,150,9,0.06,10.846153846153847,0.36080121229411,11,10.846153846153847,2.597222002482174,12,0,2,1.3,0.45825756949558405,7,66,0.46808510638297873,0.9038461538461539,0.9361702127659575,1,75,9,0,False,1,0.12,0,0,10,3,False
4,3,10,10,0,0.0,2.5,0.5,3,2.5,0.5,3,0,2,1.3333333333333333,0.4714045207910317,2,5,0.5,0.8333333333333334,1.0,1,5,0,0,False,0,0.0,0,0,3,5,False
11,7,94,100,6,0.06,8.545454545454545,1.0756508696544758,10,8.545454545454545,1.7248787237282068,10,0,3,1.5714285714285714,0.7284313590846835,4,44,0.46808510638297873,0.8545454545454545,0.9361702127659575,1,50,6,1,True,2,0.12,0,0,7,2,False
6,2,9,18,9,0.5,1.5,0.5,2,1.5,0.9574271077563381,3,0,3,3.0,0.0,0,2,0.2222222222222222,0.3,0.4444444444444444,2,9,9,3,True,2,1.0,0,0,2,6,False
16,8,161,210,49,0.23333333333333334,10.0625,2.816663584810937,14,10.0625,3.6991341892394227,15,0,4,2.0,1.3228756555322954,5,74,0.45962732919254656,0.6708333333333333,0.9192546583850931,1,105,49,4,True,4,0.4666666666666667,0,0,8,7,False
9,2,16,16,0,0.0,1.7777777777777777,2.199887763691481,8,1.7777777777777777,2.199887763691481,8,0,8,4.5,3.5,1,8,0.5,0.2222222222222222,1.0,1,8,0,0,False,0,0.0,0,0,2,2,False
11,5,83,94,11,0.11702127659574468,7.545454545454546,1.0756508696544755,10,7.545454545454546,1.304790917673393,10,0,3,2.2,0.7483314773547882,1,38,0.4578313253012048,0.7545454545454545,0.9156626506024096,1,47,11,2,True,2,0.23404255319148937,0,0,5,1,False
16,10,207,226,19,0.084070796460177,12.9375,1.0879309490955758,14,12.9375,2.4101024355823553,15,0,3,1.6,0.66332495807108,5,99,0.4782608695652174,0.8625,0.9565217391304348,1,113,19,0,False,1,0.168141592920354,0,0,10,6,False
18,7,126,274,148,0.5401459854014599,7.0,0.4714045207910317,8,7.0,1.699673171197595,9,0,4,2.5714285714285716,0.7284313590846836,0,59,0.46825396825396826,0.4117647058823529,0.9365079365079365,2,137,148,8,True,2,1.0802919708029197,0,0,7,4,False
10,4,38,74,36,0.4864864864864865,3.8,1.1661903789690602,6,3.8,2.1354156504062622,7,0,3,2.5,0.5,0,14,0.3684210526315789,0.4222222222222222,0.7368421052631579,1,37,36,7,True,2,0.972972972972973,0,0,4,2,False
4,3,9,10,1,0.1,2.25,0.4330127018922193,3,2.25,0.82915619758885,3,0,2,1.3333333333333333,0.4714045207910317,2,4,0.4444444444444444,0.75,0.8888888888888888,1,5,1,0,False,1,0.2,0,0,3,8,False
6,6,30,30,0,0.0,5.0,0.0,5,5.0,0.0,5,0,1,1.0,0.0,6,15,0.5,1.0,1.0,1,15,0,0,False,0,0.0,0,0,6,7,False
9,8,69,70,1,0.014285714285714285,7.666666666666667,0.4714045207910317,8,7.666666666666667,0.6666666666666666,8,0,2,1.125,0.33071891388307384,7,34,0.4927536231884058,0.9583333333333334,0.9855072463768116,1,35,1,0,False,1,0.02857142857142857,0,0,8,6,False
5,5,20,20,0,0.0,4.0,0.0,4,4.0,0.0,4,0,1,1.0,0.0,5,10,0.5,1.0,1.0,1,10,0,0,False,0,0.0,0,0,5,1,False
14,5,101,154,53,0.34415584415584416,7.214285714285714,1.4725377234348787,10,7.214285714285714,2.90759034814966,12,0,4,2.8,0.7483314773547882,0,44,0.43564356435643564,0.554945054945055,0.8712871287128713,1,77,53,6,True,2,0.6883116883116883,0,0,5,6,False
21,9,213,378,165,0.4365079365079365,10.142857142857142,1.319657758147716,13,10.142857142857142,7.642523357197289,20,0,5,2.3333333333333335,1.247219128924647,3,56,0.26291079812206575,0.5071428571428571,0.5258215962441315,3,189,165,20,True,2,0.873015873015873,0,0,9,3,False
24,10,376,504,128,0.25396825396825395,15.666666666666666,0.9428090415820634,17,15.666666666666666,7.888106377466155,23,0,4,2.4,1.2,3,148,0.39361702127659576,0.6811594202898551,0.7872340425531915,2,252,128,5,True,2,0.5079365079365079,0,0,10,4,False
2,2,2,2,0,0.0,1.0,0.0,1,1.0,0.0,1,0,1,1.0,0.0,2,1,0.5,1.0,1.0,1,0,0,0,False,0,,0,0,2,5,False
7,2,11,24,13,0.5416666666666666,1.5714285714285714,0.4948716593053935,2,1.5714285714285714,0.7284313590846835,2,0,4,3.5,0.5,0,5,0.45454545454545453,0.2619047619047619,0.9090909090909091,2,12,13,1,True,2,1.0833333333333333,0,0,2,2,False
7,5,31,38,7,0.18421052631578946,4.428571428571429,0.7284313590846836,6,4.428571428571429,1.761261143705422,6,0,2,1.4,0.4898979485566356,3,13,0.41935483870967744,0.7380952380952381,0.8387096774193549,1,19,7,1,True,2,0.3684210526315789,0,0,5,6,False
13,5,58,116,58,0.5,4.461538461538462,0.49851851526214314,5,4.461538461538462,4.601260439611748,12,0,5,2.6,1.9595917942265426,3,15,0.25862068965517243,0.3717948717948718,0.5172413793103449,3,58,58,4,True,4,1.0,0,0,5,3,False
7,6,35,40,5,0.125,5.0,0.0,5,5.0,2.0701966780270626,6,0,2,1.1666666666666667,0.3726779962499649,5,15,0.42857142857142855,0.8333333333333334,0.8571428571428571,1,20,5,0,False,1,0.25,0,0,6,7,False
6,4,22,26,4,0.15384615384615385,3.6666666666666665,0.4714045207910317,4,3.6666666666666665,1.699673171197595,5,0,2,1.5,0.5,2,9,0.4090909090909091,0.7333333333333333,0.8181818181818182,1,13,4,0,False,1,0.3076923076923077,0,0,4,6,False
8,7,52,54,2,0.037037037037037035,6.5,0.5,7,6.5,1.0,7,0,2,1.1428571428571428,0.3499271061118826,6,25,0.4807692307692308,0.9285714285714286,0.9615384615384616,1,27,2,0,False,1,0.07407407407407407,0,0,7,4,False
8,4,27,48,21,0.4375,3.375,0.9921567416492215,6,3.375,1.5761900266148114,6,0,2,2.0,0.0,0,9,0.3333333333333333,0.48214285714285715,0.6666666666666666,2,24,21,3,True,2,0.875,0,0,4,2,False
10,6,72,76,4,0.05263157894736842,7.2,1.8330302779823362,9,7.2,1.7204650534085253,9,0,4,1.6666666666666667,1.1055415967851332,4,34,0.4722222222222222,0.8,0.9444444444444444,1,38,4,0,False,1,0.10526315789473684,0,0,6,4,False
2,2,2,2,0,0.0,1.0,0.0,1,1.0,0.0,1,0,1,1.0,0.0,2,1,0.5,1.0,1.0,1,0,0,0,False,0,,0,0,2,8,False
16,6,150,188,38,0.20212765957446807,9.375,3.1598061649411346,15,9.375,3.950870157319777,15,0,6,2.6666666666666665,2.0548046676563256,3,65,0.43333333333333335,0.625,0.8666666666666667,1,94,38,5,True,3,0.40425531914893614,1,0,6,5,True
13,10,128,148,20,0.13513513513513514,9.846153846153847,0.36080121229410994,10,9.846153846153847,4.239850393698668,12,0,3,1.3,0.6403124237432849,8,54,0.421875,0.8205128205128205,0.84375,1,74,20,0,False,1,0.2702702702702703,0,0,10,3,False
12,7,103,122,19,0.1557377049180328,8.583333333333334,0.8620067027323834,10,8.583333333333334,2.253084305765962,11,0,2,1.7142857142857142,0.45175395145262565,2,46,0.44660194174757284,0.7803030303030303,0.8932038834951457,1,61,19,1,True,2,0.3114754098360656,0,0,7,8,False
5,5,20,20,0,0.0,4.0,0.0,4,4.0,0.0,4,0,1,1.0,0.0,5,10,0.5,1.0,1.0,1,10,0,0,False,0,0.0,0,0,5,5,False
7,4,30,34,4,0.11764705882352941,4.285714285714286,1.1605769149479943,6,4.285714285714286,1.577908716741037,6,0,3,1.75,0.82915619758885,2,13,0.43333333333333335,0.7142857142857143,0.8666666666666667,1,17,4,0,False,1,0.23529411764705882,0,0,4,3,False
9,9,72,72,0,0.0,8.0,0.0,8,8.0,0.0,8,0,1,1.0,0.0,9,36,0.5,1.0,1.0,1,36,0,0,False,0,0.0,0,0,9,7,False
3,3,6,6,0,0.0,2.0,0.0,2,2.0,0.0,2,0,1,1.0,0.0,3,3,0.5,1.0,1.0,1,3,0,0,False,0,0.0,0,0,3,6,False
9,9,72,72,0,0.0,8.0,0.0,8,8.0,0.0,8,0,1,1.0,0.0,9,36,0.5,1.0,1.0,1,36,0,0,False,0,0.0,0,0,9,3,False
9,8,65,70,5,0.07142857142857142,7.222222222222222,0.41573970964154905,8,7.222222222222222,1.872477727372524,8,0,2,1.125,0.33071891388307384,7,30,0.46153846153846156,0.9027777777777778,0.9230769230769231,1,35,5,0,False,1,0.14285714285714285,0,0,8,5,False
13,7,118,138,20,0.14492753623188406,9.076923076923077,1.4915938022819475,12,9.076923076923077,2.86790028958573,12,0,3,1.8571428571428572,0.989743318610787,4,49,0.4152542372881356,0.7564102564102564,0.8305084745762712,1,69,20,4,True,2,0.2898550724637681,0,0,7,6,False
15,10,180,198,18,0.09090909090909091,12.0,1.6733200530681511,14,12.0,1.7888543819998317,14,0,3,1.5,0.6708203932499369,6,89,0.49444444444444446,0.8571428571428571,0.9888888888888889,1,99,18,0,False,1,0.18181818181818182,0,0,10,1,False
16,7,142,208,66,0.3173076923076923,8.875,3.119995993587171,15,8.875,4.0600954422279285,15,0,4,2.2857142857142856,1.2777531299998797,3,63,0.44366197183098594,0.5916666666666667,0.8873239436619719,1,104,66,0,False,1,0.6346153846153846,0,0,7,8,False
9,5,41,58,17,0.29310344827586204,4.555555555555555,0.49690399499995325,5,4.555555555555555,3.402976184691901,8,0,4,1.8,1.1661903789690604,3,12,0.2926829268292683,0.5694444444444444,0.5853658536585366,1,29,17,1,True,2,0.5862068965517241,0,0,5,7,False
10,6,57,76,19,0.25,5.7,0.45825756949558405,6,5.7,3.848376280978771,9,0,4,1.6666666666666667,1.1055415967851332,4,19,0.3333333333333333,0.6333333333333333,0.6666666666666666,1,38,19,0,False,1,0.5,0,0,6,8,False
4,2,4,8,4,0.5,1.0,0.0,1,1.0,0.0,1,0,2,2.0,0.0,0,2,0.5,0.3333333333333333,1.0,2,4,4,0,False,1,1.0,0,0,2,2,False
3,3,6,6,0,0.0,2.0,0.0,2,2.0,0.0,2,0,1,1.0,0.0,3,3,0.5,1.0,1.0,1,3,0,0,False,0,0.0,0,0,3,1,False
11,7,90,90,0,0.0,8.181818181818182,1.9917183909278766,10,8.181818181818182,1.9917183909278766,10,0,5,1.5714285714285714,1.3997084244475304,6,45,0.5,0.8181818181818182,1.0,1,45,0,0,False,0,0.0,0,0,7,1,False
21,9,212,386,174,0.45077720207253885,10.095238095238095,2.4281045302822784,20,10.095238095238095,2.4281045302822784,20,0,4,2.3333333333333335,0.816496580927726,1,106,0.5,0.5047619047619047,1.0,1,193,174,0,False,1,0.9015544041450777,0,0,9,1,False
10,6,68,78,10,0.1282051282051282,6.8,1.8330302779823362,9,6.8,1.8330302779823362,9,0,3,1.6666666666666667,0.9428090415820634,4,34,0.5,0.7555555555555555,1.0,1,39,10,0,False,1,0.2564102564102564,0,0,6,1,False
5,4,15,18,3,0.16666666666666666,3.0,0.0,3,3.0,1.5491933384829668,4,0,2,1.25,0.4330127018922193,3,6,0.4,0.75,0.8,1,9,3,0,False,1,0.3333333333333333,0,0,4,6,False
10,8,80,86,6,0.06976744186046512,8.0,0.7745966692414834,9,8.0,1.7888543819998317,9,0,2,1.25,0.4330127018922193,6,37,0.4625,0.8888888888888888,0.925,1,43,6,1,True,2,0.13953488372093023,0,0,8,8,False
7,4,26,36,10,0.2777777777777778,3.7142857142857144,1.0301575072754257,6,3.7142857142857144,1.1605769149479943,6,0,2,1.75,0.4330127018922193,1,12,0.46153846153846156,0.6190476190476191,0.9230769230769231,1,18,10,0,False,1,0.5555555555555556,0,0,4,3,False
24,5,198,436,238,0.5458715596330275,8.25,4.728019317501428,23,8.25,5.174053858758462,23,0,7,4.8,2.227105745132009,1,49,0.2474747474747475,0.358695652173913,0.494949494949495,1,218,238,29,True,3,1.091743119266055,5,0,5,6,True
6,6,30,30,0,0.0,5.0,0.0,5,5.0,0.0,5,0,1,1.0,0.0,6,15,0.5,1.0,1.0,1,15,0,0,False,0,0.0,0,0,6,3,False
11,5,71,92,21,0.22826086956521738,6.454545454545454,1.304790917673393,9,6.454545454545454,2.995864918778924,10,0,4,2.2,0.9797958971132712,1,29,0.4084507042253521,0.6454545454545455,0.8169014084507042,1,46,21,5,True,2,0.45652173913043476,0,0,5,6,False
15,9,181,194,13,0.06701030927835051,12.066666666666666,0.679869268479038,13,12.066666666666666,2.6699979192667715,14,0,3,1.6666666666666667,0.816496580927726,5,84,0.46408839779005523,0.861904761904762,0.9281767955801105,1,97,13,1,True,2,0.13402061855670103,0,0,9,4,False
28,8,339,680,341,0.5014705882352941,12.107142857142858,3.2550980423492812,20,12.107142857142858,3.5389595496243738,20,0,5,3.5,0.8660254037844386,0,162,0.4778761061946903,0.44841269841269843,0.9557522123893806,1,340,341,5,True,2,1.0029411764705882,0,0,8,1,False
38,7,740,1190,450,0.37815126050420167,19.473684210526315,5.189751246980935,35,19.473684210526315,6.831570837721243,37,0,9,5.428571428571429,2.610809554642438,1,303,0.40945945945945944,0.5263157894736842,0.8189189189189189,1,595,450,24,True,2,0.7563025210084033,0,0,7,3,False
4,4,12,12,0,0.0,3.0,0.0,3,3.0,0.0,3,0,1,1.0,0.0,4,6,0.5,1.0,1.0,1,6,0,0,False,0,0.0,0,0,4,7,False
35,8,501,1054,553,0.5246679316888045,14.314285714285715,6.62364348838496,32,14.314285714285715,7.505317842594499,32,0,6,4.375,1.4947825928876748,0,173,0.34530938123752497,0.42100840336134454,0.6906187624750499,2,527,553,44,True,3,1.049335863377609,0,0,8,2,False
16,7,148,206,58,0.2815533980582524,9.25,2.5124689052802225,15,9.25,3.848701079585163,15,0,5,2.2857142857142856,1.3850513878332367,3,55,0.3716216216216216,0.6166666666666667,0.7432432432432432,1,103,58,10,True,2,0.5631067961165048,0,0,7,5,False
17,7,209,230,21,0.09130434782608696,12.294117647058824,1.902466073976027,15,12.294117647058824,3.1204205199705517,16,0,6,2.4285714285714284,1.5907898179514348,2,99,0.47368421052631576,0.7683823529411765,0.9473684210526315,1,115,21,0,False,1,0.1826086956521739,0,0,7,6,False
10,5,64,72,8,0.1111111111111111,6.4,1.9078784028338913,9,6.4,1.9078784028338913,9,0,4,2.0,1.2649110640673518,3,32,0.5,0.7111111111111111,1.0,1,36,8,0,False,1,0.2222222222222222,0,0,5,1,False
4,2,5,8,3,0.375,1.25,0.4330127018922193,2,1.25,0.4330127018922193,2,0,2,2.0,0.0,0,2,0.4,0.4166666666666667,0.8,2,4,3,0,False,1,0.75,0,0,2,4,False
3,3,6,6,0,0.0,2.0,0.0,2,2.0,0.0,2,0,1,1.0,0.0,3,3,0.5,1.0,1.0,1,3,0,0,False,0,0.0,0,0,3,5,False
28,10,358,678,320,0.471976401179941,12.785714285714286,6.019949826897841,27,12.785714285714286,6.031803466727385,27,0,6,2.8,1.661324772583615,4,173,0.48324022346368717,0.47354497354497355,0.9664804469273743,1,339,320,6,True,2,0.943952802359882,0,0,10,4,False
22,4,131,362,231,0.638121546961326,5.954545454545454,2.5668741642719093,11,5.954545454545454,3.686304785989163,12,0,6,5.5,0.5,0,28,0.21374045801526717,0.28354978354978355,0.42748091603053434,2,181,231,24,True,4,1.276243093922652,0,0,4,8,False
5,2,10,12,2,0.16666666666666666,2.0,0.6324555320336759,3,2.0,0.6324555320336759,3,0,3,2.5,0.5,0,5,0.5,0.5,1.0,1,6,2,0,False,1,0.3333333333333333,0,0,2,7,False
11,9,106,106,0,0.0,9.636363636363637,0.4810456929208346,10,9.636363636363637,0.4810456929208346,10,0,2,1.2222222222222223,0.41573970964154905,7,53,0.5,0.9636363636363636,1.0,1,53,0,0,False,0,0.0,0,0,9,2,False
4,4,12,12,0,0.0,3.0,0.0,3,3.0,0.0,3,0,1,1.0,0.0,4,6,0.5,1.0,1.0,1,6,0,0,False,0,0.0,0,0,4,1,False
17,10,206,254,48,0.1889763779527559,12.117647058823529,1.4904540540376385,16,12.117647058823529,4.7636164331830235,16,0,3,1.7,0.7810249675906655,5,85,0.41262135922330095,0.7573529411764706,0.8252427184466019,1,127,48,0,False,1,0.3779527559055118,0,0,10,7,False
20,7,181,336,155,0.46130952380952384,9.05,4.200892762258994,19,9.05,4.188973621306299,19,0,4,2.857142857142857,0.989743318610787,1,65,0.35911602209944754,0.4763157894736842,0.7182320441988951,1,168,155,16,True,3,0.9226190476190477,2,0,7,7,True
6,5,28,28,0,0.0,4.666666666666667,0.4714045207910317,5,4.666666666666667,0.4714045207910317,5,0,2,1.2,0.4,4,14,0.5,0.9333333333333333,1.0,1,14,0,0,False,0,0.0,0,0,5,1,False
2,2,2,2,0,0.0,1.0,0.0,1,1.0,0.0,1,0,1,1.0,0.0,2,1,0.5,1.0,1.0,1,0,0,0,False,0,,0,0,2,8,False
37,10,525,1216,691,0.5682565789473685,14.18918918918919,4.549058933496429,29,14.18918918918919,4.654772835853178,29,0,5,3.7,1.2688577540449522,0,252,0.48,0.39414414414414417,0.96,1,608,691,8,True,3,1.136513157894737,2,0,10,2,True
18,8,183,282,99,0.35106382978723405,10.166666666666666,2.140872096444188,13,10.166666666666666,5.30461015427985,16,0,3,2.25,0.4330127018922193,0,70,0.3825136612021858,0.5980392156862745,0.7650273224043715,2,141,99,17,True,2,0.7021276595744681,0,0,8,8,False
7,4,30,34,4,0.11764705882352941,4.285714285714286,0.4517539514526256,5,4.285714285714286,1.905952009160905,6,0,3,1.75,0.82915619758885,2,13,0.43333333333333335,0.7142857142857143,0.8666666666666667,1,17,4,0,False,1,0.23529411764705882,0,0,4,7,False
9,4,40,58,18,0.3103448275862069,4.444444444444445,1.7069212773041351,8,4.444444444444445,1.7069212773041351,8,0,3,2.25,0.82915619758885,1,18,0.45,0.5555555555555556,0.9,1,29,18,2,True,2,0.6206896551724138,0,0,4,4,False
5,3,12,14,2,0.14285714285714285,2.4,0.8000000000000002,4,2.4,1.3564659966250538,4,0,3,1.6666666666666667,0.9428090415820634,2,5,0.4166666666666667,0.6,0.8333333333333334,1,7,2,0,False,1,0.2857142857142857,0,0,3,1,False
13,9,126,148,22,0.14864864864864866,9.692307692307692,0.605692913385524,11,9.692307692307692,3.4055297878736392,12,0,2,1.4444444444444444,0.4969039949999533,5,56,0.4444444444444444,0.8076923076923077,0.8888888888888888,1,74,22,0,False,1,0.2972972972972973,0,0,9,4,False
25,5,198,496,298,0.6008064516129032,7.92,4.353573245048255,21,7.92,4.629643614793692,21,0,6,5.0,0.8944271909999159,0,73,0.3686868686868687,0.33,0.7373737373737373,1,248,298,10,True,2,1.2016129032258065,0,0,5,6,False
19,10,264,322,58,0.18012422360248448,13.894736842105264,2.5317923096433037,18,13.894736842105264,4.03790900606666,18,0,3,1.9,0.5385164807134504,2,105,0.3977272727272727,0.7719298245614035,0.7954545454545454,1,161,58,15,True,2,0.36024844720496896,0,0,10,4,False
47,9,640,1858,1218,0.6555435952637244,13.617021276595745,4.987444625573734,25,13.617021276595745,4.987444625573734,25,0,12,5.222222222222222,3.424674446093876,0,320,0.5,0.2960222016651249,1.0,2,929,1218,0,False,1,1.3110871905274488,0,0,9,1,False
15,9,175,190,15,0.07894736842105263,11.666666666666666,1.8135294011647258,14,11.666666666666666,2.98142396999972,14,0,4,1.6666666666666667,1.0540925533894598,6,80,0.45714285714285713,0.8333333333333334,0.9142857142857143,1,95,15,0,False,1,0.15789473684210525,0,0,9,2,False
7,2,10,24,14,0.5833333333333334,1.4285714285714286,0.4948716593053935,2,1.4285714285714286,1.178030178747903,3,0,4,3.5,0.5,0,3,0.3,0.23809523809523808,0.6,2,12,14,2,True,2,1.1666666666666667,0,0,2,4,False
6,3,23,24,1,0.041666666666666664,3.8333333333333335,0.3726779962499649,4,3.8333333333333335,0.3726779962499649,4,0,2,2.0,0.0,0,11,0.4782608695652174,0.7666666666666667,0.9565217391304348,1,12,1,0,False,1,0.08333333333333333,0,0,3,3,False
6,6,30,30,0,0.0,5.0,0.0,5,5.0,0.0,5,0,1,1.0,0.0,6,15,0.5,1.0,1.0,1,15,0,0,False,0,0.0,0,0,6,4,False
12,3,88,88,0,0.0,7.333333333333333,1.49071198499986,10,7.333333333333333,1.49071198499986,10,0,6,4.0,1.632993161855452,0,44,0.5,0.6666666666666666,1.0,1,44,0,0,False,0,0.0,0,0,3,8,False
8,5,45,50,5,0.1,5.625,0.6959705453537527,7,5.625,1.3169567191065923,7,0,2,1.6,0.4898979485566356,2,20,0.4444444444444444,0.8035714285714286,0.8888888888888888,1,25,5,1,True,2,0.2,0,0,5,2,False
2,2,2,2,0,0.0,1.0,0.0,1,1.0,0.0,1,0,1,1.0,0.0,2,1,0.5,1.0,1.0,1,0,0,0,False,0,,0,0,2,4,False
19,7,181,288,107,0.3715277777777778,9.526315789473685,3.101246286874997,15,9.526315789473685,5.082150612451921,18,0,5,2.7142857142857144,1.749635530559413,3,83,0.4585635359116022,0.5292397660818714,0.9171270718232044,1,144,107,0,False,1,0.7430555555555556,0,0,7,2,False
16,10,205,216,11,0.05092592592592592,12.8125,2.0068242947502903,15,12.8125,2.6743866119168334,15,0,5,1.6,1.2,7,97,0.47317073170731705,0.8541666666666666,0.9463414634146341,1,108,11,1,True,2,0.10185185185185185,0,0,10,1,False
17,9,202,248,46,0.18548387096774194,11.882352941176471,2.3485252679620148,16,11.882352941176471,3.5954604211614414,16,0,4,1.8888888888888888,0.9938079899999066,4,92,0.45544554455445546,0.7426470588235294,0.9108910891089109,1,124,46,0,False,1,0.3709677419354839,0,0,9,4,False
33,9,440,956,516,0.5397489539748954,13.333333333333334,4.197161137740796,21,13.333333333333334,4.197161137740796,21,0,6,3.6666666666666665,1.1547005383792515,0,220,0.5,0.4166666666666667,1.0,2,478,516,0,False,1,1.0794979079497908,0,0,9,1,False
22,6,150,370,220,0.5945945945945946,6.818181818181818,1.9917183909278768,14,6.818181818181818,5.465897278384515,20,0,7,3.6666666666666665,2.3570226039551585,0,39,0.26,0.3246753246753247,0.52,3,185,220,25,True,2,1.1891891891891893,1,0,6,8,True
18,7,137,274,137,0.5,7.611111111111111,1.4196591487978485,11,7.611111111111111,4.165184921717014,16,0,4,2.5714285714285716,0.7284313590846836,0,51,0.3722627737226277,0.4477124183006536,0.7445255474452555,1,137,137,20,True,3,1.0,0,0,7,8,False
5,5,20,20,0,0.0,4.0,0.0,4,4.0,0.0,4,0,1,1.0,0.0,5,10,0.5,1.0,1.0,1,10,0,0,False,0,0.0,0,0,5,1,False
16,8,168,210,42,0.2,10.5,2.958039891549808,15,10.5,3.1622776601683795,15,0,5,2.0,1.3228756555322954,4,78,0.4642857142857143,0.7,0.9285714285714286,1,105,42,3,True,2,0.4,0,0,8,6,False
12,10,113,128,15,0.1171875,9.416666666666666,0.4930066485916347,10,9.416666666666666,3.1743328257901515,11,0,2,1.2,0.4,8,50,0.4424778761061947,0.8560606060606061,0.8849557522123894,1,64,15,2,True,2,0.234375,0,0,10,8,False
14,9,145,172,27,0.1569767441860465,10.357142857142858,1.6303874586447609,13,10.357142857142858,1.9496205805651685,13,0,2,1.5555555555555556,0.4969039949999533,4,71,0.4896551724137931,0.7967032967032966,0.9793103448275862,1,86,27,0,False,1,0.313953488372093,0,0,9,3,False
2,2,2,2,0,0.0,1.0,0.0,1,1.0,0.0,1,0,1,1.0,0.0,2,1,0.5,1.0,1.0,1,0,0,0,False,0,,0,0,2,8,False
8,5,45,48,3,0.0625,5.625,1.3169567191065923,7,5.625,1.3169567191065923,7,0,3,1.6,0.8,3,21,0.4666666666666667,0.8035714285714286,0.9333333333333333,1,24,3,0,False,1,0.125,0,0,5,1,False
13,5,60,132,72,0.5454545454545454,4.615384615384615,0.7378202343558029,6,4.615384615384615,1.0029542161850231,6,0,4,2.6,0.8,0,29,0.48333333333333334,0.38461538461538464,0.9666666666666667,2,66,72,2,True,2,1.0909090909090908,0,0,5,4,False
25,6,158,508,350,0.6889763779527559,6.32,3.8752548303305168,24,6.32,3.977134646953759,24,0,5,4.166666666666667,1.4624940645653537,1,75,0.47468354430379744,0.2633333333333333,0.9493670886075949,1,254,350,7,True,2,1.3779527559055118,0,0,6,4,False
10,7,72,82,10,0.12195121951219512,7.2,1.0770329614269007,9,7.2,2.3151673805580453,9,0,3,1.4285714285714286,0.7284313590846835,5,31,0.4305555555555556,0.8,0.8611111111111112,1,41,10,0,False,1,0.24390243902439024,0,0,7,8,False
9,6,59,64,5,0.078125,6.555555555555555,1.1653431646335017,8,6.555555555555555,1.5713484026367723,8,0,3,1.5,0.7637626158259734,4,27,0.4576271186440678,0.8194444444444444,0.9152542372881356,1,32,5,1,True,2,0.15625,0,0,6,6,False
13,10,117,144,27,0.1875,9.0,0.0,9,9.0,4.9923017660270625,12,0,4,1.3,0.9000000000000001,9,45,0.38461538461538464,0.75,0.7692307692307693,1,72,27,0,False,1,0.375,0,0,10,1,False
8,7,51,54,3,0.05555555555555555,6.375,0.4841229182759271,7,6.375,1.1110243021644486,7,0,2,1.1428571428571428,0.34992710611188266,6,24,0.47058823529411764,0.9107142857142857,0.9411764705882353,1,27,3,0,False,1,0.1111111111111111,0,0,7,6,False
10,7,82,82,0,0.0,8.2,0.8717797887081348,9,8.2,0.8717797887081348,9,0,3,1.4285714285714286,0.7284313590846835,5,41,0.5,0.9111111111111111,1.0,1,41,0,0,False,0,0.0,0,0,7,1,False
32,10,379,918,539,0.5871459694989106,11.84375,3.231769784112105,20,11.84375,4.956746507286811,29,0,4,3.2,0.6,0,160,0.42216358839050133,0.38205645161290325,0.8443271767810027,1,459,539,37,True,2,1.1742919389978212,0,0,10,8,False
16,10,200,216,16,0.07407407407407407,12.5,1.7677669529663689,15,12.5,3.48209706929603,15,0,5,1.6,1.2,7,92,0.46,0.8333333333333334,0.92,1,108,16,1,True,2,0.14814814814814814,0,0,10,7,False
5,3,13,16,3,0.1875,2.6,0.8,4,2.6,1.019803902718557,4,0,2,1.6666666666666667,0.4714045207910317,1,5,0.38461538461538464,0.65,0.7692307692307693,1,8,3,1,True,2,0.375,0,0,3,5,False
16,9,204,220,16,0.07272727272727272,12.75,1.920286436967152,15,12.75,2.1360009363293826,15,0,3,1.7777777777777777,0.9162456945817024,5,97,0.47549019607843135,0.85,0.9509803921568627,1,110,16,0,False,1,0.14545454545454545,0,0,9,7,False
9,7,66,66,0,0.0,7.333333333333333,0.9428090415820634,8,7.333333333333333,0.9428090415820634,8,0,3,1.2857142857142858,0.6998542122237652,6,33,0.5,0.9166666666666666,1.0,1,33,0,0,False,0,0.0,0,0,7,2,False
17,6,128,234,106,0.452991452991453,7.529411764705882,2.379264519547845,14,7.529411764705882,4.766521077619505,16,0,4,2.8333333333333335,1.0671873729054748,1,38,0.296875,0.47058823529411764,0.59375,1,117,106,12,True,2,0.905982905982906,0,0,6,6,False
5,3,12,14,2,0.14285714285714285,2.4,0.8000000000000002,4,2.4,1.3564659966250538,4,0,3,1.6666666666666667,0.9428090415820634,2,5,0.4166666666666667,0.6,0.8333333333333334,1,7,2,0,False,1,0.2857142857142857,0,0,3,7,False
6,2,16,16,0,0.0,2.6666666666666665,0.9428090415820634,4,2.6666666666666665,0.9428090415820634,4,0,4,3.0,1.0,0,8,0.5,0.5333333333333333,1.0,1,8,0,0,False,0,0.0,0,0,2,2,False
18,9,210,278,68,0.2446043165467626,11.666666666666666,1.699673171197595,13,11.666666666666666,5.962847939999439,17,0,4,2.0,1.0540925533894598,4,77,0.36666666666666664,0.6862745098039216,0.7333333333333333,3,139,68,4,True,2,0.4892086330935252,0,0,9,5,False
16,10,157,220,63,0.2863636363636364,9.8125,0.7261843774138906,12,9.8125,5.692305662031862,15,0,4,1.6,1.0198039027185568,7,60,0.3821656050955414,0.6541666666666667,0.7643312101910829,2,110,63,2,True,2,0.5727272727272728,0,0,10,4,False
5,5,20,20,0,0.0,4.0,0.0,4,4.0,0.0,4,0,1,1.0,0.0,5,10,0.5,1.0,1.0,1,10,0,0,False,0,0.0,0,0,5,7,False
14,3,67,128,61,0.4765625,4.785714285714286,1.6552328894652095,8,4.785714285714286,3.0279311991752347,9,0,6,4.666666666666667,0.9428090415820634,0,21,0.31343283582089554,0.36813186813186816,0.6268656716417911,2,64,61,6,True,2,0.953125,0,0,3,5,False
13,3,41,96,55,0.5729166666666666,3.1538461538461537,2.62667247368675,12,3.1538461538461537,2.7692307692307696,12,0,6,4.333333333333333,2.357022603955158,1,17,0.4146341463414634,0.26282051282051283,0.8292682926829268,1,48,55,4,True,2,1.1458333333333333,0,0,3,7,False
20,10,241,328,87,0.2652439024390244,12.05,2.0365411854416298,15,12.05,6.437973283573022,19,0,6,2.0,1.7888543819998317,7,98,0.4066390041493776,0.6342105263157894,0.8132780082987552,1,164,87,3,True,2,0.5304878048780488,0,0,10,6,False
27,9,336,622,286,0.45980707395498394,12.444444444444445,2.657391276244755,20,12.444444444444445,6.679617051195173,24,0,7,3.0,1.699673171197595,0,120,0.35714285714285715,0.47863247863247865,0.7142857142857143,1,311,286,47,True,3,0.9196141479099679,0,0,9,6,False
18,8,163,258,95,0.3682170542635659,9.055555555555555,1.64898023107287,11,9.055555555555555,5.739456248172937,17,0,6,2.25,1.7853571071357126,5,65,0.3987730061349693,0.5326797385620915,0.7975460122699386,2,129,95,0,False,1,0.7364341085271318,0,0,8,4,False
7,6,40,40,0,0.0,5.714285714285714,0.45175395145262565,6,5.714285714285714,0.45175395145262565,6,0,2,1.1666666666666667,0.3726779962499649,5,20,0.5,0.9523809523809523,1.0,1,20,0,0,False,0,0.0,0,0,6,2,False
28,9,362,674,312,0.4629080118694362,12.928571428571429,6.654367907239422,27,12.928571428571429,6.62747835815064,27,0,6,3.111111111111111,1.5947444549341472,2,174,0.48066298342541436,0.47883597883597884,0.9613259668508287,1,337,312,10,True,2,0.9258160237388724,0,0,9,4,False
23,10,305,432,127,0.29398148148148145,13.26086956521739,2.7061506642774678,16,13.26086956521739,8.352127514978745,22,0,8,2.3,2.1,6,101,0.33114754098360655,0.6027667984189723,0.6622950819672131,1,216,127,4,True,2,0.5879629629629629,0,0,10,4,False
7,5,29,36,7,0.19444444444444445,4.142857142857143,0.3499271061118826,5,4.142857142857143,2.4159335036125373,6,0,3,1.4,0.8,4,11,0.3793103448275862,0.6904761904761905,0.7586206896551724,1,18,7,0,False,1,0.3888888888888889,0,0,5,7,False
56,9,732,2762,2030,0.7349746560463433,13.071428571428571,5.341405455954262,36,13.071428571428571,6.3128472828293996,36,0,8,6.222222222222222,1.6850834320114558,0,313,0.4275956284153005,0.23766233766233766,0.855191256830601,1,1381,2030,50,True,3,1.4699493120926865,3,0,9,8,True
7,2,15,24,9,0.375,2.142857142857143,0.989743318610787,3,2.142857142857143,1.124858267715973,4,0,4,3.5,0.5,0,5,0.3333333333333333,0.35714285714285715,0.6666666666666666,1,12,9,1,True,2,0.75,0,0,2,4,False
11,8,100,104,4,0.038461538461538464,9.090909090909092,0.899954085146515,10,9.090909090909092,0.899954085146515,10,0,2,1.375,0.4841229182759271,5,50,0.5,0.9090909090909091,1.0,1,52,4,0,False,1,0.07692307692307693,0,0,8,1,False
7,6,40,40,0,0.0,5.714285714285714,0.4517539514526256,6,5.714285714285714,0.4517539514526256,6,0,2,1.1666666666666667,0.3726779962499649,5,20,0.5,0.9523809523809523,1.0,1,20,0,0,False,0,0.0,0,0,6,1,False
24,8,403,498,95,0.19076305220883535,16.791666666666668,2.886450627019666,23,16.791666666666668,4.8129960061852906,23,0,4,3.0,0.8660254037844386,1,177,0.4392059553349876,0.730072463768116,0.8784119106699751,1,249,95,13,True,4,0.3815261044176707,0,0,8,6,False
8,4,36,46,10,0.21739130434782608,4.5,0.5,5,4.5,1.8708286933869707,7,0,3,2.0,0.7071067811865476,1,15,0.4166666666666667,0.6428571428571429,0.8333333333333334,1,23,10,0,False,1,0.43478260869565216,0,0,4,3,False
5,5,20,20,0,0.0,4.0,0.0,4,4.0,0.0,4,0,1,1.0,0.0,5,10,0.5,1.0,1.0,1,10,0,0,False,0,0.0,0,0,5,1,False
14,6,86,158,72,0.45569620253164556,6.142857142857143,2.799416848895061,13,6.142857142857143,2.799416848895061,13,0,3,2.3333333333333335,0.9428090415820634,2,43,0.5,0.4725274725274725,1.0,1,79,72,0,False,1,0.9113924050632911,0,0,6,1,False
10,7,72,82,10,0.12195121951219512,7.2,0.39999999999999997,8,7.2,2.6758176320519302,9,0,3,1.4285714285714286,0.7284313590846835,5,31,0.4305555555555556,0.8,0.8611111111111112,1,41,10,0,False,1,0.24390243902439024,0,0,7,3,False
5,4,15,18,3,0.16666666666666666,3.0,0.0,3,3.0,1.5491933384829668,4,0,2,1.25,0.4330127018922193,3,6,0.4,0.75,0.8,1,9,3,0,False,1,0.3333333333333333,0,0,4,7,False
12,5,77,110,33,0.3,6.416666666666667,2.059867849051379,11,6.416666666666667,3.0402393911591163,11,0,4,2.4,1.019803902718557,1,28,0.36363636363636365,0.5833333333333334,0.7272727272727273,1,55,33,2,True,2,0.6,0,0,5,4,False
26,4,115,502,387,0.7709163346613546,4.423076923076923,1.94487644304162,10,4.423076923076923,2.544573062618937,12,0,8,6.5,1.118033988749895,0,44,0.3826086956521739,0.17692307692307693,0.7652173913043478,6,251,387,14,True,3,1.5418326693227091,4,0,4,3,True
15,7,104,180,76,0.4222222222222222,6.933333333333334,0.8537498983243801,8,6.933333333333334,4.972814986392405,14,0,5,2.142857142857143,1.355261854357877,3,37,0.3557692307692308,0.49523809523809526,0.7115384615384616,1,90,76,8,True,2,0.8444444444444444,0,0,7,7,False
26,9,304,550,246,0.44727272727272727,11.692307692307692,1.4079234782863943,15,11.692307692307692,8.470624492322914,25,0,9,2.888888888888889,2.3778816176702997,3,98,0.3223684210526316,0.4676923076923077,0.6447368421052632,1,275,246,32,True,2,0.8945454545454545,0,0,9,4,False
3,2,4,4,0,0.0,1.3333333333333333,0.4714045207910317,2,1.3333333333333333,0.4714045207910317,2,0,2,1.5,0.5,1,2,0.5,0.6666666666666666,1.0,1,2,0,0,False,0,0.0,0,0,2,1,False
10,6,62,80,18,0.225,6.2,1.5362291495737217,9,6.2,2.5612496949731396,9,0,3,1.6666666666666667,0.74535599249993,3,24,0.3870967741935484,0.6888888888888889,0.7741935483870968,1,40,18,4,True,2,0.45,0,0,6,8,False
3,3,6,6,0,0.0,2.0,0.0,2,2.0,0.0,2,0,1,1.0,0.0,3,3,0.5,1.0,1.0,1,3,0,0,False,0,0.0,0,0,3,7,False
8,8,56,56,0,0.0,7.0,0.0,7,7.0,0.0,7,0,1,1.0,0.0,8,28,0.5,1.0,1.0,1,28,0,0,False,0,0.0,0,0,8,1,False
5,5,20,20,0,0.0,4.0,0.0,4,4.0,0.0,4,0,1,1.0,0.0,5,10,0.5,1.0,1.0,1,10,0,0,False,0,0.0,0,0,5,3,False
10,5,58,74,16,0.21621621621621623,5.8,0.7483314773547882,7,5.8,3.4871191548325386,9,0,4,2.0,1.0954451150103321,2,21,0.3620689655172414,0.6444444444444445,0.7241379310344828,1,37,16,0,False,1,0.43243243243243246,0,0,5,6,False
7,7,42,42,0,0.0,6.0,0.0,6,6.0,0.0,6,0,1,1.0,0.0,7,21,0.5,1.0,1.0,1,21,0,0,False,0,0.0,0,0,7,4,False
3,3,6,6,0,0.0,2.0,0.0,2,2.0,0.0,2,0,1,1.0,0.0,3,3,0.5,1.0,1.0,1,3,0,0,False,0,0.0,0,0,3,3,False
15,10,177,198,21,0.10606060606060606,11.8,1.833030277982336,14,11.8,2.4819347291981715,14,0,3,1.5,0.6708203932499369,6,82,0.4632768361581921,0.8428571428571429,0.9265536723163842,1,99,21,2,True,2,0.21212121212121213,0,0,10,6,False
11,8,104,104,0,0.0,9.454545454545455,0.49792959773196915,10,9.454545454545455,0.49792959773196915,10,0,2,1.375,0.4841229182759271,5,52,0.5,0.9454545454545454,1.0,1,52,0,0,False,0,0.0,0,0,8,1,False
11,4,68,90,22,0.24444444444444444,6.181818181818182,1.4024771473219557,9,6.181818181818182,2.0810042076835633,9,0,3,2.75,0.4330127018922193,0,29,0.4264705882352941,0.6181818181818182,0.8529411764705882,1,45,22,2,True,2,0.4888888888888889,0,0,4,6,False
7,6,40,40,0,0.0,5.714285714285714,0.4517539514526256,6,5.714285714285714,0.4517539514526256,6,0,2,1.1666666666666667,0.3726779962499649,5,20,0.5,0.9523809523809523,1.0,1,20,0,0,False,0,0.0,0,0,6,3,False
9,8,70,70,0,0.0,7.777777777777778,0.41573970964154905,8,7.777777777777778,0.41573970964154905,8,0,2,1.125,0.33071891388307384,7,35,0.5,0.9722222222222222,1.0,1,35,0,0,False,0,0.0,0,0,8,5,False
4,2,5,8,3,0.375,1.25,0.4330127018922193,2,1.25,0.82915619758885,2,0,2,2.0,0.0,0,1,0.2,0.4166666666666667,0.4,1,4,3,1,True,2,0.75,0,0,2,8,False
13,9,125,148,23,0.1554054054054054,9.615384615384615,1.4955555457864294,11,9.615384615384615,3.101822331331685,12,0,2,1.4444444444444444,0.4969039949999533,5,57,0.456,0.8012820512820513,0.912,1,74,23,0,False,1,0.3108108108108108,0,0,9,2,False
11,7,89,102,13,0.12745098039215685,8.090909090909092,1.2398346997259868,10,8.090909090909092,1.8807418968706546,10,0,2,1.5714285714285714,0.4948716593053935,3,42,0.47191011235955055,0.8090909090909091,0.9438202247191011,1,51,13,2,True,2,0.2549019607843137,0,0,7,6,False
2,2,2,2,0,0.0,1.0,0.0,1,1.0,0.0,1,0,1,1.0,0.0,2,1,0.5,1.0,1.0,1,0,0,0,False,0,,0,0,2,7,False
5,3,10,14,4,0.2857142857142857,2.0,0.0,2,2.0,1.7888543819998317,4,0,3,1.6666666666666667,0.9428090415820634,2,3,0.3,0.5,0.6,1,7,4,0,False,1,0.5714285714285714,0,0,3,6,False
8,6,48,52,4,0.07692307692307693,6.0,1.0,7,6.0,1.0,7,0,2,1.3333333333333333,0.4714045207910317,4,24,0.5,0.8571428571428571,1.0,1,26,4,0,False,1,0.15384615384615385,0,0,6,4,False
3,3,6,6,0,0.0,2.0,0.0,2,2.0,0.0,2,0,1,1.0,0.0,3,3,0.5,1.0,1.0,1,3,0,0,False,0,0.0,0,0,3,1,False
17,8,193,242,49,0.2024793388429752,11.352941176470589,1.9385008297981272,16,11.352941176470589,2.084711193725806,16,0,5,2.125,1.165922381636102,2,92,0.47668393782383417,0.7095588235294118,0.9533678756476683,1,121,49,4,True,2,0.4049586776859504,0,0,8,2,False
42,10,651,1498,847,0.5654205607476636,15.5,6.142164966539931,40,15.5,12.694674548989505,41,0,9,4.2,2.9933259094191533,3,249,0.3824884792626728,0.3780487804878049,0.7649769585253456,1,749,847,6,True,3,1.1308411214953271,0,0,10,2,False
12,6,90,114,24,0.21052631578947367,7.5,0.8660254037844386,9,7.5,3.7080992435478315,11,0,3,2.0,1.0,3,33,0.36666666666666664,0.6818181818181818,0.7333333333333333,1,57,24,0,False,1,0.42105263157894735,0,0,6,7,False
7,7,42,42,0,0.0,6.0,0.0,6,6.0,0.0,6,0,1,1.0,0.0,7,21,0.5,1.0,1.0,1,21,0,0,False,0,0.0,0,0,7,7,False
2,2,2,2,0,0.0,1.0,0.0,1,1.0,0.0,1,0,1,1.0,0.0,2,1,0.5,1.0,1.0,1,0,0,0,False,0,,0,0,2,1,False
13,9,126,146,20,0.136986301369863,9.692307692307692,0.46153846153846156,10,9.692307692307692,4.176575987845609,12,0,3,1.4444444444444444,0.6849348892187752,6,53,0.42063492063492064,0.8076923076923077,0.8412698412698413,1,73,20,0,False,1,0.273972602739726,0,0,9,3,False
12,6,81,116,35,0.3017241379310345,6.75,2.0463381929681126,10,6.75,2.7726341266023544,11,0,3,2.0,0.816496580927726,2,29,0.35802469135802467,0.6136363636363636,0.7160493827160493,1,58,35,7,True,3,0.603448275862069,0,0,6,8,False
9,8,64,70,6,0.08571428571428572,7.111111111111111,0.3142696805273545,8,7.111111111111111,2.182986967154278,8,0,2,1.125,0.33071891388307384,7,29,0.453125,0.8888888888888888,0.90625,1,35,6,0,False,1,0.17142857142857143,0,0,8,8,False
2,2,2,2,0,0.0,1.0,0.0,1,1.0,0.0,1,0,1,1.0,0.0,2,1,0.5,1.0,1.0,1,0,0,0,False,0,,0,0,2,7,False
11,7,81,90,9,0.1,7.363636363636363,1.610913195151759,10,7.363636363636363,3.053246477044848,10,0,5,1.5714285714285714,1.3997084244475304,6,36,0.4444444444444444,0.7363636363636363,0.8888888888888888,1,45,9,0,False,1,0.2,0,0,7,7,False
20,9,222,328,106,0.3231707317073171,11.1,3.1128764832546763,19,11.1,6.503076195155644,19,0,5,2.2222222222222223,1.7497795275581802,6,79,0.35585585585585583,0.5842105263157895,0.7117117117117117,1,164,106,7,True,2,0.6463414634146342,0,0,9,4,False
34,8,449,990,541,0.5464646464646464,13.205882352941176,4.897654971662794,26,13.205882352941176,6.1106436156859845,24,0,8,4.25,1.6393596310755,0,184,0.40979955456570155,0.4001782531194296,0.8195991091314031,1,495,541,42,True,2,1.0929292929292929,0,0,8,6,False
15,9,150,192,42,0.21875,10.0,2.8284271247461903,14,10.0,3.286335345030997,14,0,3,1.6666666666666667,0.9428090415820634,6,72,0.48,0.7142857142857143,0.96,1,96,42,0,False,1,0.4375,0,0,9,2,False
14,8,140,140,0,0.0,10.0,3.0,13,10.0,3.0,13,0,7,1.75,1.984313483298443,7,70,0.5,0.7692307692307693,1.0,1,70,0,0,False,0,0.0,0,0,8,2,False
5,4,18,18,0,0.0,3.6,0.4898979485566356,4,3.6,0.4898979485566356,4,0,2,1.25,0.4330127018922193,3,9,0.5,0.9,1.0,1,9,0,0,False,0,0.0,0,0,4,1,False
13,6,84,138,54,0.391304347826087,6.461538461538462,1.0088366960464616,8,6.461538461538462,2.9251005141279296,12,0,3,2.1666666666666665,0.6871842709362768,1,35,0.4166666666666667,0.5384615384615384,0.8333333333333334,1,69,54,2,True,2,0.782608695652174,0,0,6,1,False
13,6,87,140,53,0.37857142857142856,6.6923076923076925,1.8967427701443005,11,6.6923076923076925,4.007389623886494,11,0,3,2.1666666666666665,0.3726779962499649,0,20,0.22988505747126436,0.5576923076923077,0.45977011494252873,2,70,53,15,True,2,0.7571428571428571,0,0,6,6,False
17,9,192,250,58,0.232,11.294117647058824,1.485803640037069,14,11.294117647058824,3.9669918353146745,16,0,3,1.8888888888888888,0.8748897637790901,4,87,0.453125,0.7058823529411765,0.90625,1,125,58,1,True,2,0.464,0,0,9,7,False
27,6,261,600,339,0.565,9.666666666666666,4.371625682868,20,9.666666666666666,4.815099706671211,22,0,6,4.5,1.118033988749895,0,78,0.2988505747126437,0.3717948717948718,0.5977011494252874,2,300,339,20,True,2,1.13,0,0,6,4,False
3,3,6,6,0,0.0,2.0,0.0,2,2.0,0.0,2,0,1,1.0,0.0,3,3,0.5,1.0,1.0,1,3,0,0,False,0,0.0,0,0,3,5,False
33,9,638,950,312,0.32842105263157895,19.333333333333332,3.417128571881321,26,19.333333333333332,6.834257143762643,30,0,6,3.6666666666666665,1.4142135623730951,0,223,0.3495297805642633,0.6041666666666666,0.6990595611285266,1,475,312,39,True,3,0.6568421052631579,0,0,9,7,False
14,4,68,134,66,0.4925373134328358,4.857142857142857,2.531435020952764,13,4.857142857142857,2.7479120088101916,13,0,6,3.5,1.8027756377319946,1,32,0.47058823529411764,0.37362637362637363,0.9411764705882353,1,67,66,2,True,2,0.9850746268656716,0,0,4,6,False
6,5,24,28,4,0.14285714285714285,4.0,0.0,4,4.0,1.8257418583505538,5,0,2,1.2,0.4000000000000001,4,10,0.4166666666666667,0.8,0.8333333333333334,1,14,4,0,False,1,0.2857142857142857,0,0,5,5,False
24,7,252,484,232,0.4793388429752066,10.5,2.449489742783178,14,10.5,2.449489742783178,14,0,5,3.4285714285714284,1.178030178747903,0,126,0.5,0.45652173913043476,1.0,2,242,232,0,False,1,0.9586776859504132,0,0,7,1,False
16,10,209,224,15,0.06696428571428571,13.0625,1.3448396744593758,15,13.0625,1.5599979967935855,15,0,3,1.6,0.8,6,103,0.49282296650717705,0.8708333333333333,0.9856459330143541,1,112,15,0,False,1,0.13392857142857142,0,0,10,3,False
16,8,153,220,67,0.30454545454545456,9.5625,1.8360538526960477,12,9.5625,4.44365769946336,15,0,3,2.0,0.7071067811865476,2,61,0.39869281045751637,0.6375,0.7973856209150327,1,110,67,11,True,2,0.6090909090909091,0,0,8,7,False
3,2,4,4,0,0.0,1.3333333333333333,0.4714045207910317,2,1.3333333333333333,0.4714045207910317,2,0,2,1.5,0.5,1,2,0.5,0.6666666666666666,1.0,1,2,0,0,False,0,0.0,0,0,2,7,False
2,2,2,2,0,0.0,1.0,0.0,1,1.0,0.0,1,0,1,1.0,0.0,2,1,0.5,1.0,1.0,1,0,0,0,False,0,,0,0,2,3,False
36,10,560,1024,464,0.453125,15.555555555555555,4.560972389283065,26,15.555555555555555,12.990262259871697,35,0,11,3.6,3.773592452822642,4,181,0.32321428571428573,0.4444444444444444,0.6464285714285715,1,512,464,39,True,3,0.90625,0,0,10,7,False
4,2,6,8,2,0.25,1.5,0.5,2,1.5,0.5,2,0,2,2.0,0.0,0,3,0.5,0.5,1.0,1,4,2,0,False,1,0.5,0,0,2,3,False
9,5,49,64,15,0.234375,5.444444444444445,0.6849348892187751,6,5.444444444444445,1.892154040658489,8,0,2,1.8,0.4,1,20,0.40816326530612246,0.6805555555555556,0.8163265306122449,1,32,15,2,True,2,0.46875,0,0,5,7,False
8,7,54,54,0,0.0,6.75,0.4330127018922193,7,6.75,0.4330127018922193,7,0,2,1.1428571428571428,0.34992710611188266,6,27,0.5,0.9642857142857143,1.0,1,27,0,0,False,0,0.0,0,0,7,7,False
7,6,40,40,0,0.0,5.714285714285714,0.4517539514526256,6,5.714285714285714,0.4517539514526256,6,0,2,1.1666666666666667,0.3726779962499649,5,20,0.5,0.9523809523809523,1.0,1,20,0,0,False,0,0.0,0,0,6,2,False
6,3,22,22,0,0.0,3.6666666666666665,0.7453559924999298,5,3.6666666666666665,0.7453559924999298,5,0,3,2.0,0.816496580927726,1,11,0.5,0.7333333333333333,1.0,1,11,0,0,False,0,0.0,0,0,3,2,False
6,6,30,30,0,0.0,5.0,0.0,5,5.0,0.0,5,0,1,1.0,0.0,6,15,0.5,1.0,1.0,1,15,0,0,False,0,0.0,0,0,6,1,False
8,5,44,44,0,0.0,5.5,1.5,7,5.5,1.5,7,0,4,1.6,1.2,4,22,0.5,0.7857142857142857,1.0,1,22,0,0,False,0,0.0,0,0,5,3,False
22,6,163,402,239,0.5945273631840796,7.409090909090909,1.6141164458695185,13,7.409090909090909,2.6741029236514056,13,0,4,3.6666666666666665,0.4714045207910317,0,66,0.4049079754601227,0.3528138528138528,0.8098159509202454,1,201,239,16,True,2,1.1890547263681592,0,0,6,5,False
2,2,2,2,0,0.0,1.0,0.0,1,1.0,0.0,1,0,1,1.0,0.0,2,1,0.5,1.0,1.0,1,0,0,0,False,0,,0,0,2,7,False
18,9,211,262,51,0.1946564885496183,11.722222222222221,3.9130203673200743,17,11.722222222222221,4.30510750356875,17,0,6,2.0,1.699673171197595,6,95,0.45023696682464454,0.6895424836601307,0.9004739336492891,1,131,51,1,True,2,0.3893129770992366,0,0,9,3,False
4,2,5,8,3,0.375,1.25,0.4330127018922193,2,1.25,0.82915619758885,2,0,2,2.0,0.0,0,2,0.4,0.4166666666666667,0.8,1,4,3,1,True,2,0.75,0,0,2,8,False
14,5,92,150,58,0.38666666666666666,6.571428571428571,1.635074734608514,9,6.571428571428571,4.321280989215478,12,0,5,2.8,1.16619037896906,0,30,0.32608695652173914,0.5054945054945055,0.6521739130434783,1,75,58,10,True,4,0.7733333333333333,1,0,5,7,True
34,9,456,978,522,0.5337423312883436,13.411764705882353,4.0519976704222405,22,13.411764705882353,6.193533853277586,24,0,8,3.7777777777777777,2.3465235646603197,0,165,0.3618421052631579,0.40641711229946526,0.7236842105263158,3,489,522,33,True,4,1.0674846625766872,3,0,9,6,True
10,8,80,86,6,0.06976744186046512,8.0,0.6324555320336759,9,8.0,2.04939015319192,9,0,2,1.25,0.4330127018922193,6,37,0.4625,0.8888888888888888,0.925,1,43,6,0,False,1,0.13953488372093023,0,0,8,6,False
5,2,8,12,4,0.3333333333333333,1.6,0.8,3,1.6,1.019803902718557,3,0,3,2.5,0.5,0,3,0.375,0.4,0.75,1,6,4,1,True,2,0.6666666666666666,0,0,2,5,False
16,6,116,208,92,0.4423076923076923,7.25,2.6575364531836625,11,7.25,4.264680527307995,14,0,4,2.6666666666666665,0.9428090415820634,0,40,0.3448275862068966,0.48333333333333334,0.6896551724137931,1,104,92,14,True,2,0.8846153846153846,0,0,6,5,False
15,9,189,194,5,0.02577319587628866,12.6,0.8793937305515279,14,12.6,1.7048949136725895,14,0,3,1.6666666666666667,0.816496580927726,5,92,0.48677248677248675,0.9,0.9735449735449735,1,97,5,0,False,1,0.05154639175257732,0,0,9,1,False
27,9,434,632,198,0.31329113924050633,16.074074074074073,4.198111797127334,24,16.074074074074073,6.906389558608302,26,0,5,3.0,1.3333333333333333,1,160,0.3686635944700461,0.6182336182336182,0.7373271889400922,1,316,198,19,True,2,0.6265822784810127,0,0,9,8,False
8,8,56,56,0,0.0,7.0,0.0,7,7.0,0.0,7,0,1,1.0,0.0,8,28,0.5,1.0,1.0,1,28,0,0,False,0,0.0,0,0,8,1,False
7,2,14,24,10,0.4166666666666667,2.0,0.9258200997725514,3,2.0,0.9258200997725514,3,0,4,3.5,0.5,0,5,0.35714285714285715,0.3333333333333333,0.7142857142857143,1,12,10,2,True,3,0.8333333333333334,1,0,2,3,True
21,7,240,374,134,0.3582887700534759,11.428571428571429,2.1728065802952066,15,11.428571428571429,5.473498303048005,18,0,4,3.0,0.7559289460184544,0,81,0.3375,0.5714285714285714,0.675,2,187,134,26,True,2,0.7165775401069518,0,0,7,7,False
9,4,43,50,7,0.14,4.777777777777778,1.227262335243029,8,4.777777777777778,2.4845199749997664,8,0,5,2.25,1.6393596310755,2,18,0.4186046511627907,0.5972222222222222,0.8372093023255814,1,25,7,0,False,1,0.28,0,0,4,4,False
2,2,2,2,0,0.0,1.0,0.0,1,1.0,0.0,1,0,1,1.0,0.0,2,1,0.5,1.0,1.0,1,0,0,0,False,0,,0,0,2,5,False
12,9,119,124,5,0.04032258064516129,9.916666666666666,0.6400954789890507,11,9.916666666666666,1.9346977943739831,11,0,3,1.3333333333333333,0.6666666666666666,7,57,0.4789915966386555,0.9015151515151515,0.957983193277311,1,62,5,0,False,1,0.08064516129032258,0,0,9,8,False
16,7,187,210,23,0.10952380952380952,11.6875,1.8614090764794289,14,11.6875,3.0561157945994126,15,0,4,2.2857142857142856,1.1605769149479943,2,82,0.4385026737967914,0.7791666666666667,0.8770053475935828,1,105,23,3,True,2,0.21904761904761905,0,0,7,7,False
6,5,28,28,0,0.0,4.666666666666667,0.4714045207910317,5,4.666666666666667,0.4714045207910317,5,0,2,1.2,0.4,4,14,0.5,0.9333333333333333,1.0,1,14,0,0,False,0,0.0,0,0,5,2,False
27,8,261,630,369,0.5857142857142857,9.666666666666666,2.260776661041756,15,9.666666666666666,3.3333333333333335,15,0,5,3.375,0.9921567416492215,0,123,0.47126436781609193,0.3717948717948718,0.9425287356321839,2,315,369,9,True,2,1.1714285714285715,0,0,8,1,False
6,3,17,24,7,0.2916666666666667,2.8333333333333335,0.6871842709362768,4,2.8333333333333335,1.0671873729054748,4,0,2,2.0,0.0,0,6,0.35294117647058826,0.5666666666666667,0.7058823529411765,1,12,7,1,True,2,0.5833333333333334,0,0,3,8,False
12,5,56,112,56,0.5,4.666666666666667,1.2472191289246473,8,4.666666666666667,2.2484562605386733,9,0,4,2.4,0.8000000000000002,0,22,0.39285714285714285,0.42424242424242425,0.7857142857142857,1,56,56,9,True,3,1.0,0,0,5,6,False
20,7,223,340,117,0.34411764705882353,11.15,1.5256146302392357,13,11.15,5.131033034389859,16,0,4,2.857142857142857,0.6388765649999399,0,79,0.3542600896860987,0.5868421052631579,0.7085201793721974,1,170,117,18,True,3,0.6882352941176471,0,0,7,6,False
23,10,313,462,149,0.3225108225108225,13.608695652173912,3.046582268061713,19,13.608695652173912,6.0414447626719125,22,0,5,2.3,1.1874342087037917,3,135,0.43130990415335463,0.6185770750988142,0.8626198083067093,1,231,149,19,True,2,0.645021645021645,0,0,10,7,False
15,8,148,178,30,0.16853932584269662,9.866666666666667,3.3836206774532056,14,9.866666666666667,3.3836206774532056,14,0,5,1.875,1.5360257159305635,6,74,0.5,0.7047619047619048,1.0,1,89,30,0,False,1,0.33707865168539325,0,0,8,1,False
4,3,10,10,0,0.0,2.5,0.5,3,2.5,0.5,3,0,2,1.3333333333333333,0.4714045207910317,2,5,0.5,0.8333333333333334,1.0,1,5,0,0,False,0,0.0,0,0,3,2,False
17,8,212,248,36,0.14516129032258066,12.470588235294118,1.8508391438296792,16,12.470588235294118,3.0315526415823824,16,0,3,2.125,0.7806247497997998,2,95,0.4481132075471698,0.7794117647058824,0.8962264150943396,1,124,36,0,False,1,0.2903225806451613,0,0,8,2,False
13,10,131,150,19,0.12666666666666668,10.076923076923077,0.8284868934053085,12,10.076923076923077,3.3618112897557166,12,0,2,1.3,0.45825756949558394,7,56,0.42748091603053434,0.8397435897435898,0.8549618320610687,1,75,19,1,True,2,0.25333333333333335,0,0,10,5,False
3,2,4,4,0,0.0,1.3333333333333333,0.4714045207910317,2,1.3333333333333333,0.4714045207910317,2,0,2,1.5,0.5,1,2,0.5,0.6666666666666666,1.0,1,2,0,0,False,0,0.0,0,0,2,3,False
13,10,150,150,0,0.0,11.538461538461538,0.49851851526214314,12,11.538461538461538,0.49851851526214314,12,0,2,1.3,0.45825756949558405,7,75,0.5,0.9615384615384616,1.0,1,75,0,0,False,0,0.0,0,0,10,7,False
5,5,20,20,0,0.0,4.0,0.0,4,4.0,0.0,4,0,1,1.0,0.0,5,10,0.5,1.0,1.0,1,10,0,0,False,0,0.0,0,0,5,7,False
6,3,22,22,0,0.0,3.6666666666666665,0.7453559924999298,5,3.6666666666666665,0.7453559924999298,5,0,3,2.0,0.816496580927726,1,11,0.5,0.7333333333333333,1.0,1,11,0,0,False,0,0.0,0,0,3,7,False
34,8,362,1002,640,0.6387225548902196,10.647058823529411,3.3420876967863036,21,10.647058823529411,3.5800291893418676,18,0,6,4.25,1.0897247358851685,0,163,0.45027624309392267,0.3226381461675579,0.9005524861878453,1,501,640,23,True,3,1.2774451097804391,0,0,8,4,False
9,6,60,60,0,0.0,6.666666666666667,1.4907119849998598,8,6.666666666666667,1.4907119849998598,8,0,4,1.5,1.118033988749895,5,30,0.5,0.8333333333333334,1.0,1,30,0,0,False,0,0.0,0,0,6,1,False
10,5,59,80,21,0.2625,5.9,1.374772708486752,8,5.9,1.7578395831246945,8,0,2,2.0,0.0,0,25,0.423728813559322,0.6555555555555556,0.847457627118644,1,40,21,3,True,2,0.525,0,0,5,2,False
85,10,1311,6442,5131,0.7964917727413847,15.423529411764706,7.7267700741349055,52,15.423529411764706,7.947439795805847,52,0,14,8.5,2.4596747752497685,0,618,0.47139588100686497,0.18361344537815127,0.9427917620137299,1,3221,5131,38,True,2,1.5929835454827694,0,0,10,3,False
5,5,20,20,0,0.0,4.0,0.0,4,4.0,0.0,4,0,1,1.0,0.0,5,10,0.5,1.0,1.0,1,10,0,0,False,0,0.0,0,0,5,8,False
6,5,28,28,0,0.0,4.666666666666667,0.4714045207910317,5,4.666666666666667,0.4714045207910317,5,0,2,1.2,0.4,4,14,0.5,0.9333333333333333,1.0,1,14,0,0,False,0,0.0,0,0,5,7,False
23,10,392,456,64,0.14035087719298245,17.043478260869566,3.5932093063294586,22,17.043478260869566,3.7355898302627115,22,0,6,2.3,1.4177446878757827,3,187,0.4770408163265306,0.7747035573122529,0.9540816326530612,1,228,64,7,True,2,0.2807017543859649,0,0,10,1,False
19,9,198,320,122,0.38125,10.421052631578947,1.5998614898495436,12,10.421052631578947,4.557420663324055,17,0,3,2.111111111111111,0.3142696805273545,0,81,0.4090909090909091,0.5789473684210527,0.8181818181818182,1,160,122,23,True,2,0.7625,0,0,9,8,False
4,4,12,12,0,0.0,3.0,0.0,3,3.0,0.0,3,0,1,1.0,0.0,4,6,0.5,1.0,1.0,1,6,0,0,False,0,0.0,0,0,4,6,False
22,4,94,358,264,0.7374301675977654,4.2727272727272725,2.004127971368055,11,4.2727272727272725,2.8632755905497493,15,0,7,5.5,1.118033988749895,0,31,0.32978723404255317,0.20346320346320346,0.6595744680851063,1,179,264,19,True,3,1.4748603351955307,0,0,4,7,False
11,7,81,96,15,0.15625,7.363636363636363,1.2984415324623362,10,7.363636363636363,3.3917742011232055,10,0,4,1.5714285714285714,1.049781318335648,5,33,0.4074074074074074,0.7363636363636363,0.8148148148148148,1,48,15,0,False,1,0.3125,0,0,7,6,False
9,7,60,66,6,0.09090909090909091,6.666666666666667,0.9428090415820634,8,6.666666666666667,2.0548046676563256,8,0,3,1.2857142857142858,0.6998542122237652,6,27,0.45,0.8333333333333334,0.9,1,33,6,0,False,1,0.18181818181818182,0,0,7,6,False
10,8,86,86,0,0.0,8.6,0.4898979485566356,9,8.6,0.4898979485566356,9,0,2,1.25,0.4330127018922193,6,43,0.5,0.9555555555555556,1.0,1,43,0,0,False,0,0.0,0,0,8,8,False
8,6,48,52,4,0.07692307692307693,6.0,1.0,7,6.0,1.0,7,0,2,1.3333333333333333,0.47140452079103173,4,24,0.5,0.8571428571428571,1.0,1,26,4,0,False,1,0.15384615384615385,0,0,6,3,False
11,7,76,102,26,0.2549019607843137,6.909090909090909,0.9958591954639383,8,6.909090909090909,3.52792871126041,10,0,2,1.5714285714285714,0.4948716593053935,3,28,0.3684210526315789,0.6909090909090909,0.7368421052631579,1,51,26,4,True,2,0.5098039215686274,0,0,7,7,False
7,3,18,22,4,0.18181818181818182,2.5714285714285716,1.3997084244475304,6,2.5714285714285716,2.1946130708196026,6,0,5,2.3333333333333335,1.8856180831641267,2,7,0.3888888888888889,0.42857142857142855,0.7777777777777778,1,11,4,0,False,1,0.36363636363636365,0,0,3,1,False
12,10,124,126,2,0.015873015873015872,10.333333333333334,0.9428090415820634,11,10.333333333333334,1.1785113019775793,11,0,3,1.2,0.6,9,61,0.49193548387096775,0.9393939393939394,0.9838709677419355,1,63,2,0,False,1,0.031746031746031744,0,0,10,4,False
16,6,124,196,72,0.3673469387755102,7.75,1.8540496217739157,9,7.75,5.238081709939241,15,0,5,2.6666666666666665,1.699673171197595,3,38,0.3064516129032258,0.5166666666666667,0.6129032258064516,3,98,72,0,False,1,0.7346938775510204,0,0,6,6,False
13,10,132,150,18,0.12,10.153846153846153,0.9483713850721502,12,10.153846153846153,2.567433733581329,12,0,2,1.3,0.45825756949558394,7,59,0.44696969696969696,0.8461538461538461,0.8939393939393939,1,75,18,0,False,1,0.24,0,0,10,8,False
24,7,236,486,250,0.51440329218107,9.833333333333334,3.5784850922639815,18,9.833333333333334,4.027681991198191,18,0,5,3.4285714285714284,1.049781318335648,0,105,0.4449152542372881,0.427536231884058,0.8898305084745762,1,243,250,11,True,2,1.02880658436214,1,0,7,6,True
11,10,100,108,8,0.07407407407407407,9.090909090909092,0.2874797872880345,10,9.090909090909092,2.5745095015465993,10,0,2,1.1,0.3,9,46,0.46,0.9090909090909091,0.92,1,54,8,0,False,1,0.14814814814814814,0,0,10,5,False
3,2,4,4,0,0.0,1.3333333333333333,0.4714045207910317,2,1.3333333333333333,0.4714045207910317,2,0,2,1.5,0.5,1,2,0.5,0.6666666666666666,1.0,1,2,0,0,False,0,0.0,0,0,2,8,False
5,5,20,20,0,0.0,4.0,0.0,4,4.0,0.0,4,0,1,1.0,0.0,5,10,0.5,1.0,1.0,1,10,0,0,False,0,0.0,0,0,5,8,False
14,8,102,156,54,0.34615384615384615,7.285714285714286,0.5890150893739516,9,7.285714285714286,5.456694072795508,13,0,5,1.75,1.3919410907075054,6,29,0.28431372549019607,0.5604395604395604,0.5686274509803921,2,78,54,4,True,4,0.6923076923076923,2,0,8,7,True
3,2,4,4,0,0.0,1.3333333333333333,0.4714045207910317,2,1.3333333333333333,0.4714045207910317,2,0,2,1.5,0.5,1,2,0.5,0.6666666666666666,1.0,1,2,0,0,False,0,0.0,0,0,2,7,False
28,7,241,642,401,0.6246105919003115,8.607142857142858,5.2735139119558445,27,8.607142857142858,5.677897534137373,27,0,7,4.0,2.0701966780270626,2,109,0.45228215767634855,0.3187830687830688,0.9045643153526971,1,321,401,14,True,2,1.249221183800623,0,0,7,2,False
15,8,176,184,8,0.043478260869565216,11.733333333333333,1.0624918300339485,14,11.733333333333333,2.379542439676633,14,0,4,1.875,1.2686114456365274,5,84,0.4772727272727273,0.8380952380952381,0.9545454545454546,1,92,8,0,False,1,0.08695652173913043,0,0,8,3,False
3,3,6,6,0,0.0,2.0,0.0,2,2.0,0.0,2,0,1,1.0,0.0,3,3,0.5,1.0,1.0,1,3,0,0,False,0,0.0,0,0,3,6,False
11,7,93,102,9,0.08823529411764706,8.454545454545455,0.7820295697311479,10,8.454545454545455,0.9875254992000196,10,0,2,1.5714285714285714,0.4948716593053935,3,46,0.4946236559139785,0.8454545454545455,0.989247311827957,1,51,9,0,False,1,0.17647058823529413,0,0,7,3,False
22,4,156,328,172,0.524390243902439,7.090909090909091,4.198582995911087,19,7.090909090909091,4.756900164345866,20,0,10,5.5,2.958039891549808,0,50,0.32051282051282054,0.33766233766233766,0.6410256410256411,1,164,172,15,True,3,1.048780487804878,0,0,4,3,False
19,9,286,312,26,0.08333333333333333,15.052631578947368,2.3945922454899633,18,15.052631578947368,2.502076699790466,18,0,4,2.111111111111111,0.9938079899999066,3,140,0.48951048951048953,0.8362573099415205,0.9790209790209791,1,156,26,2,True,2,0.16666666666666666,1,0,9,8,True
9,3,23,54,31,0.5740740740740741,2.5555555555555554,1.0657403385139377,5,2.5555555555555554,1.1653431646335017,5,0,3,3.0,0.0,0,9,0.391304347826087,0.3194444444444444,0.782608695652174,2,27,31,3,True,2,1.1481481481481481,0,0,3,2,False
18,7,160,272,112,0.4117647058823529,8.88888888888889,1.9404721329525534,13,8.88888888888889,3.6951753662924203,16,0,4,2.5714285714285716,0.9035079029052513,0,66,0.4125,0.5228758169934641,0.825,1,136,112,9,True,2,0.8235294117647058,0,0,7,6,False
5,3,12,16,4,0.25,2.4,0.4898979485566356,3,2.4,1.3564659966250538,4,0,2,1.6666666666666667,0.4714045207910317,1,5,0.4166666666666667,0.6,0.8333333333333334,1,8,4,1,True,2,0.5,0,0,3,8,False
18,10,193,284,91,0.3204225352112676,10.722222222222221,2.445075676073932,17,10.722222222222221,5.151111590451516,17,0,3,1.8,0.8717797887081348,5,79,0.40932642487046633,0.630718954248366,0.8186528497409327,1,142,91,8,True,2,0.6408450704225352,0,0,10,7,False
10,4,36,74,38,0.5135135135135135,3.6,0.48989794855663565,4,3.6,0.48989794855663565,4,0,3,2.5,0.5,0,18,0.5,0.4,1.0,2,37,38,0,False,1,1.027027027027027,0,0,4,1,False
10,8,78,86,8,0.09302325581395349,7.8,0.9797958971132713,9,7.8,1.6,9,0,2,1.25,0.4330127018922193,6,37,0.47435897435897434,0.8666666666666667,0.9487179487179487,1,43,8,0,False,1,0.18604651162790697,0,0,8,8,False
26,8,392,566,174,0.30742049469964666,15.076923076923077,5.00709555702303,25,15.076923076923077,5.635895102773601,25,0,6,3.25,1.7853571071357126,1,173,0.4413265306122449,0.6030769230769231,0.8826530612244898,1,283,174,16,True,3,0.6148409893992933,0,0,8,3,False
4,3,9,10,1,0.1,2.25,0.4330127018922193,3,2.25,0.82915619758885,3,0,2,1.3333333333333333,0.4714045207910317,2,4,0.4444444444444444,0.75,0.8888888888888888,1,5,1,0,False,1,0.2,0,0,3,2,False
11,10,108,108,0,0.0,9.818181818181818,0.385694607919935,10,9.818181818181818,0.385694607919935,10,0,2,1.1,0.3,9,54,0.5,0.9818181818181818,1.0,1,54,0,0,False,0,0.0,0,0,10,8,False
10,6,59,78,19,0.24358974358974358,5.9,0.3,6,5.9,3.3600595232822887,9,0,3,1.6666666666666667,0.9428090415820634,4,22,0.3728813559322034,0.6555555555555556,0.7457627118644068,1,39,19,2,True,2,0.48717948717948717,0,0,6,8,False
12,3,32,94,62,0.6595744680851063,2.6666666666666665,1.3123346456686351,6,2.6666666666666665,2.1343747458109497,7,0,5,4.0,0.816496580927726,0,7,0.21875,0.24242424242424243,0.4375,2,47,62,11,True,3,1.3191489361702127,0,0,3,4,False
5,4,17,18,1,0.05555555555555555,3.4,0.4898979485566356,4,3.4,0.8,4,0,2,1.25,0.4330127018922193,3,8,0.47058823529411764,0.85,0.9411764705882353,1,9,1,0,False,1,0.1111111111111111,0,0,4,8,False
9,4,47,60,13,0.21666666666666667,5.222222222222222,1.3966450099973926,7,5.222222222222222,1.8724777273725242,7,0,3,2.25,0.4330127018922193,0,17,0.3617021276595745,0.6527777777777778,0.723404255319149,1,30,13,5,True,2,0.43333333333333335,0,0,4,6,False
4,2,5,8,3,0.375,1.25,0.4330127018922193,2,1.25,0.82915619758885,2,0,2,2.0,0.0,0,1,0.2,0.4166666666666667,0.4,1,4,3,1,True,2,0.75,0,0,2,1,False
13,9,146,146,0,0.0,11.23076923076923,0.7994080650317895,12,11.23076923076923,0.7994080650317895,12,0,3,1.4444444444444444,0.6849348892187752,6,73,0.5,0.9358974358974359,1.0,1,73,0,0,False,0,0.0,0,0,9,5,False
8,6,47,52,5,0.09615384615384616,5.875,0.5994789404140899,7,5.875,1.4523687548277813,7,0,2,1.3333333333333333,0.4714045207910317,4,21,0.44680851063829785,0.8392857142857143,0.8936170212765957,1,26,5,0,False,1,0.19230769230769232,0,0,6,5,False
26,7,301,574,273,0.47560975609756095,11.576923076923077,3.318631285555455,18,11.576923076923077,3.9630318320416187,18,0,5,3.7142857142857144,0.880630571852711,0,135,0.4485049833887043,0.46307692307692305,0.8970099667774086,1,287,273,19,True,3,0.9512195121951219,2,0,7,5,True
8,8,56,56,0,0.0,7.0,0.0,7,7.0,0.0,7,0,1,1.0,0.0,8,28,0.5,1.0,1.0,1,28,0,0,False,0,0.0,0,0,8,1,False
9,6,54,66,12,0.18181818181818182,6.0,1.247219128924647,8,6.0,1.8257418583505538,8,0,2,1.5,0.5,3,23,0.42592592592592593,0.75,0.8518518518518519,1,33,12,2,True,2,0.36363636363636365,0,0,6,4,False
2,2,2,2,0,0.0,1.0,0.0,1,1.0,0.0,1,0,1,1.0,0.0,2,1,0.5,1.0,1.0,1,0,0,0,False,0,,0,0,2,8,False
8,6,46,50,4,0.08,5.75,0.9682458365518543,7,5.75,1.713913650100261,7,0,3,1.3333333333333333,0.74535599249993,5,21,0.45652173913043476,0.8214285714285714,0.9130434782608695,1,25,4,0,False,1,0.16,0,0,6,1,False
7,5,37,38,1,0.02631578947368421,5.285714285714286,0.45175395145262565,6,5.285714285714286,0.6998542122237652,6,0,2,1.4,0.4898979485566356,3,18,0.4864864864864865,0.8809523809523809,0.972972972972973,1,19,1,0,False,1,0.05263157894736842,0,0,5,1,False
3,3,6,6,0,0.0,2.0,0.0,2,2.0,0.0,2,0,1,1.0,0.0,3,3,0.5,1.0,1.0,1,3,0,0,False,0,0.0,0,0,3,8,False
11,4,48,88,40,0.45454545454545453,4.363636363636363,1.2984415324623364,8,4.363636363636363,2.384523099746182,8,0,4,2.75,0.82915619758885,0,14,0.2916666666666667,0.43636363636363634,0.5833333333333334,2,44,40,7,True,2,0.9090909090909091,0,0,4,4,False
9,8,69,70,1,0.014285714285714285,7.666666666666667,0.4714045207910317,8,7.666666666666667,0.6666666666666666,8,0,2,1.125,0.33071891388307384,7,34,0.4927536231884058,0.9583333333333334,0.9855072463768116,1,35,1,0,False,1,0.02857142857142857,0,0,8,6,False
10,8,86,86,0,0.0,8.6,0.4898979485566356,9,8.6,0.4898979485566356,9,0,2,1.25,0.4330127018922193,6,43,0.5,0.9555555555555556,1.0,1,43,0,0,False,0,0.0,0,0,8,6,False
14,9,150,172,22,0.12790697674418605,10.714285714285714,0.7953949089757174,12,10.714285714285714,2.8139593719417446,13,0,2,1.5555555555555556,0.4969039949999533,4,70,0.4666666666666667,0.8241758241758241,0.9333333333333333,1,86,22,0,False,1,0.2558139534883721,0,0,9,3,False
6,4,21,26,5,0.19230769230769232,3.5,0.7637626158259734,5,3.5,1.3844373104863459,5,0,2,1.5,0.5,2,9,0.42857142857142855,0.7,0.8571428571428571,1,13,5,1,True,2,0.38461538461538464,0,0,4,4,False
7,5,34,38,4,0.10526315789473684,4.857142857142857,0.6388765649999398,6,4.857142857142857,1.355261854357877,6,0,2,1.4,0.4898979485566356,3,15,0.4411764705882353,0.8095238095238095,0.8823529411764706,1,19,4,0,False,1,0.21052631578947367,0,0,5,6,False
23,6,314,430,116,0.26976744186046514,13.652173913043478,4.696054733146833,21,13.652173913043478,4.696054733146833,21,0,5,3.8333333333333335,1.3437096247164249,0,157,0.5,0.6205533596837944,1.0,1,215,116,0,False,1,0.5395348837209303,0,0,6,2,False
12,7,97,120,23,0.19166666666666668,8.083333333333334,0.759202798262025,9,8.083333333333334,3.3530665897884515,11,0,3,1.7142857142857142,0.6998542122237652,3,39,0.4020618556701031,0.7348484848484849,0.8041237113402062,2,60,23,2,True,2,0.38333333333333336,0,0,7,5,False
6,4,22,26,4,0.15384615384615385,3.6666666666666665,0.4714045207910317,4,3.6666666666666665,1.699673171197595,5,0,2,1.5,0.5,2,9,0.4090909090909091,0.7333333333333333,0.8181818181818182,1,13,4,0,False,1,0.3076923076923077,0,0,4,8,False
7,2,13,24,11,0.4583333333333333,1.8571428571428572,0.989743318610787,3,1.8571428571428572,1.124858267715973,4,0,4,3.5,0.5,0,5,0.38461538461538464,0.30952380952380953,0.7692307692307693,1,12,11,1,True,2,0.9166666666666666,0,0,2,6,False
33,7,279,924,645,0.698051948051948,8.454545454545455,3.542733998951632,25,8.454545454545455,1.7423583650260668,12,0,7,4.714285714285714,1.1605769149479943,0,130,0.4659498207885305,0.26420454545454547,0.931899641577061,2,462,645,4,True,2,1.396103896103896,0,0,7,6,False
6,6,30,30,0,0.0,5.0,0.0,5,5.0,0.0,5,0,1,1.0,0.0,6,15,0.5,1.0,1.0,1,15,0,0,False,0,0.0,0,0,6,4,False
23,8,374,430,56,0.13023255813953488,16.26086956521739,2.089672146208333,22,16.26086956521739,2.089672146208333,22,0,8,2.875,2.027159342528357,1,187,0.5,0.7391304347826086,1.0,1,215,56,0,False,1,0.26046511627906976,0,0,8,1,False
6,4,21,26,5,0.19230769230769232,3.5,0.7637626158259734,5,3.5,1.3844373104863459,5,0,2,1.5,0.5,2,9,0.42857142857142855,0.7,0.8571428571428571,1,13,5,1,True,2,0.38461538461538464,0,0,4,4,False
4,4,12,12,0,0.0,3.0,0.0,3,3.0,0.0,3,0,1,1.0,0.0,4,6,0.5,1.0,1.0,1,6,0,0,False,0,0.0,0,0,4,3,False
2,2,2,2,0,0.0,1.0,0.0,1,1.0,0.0,1,0,1,1.0,0.0,2,1,0.5,1.0,1.0,1,0,0,0,False,0,,0,0,2,7,False
10,2,16,48,32,0.6666666666666666,1.6,0.8,3,1.6,1.2806248474865698,5,0,6,5.0,1.0,0,5,0.3125,0.17777777777777778,0.625,2,24,32,3,True,3,1.3333333333333333,1,0,2,4,True
17,9,241,252,11,0.04365079365079365,14.176470588235293,1.042355596862903,16,14.176470588235293,1.097338712128096,16,0,3,1.8888888888888888,0.7370277311900889,3,120,0.4979253112033195,0.8860294117647058,0.995850622406639,1,126,11,1,True,2,0.0873015873015873,0,0,9,3,False
6,5,28,28,0,0.0,4.666666666666667,0.4714045207910317,5,4.666666666666667,0.4714045207910317,5,0,2,1.2,0.4000000000000001,4,14,0.5,0.9333333333333333,1.0,1,14,0,0,False,0,0.0,0,0,5,4,False
3,3,6,6,0,0.0,2.0,0.0,2,2.0,0.0,2,0,1,1.0,0.0,3,3,0.5,1.0,1.0,1,3,0,0,False,0,0.0,0,0,3,1,False
14,2,15,98,83,0.8469387755102041,1.0714285714285714,0.25753937681885636,2,1.0714285714285714,0.25753937681885636,2,0,7,7.0,0.0,0,7,0.4666666666666667,0.08241758241758242,0.9333333333333333,7,49,83,1,True,2,1.6938775510204083,0,0,2,8,False
10,7,75,78,3,0.038461538461538464,7.5,1.5,9,7.5,1.857417562100671,9,0,4,1.4285714285714286,1.0497813183356477,6,36,0.48,0.8333333333333334,0.96,1,39,3,0,False,1,0.07692307692307693,0,0,7,5,False
6,4,26,26,0,0.0,4.333333333333333,0.4714045207910317,5,4.333333333333333,0.4714045207910317,5,0,2,1.5,0.5,2,13,0.5,0.8666666666666667,1.0,1,13,0,0,False,0,0.0,0,0,4,1,False
7,4,30,36,6,0.16666666666666666,4.285714285714286,0.4517539514526256,5,4.285714285714286,1.8294640678379568,6,0,2,1.75,0.4330127018922193,1,12,0.4,0.7142857142857143,0.8,1,18,6,1,True,2,0.3333333333333333,0,0,4,3,False
4,4,12,12,0,0.0,3.0,0.0,3,3.0,0.0,3,0,1,1.0,0.0,4,6,0.5,1.0,1.0,1,6,0,0,False,0,0.0,0,0,4,7,False
6,6,30,30,0,0.0,5.0,0.0,5,5.0,0.0,5,0,1,1.0,0.0,6,15,0.5,1.0,1.0,1,15,0,0,False,0,0.0,0,0,6,8,False
16,7,151,214,63,0.29439252336448596,9.4375,1.7666617531378213,15,9.4375,3.823753881985607,15,0,4,2.2857142857142856,0.880630571852711,1,56,0.3708609271523179,0.6291666666666667,0.7417218543046358,1,107,63,12,True,3,0.5887850467289719,0,0,7,8,False
9,7,54,66,12,0.18181818181818182,6.0,0.0,6,6.0,3.265986323710904,8,0,3,1.2857142857142858,0.6998542122237652,6,21,0.3888888888888889,0.75,0.7777777777777778,1,33,12,0,False,1,0.36363636363636365,0,0,7,8,False
13,10,148,148,0,0.0,11.384615384615385,0.8355984993230937,12,11.384615384615385,0.8355984993230937,12,0,3,1.3,0.6403124237432849,8,74,0.5,0.9487179487179487,1.0,1,74,0,0,False,0,0.0,0,0,10,1,False
15,10,180,196,16,0.08163265306122448,12.0,1.2110601416389966,14,12.0,2.556038601690775,14,0,3,1.5,0.806225774829855,7,82,0.45555555555555555,0.8571428571428571,0.9111111111111111,1,98,16,0,False,1,0.16326530612244897,0,0,10,3,False
3,3,6,6,0,0.0,2.0,0.0,2,2.0,0.0,2,0,1,1.0,0.0,3,3,0.5,1.0,1.0,1,3,0,0,False,0,0.0,0,0,3,8,False
5,5,20,20,0,0.0,4.0,0.0,4,4.0,0.0,4,0,1,1.0,0.0,5,10,0.5,1.0,1.0,1,10,0,0,False,0,0.0,0,0,5,2,False
9,7,66,66,0,0.0,7.333333333333333,0.9428090415820634,8,7.333333333333333,0.9428090415820634,8,0,3,1.2857142857142858,0.6998542122237652,6,33,0.5,0.9166666666666666,1.0,1,33,0,0,False,0,0.0,0,0,7,2,False
5,5,20,20,0,0.0,4.0,0.0,4,4.0,0.0,4,0,1,1.0,0.0,5,10,0.5,1.0,1.0,1,10,0,0,False,0,0.0,0,0,5,2,False
17,10,195,258,63,0.2441860465116279,11.470588235294118,2.0896846668625426,16,11.470588235294118,3.83662914332243,16,0,2,1.7,0.45825756949558405,3,87,0.4461538461538462,0.7169117647058824,0.8923076923076924,1,129,63,6,True,2,0.4883720930232558,0,0,10,6,False
6,6,30,30,0,0.0,5.0,0.0,5,5.0,0.0,5,0,1,1.0,0.0,6,15,0.5,1.0,1.0,1,15,0,0,False,0,0.0,0,0,6,1,False
2,2,2,2,0,0.0,1.0,0.0,1,1.0,0.0,1,0,1,1.0,0.0,2,1,0.5,1.0,1.0,1,0,0,0,False,0,,0,0,2,2,False
17,9,214,242,28,0.11570247933884298,12.588235294117647,2.89134252410459,16,12.588235294117647,2.89134252410459,16,0,5,1.8888888888888888,1.286204100310025,5,107,0.5,0.7867647058823529,1.0,1,121,28,0,False,1,0.23140495867768596,0,0,9,2,False
18,9,209,262,53,0.20229007633587787,11.61111111111111,4.205008771148058,17,11.61111111111111,4.257527828432427,17,0,6,2.0,1.699673171197595,6,96,0.45933014354066987,0.6830065359477124,0.9186602870813397,1,131,53,7,True,2,0.40458015267175573,0,0,9,2,False
6,6,30,30,0,0.0,5.0,0.0,5,5.0,0.0,5,0,1,1.0,0.0,6,15,0.5,1.0,1.0,1,15,0,0,False,0,0.0,0,0,6,4,False
11,9,99,106,7,0.0660377358490566,9.0,0.8528028654224418,10,9.0,1.5374122295716148,10,0,2,1.2222222222222223,0.41573970964154905,7,48,0.48484848484848486,0.9,0.9696969696969697,1,53,7,0,False,1,0.1320754716981132,0,0,9,3,False
3,3,6,6,0,0.0,2.0,0.0,2,2.0,0.0,2,0,1,1.0,0.0,3,3,0.5,1.0,1.0,1,3,0,0,False,0,0.0,0,0,3,2,False
10,9,88,88,0,0.0,8.8,0.4,9,8.8,0.4,9,0,2,1.1111111111111112,0.3142696805273545,8,44,0.5,0.9777777777777777,1.0,1,44,0,0,False,0,0.0,0,0,9,1,False
15,10,179,196,17,0.08673469387755102,11.933333333333334,0.997775303139718,13,11.933333333333334,3.4538223591969643,14,0,3,1.5,0.806225774829855,7,81,0.45251396648044695,0.8523809523809524,0.9050279329608939,1,98,17,0,False,1,0.17346938775510204,0,0,10,6,False
5,5,20,20,0,0.0,4.0,0.0,4,4.0,0.0,4,0,1,1.0,0.0,5,10,0.5,1.0,1.0,1,10,0,0,False,0,0.0,0,0,5,3,False
9,7,63,68,5,0.07352941176470588,7.0,0.816496580927726,8,7.0,1.4142135623730951,8,0,2,1.2857142857142858,0.45175395145262565,5,30,0.47619047619047616,0.875,0.9523809523809523,1,34,5,1,True,2,0.14705882352941177,0,0,7,8,False
13,7,108,132,24,0.18181818181818182,8.307692307692308,2.1261961478592695,12,8.307692307692308,3.1227358661822215,12,0,4,1.8571428571428572,1.3552618543578767,5,50,0.46296296296296297,0.6923076923076923,0.9259259259259259,1,66,24,0,False,1,0.36363636363636365,0,0,7,3,False
7,6,40,40,0,0.0,5.714285714285714,0.45175395145262565,6,5.714285714285714,0.45175395145262565,6,0,2,1.1666666666666667,0.3726779962499649,5,20,0.5,0.9523809523809523,1.0,1,20,0,0,False,0,0.0,0,0,6,3,False
7,7,42,42,0,0.0,6.0,0.0,6,6.0,0.0,6,0,1,1.0,0.0,7,21,0.5,1.0,1.0,1,21,0,0,False,0,0.0,0,0,7,4,False
20,9,321,348,27,0.07758620689655173,16.05,1.116915395184434,19,16.05,3.6121323342314025,19,0,4,2.2222222222222223,0.9162456945817024,2,152,0.4735202492211838,0.8447368421052631,0.9470404984423676,1,174,27,2,True,2,0.15517241379310345,0,0,9,4,False
12,10,124,128,4,0.03125,10.333333333333334,0.4714045207910317,11,10.333333333333334,1.3743685418725533,11,0,2,1.2,0.4,8,60,0.4838709677419355,0.9393939393939394,0.967741935483871,1,64,4,0,False,1,0.0625,0,0,10,2,False
18,10,256,286,30,0.1048951048951049,14.222222222222221,1.227262335243029,16,14.222222222222221,3.136798714109579,17,0,3,1.8,0.7483314773547883,4,123,0.48046875,0.8366013071895425,0.9609375,1,143,30,0,False,1,0.2097902097902098,0,0,10,6,False
8,8,56,56,0,0.0,7.0,0.0,7,7.0,0.0,7,0,1,1.0,0.0,8,28,0.5,1.0,1.0,1,28,0,0,False,0,0.0,0,0,8,2,False
6,5,26,28,2,0.07142857142857142,4.333333333333333,0.4714045207910317,5,4.333333333333333,1.1055415967851332,5,0,2,1.2,0.4,4,12,0.46153846153846156,0.8666666666666667,0.9230769230769231,1,14,2,0,False,1,0.14285714285714285,0,0,5,6,False
16,10,175,220,45,0.20454545454545456,10.9375,1.5995604865087159,13,10.9375,3.9285612824544307,15,0,4,1.6,1.019803902718557,7,76,0.4342857142857143,0.7291666666666666,0.8685714285714285,1,110,45,0,False,1,0.4090909090909091,0,0,10,7,False
2,2,2,2,0,0.0,1.0,0.0,1,1.0,0.0,1,0,1,1.0,0.0,2,1,0.5,1.0,1.0,1,0,0,0,False,0,,0,0,2,6,False
3,3,6,6,0,0.0,2.0,0.0,2,2.0,0.0,2,0,1,1.0,0.0,3,3,0.5,1.0,1.0,1,3,0,0,False,0,0.0,0,0,3,4,False
2,2,2,2,0,0.0,1.0,0.0,1,1.0,0.0,1,0,1,1.0,0.0,2,1,0.5,1.0,1.0,1,0,0,0,False,0,,0,0,2,1,False
8,8,56,56,0,0.0,7.0,0.0,7,7.0,0.0,7,0,1,1.0,0.0,8,28,0.5,1.0,1.0,1,28,0,0,False,0,0.0,0,0,8,5,False
30,10,410,800,390,0.4875,13.666666666666666,3.6636351104090896,27,13.666666666666666,4.784233364802442,29,0,4,3.0,1.0,1,180,0.43902439024390244,0.47126436781609193,0.8780487804878049,1,400,390,21,True,2,0.975,0,0,10,8,False
4,4,12,12,0,0.0,3.0,0.0,3,3.0,0.0,3,0,1,1.0,0.0,4,6,0.5,1.0,1.0,1,6,0,0,False,0,0.0,0,0,4,4,False
8,3,25,40,15,0.375,3.125,0.9270248108869579,5,3.125,2.1469455046647083,6,0,4,2.6666666666666665,0.9428090415820634,0,5,0.2,0.44642857142857145,0.4,1,20,15,4,True,3,0.75,0,0,3,5,False
16,7,193,218,25,0.11467889908256881,12.0625,1.0288798520721456,13,12.0625,1.4776988021921111,14,0,3,2.2857142857142856,0.45175395145262565,0,94,0.48704663212435234,0.8041666666666667,0.9740932642487047,1,109,25,1,True,2,0.22935779816513763,0,0,7,3,False
14,10,158,174,16,0.09195402298850575,11.285714285714286,1.0301575072754257,13,11.285714285714286,2.6302789485031384,13,0,2,1.4,0.48989794855663565,6,73,0.4620253164556962,0.8681318681318682,0.9240506329113924,1,87,16,4,True,2,0.1839080459770115,0,0,10,8,False
2,2,2,2,0,0.0,1.0,0.0,1,1.0,0.0,1,0,1,1.0,0.0,2,1,0.5,1.0,1.0,1,0,0,0,False,0,,0,0,2,2,False
19,7,196,300,104,0.3466666666666667,10.31578947368421,1.4886458551295736,14,10.31578947368421,4.168208394362806,18,0,5,2.7142857142857144,1.1605769149479945,1,84,0.42857142857142855,0.5730994152046783,0.8571428571428571,1,150,104,11,True,2,0.6933333333333334,0,0,7,7,False
8,6,50,52,2,0.038461538461538464,6.25,0.4330127018922193,7,6.25,0.9682458365518543,7,0,2,1.3333333333333333,0.47140452079103173,4,24,0.48,0.8928571428571429,0.96,1,26,2,0,False,1,0.07692307692307693,0,0,6,5,False
9,8,65,70,5,0.07142857142857142,7.222222222222222,0.41573970964154905,8,7.222222222222222,1.872477727372524,8,0,2,1.125,0.33071891388307384,7,30,0.46153846153846156,0.9027777777777778,0.9230769230769231,1,35,5,0,False,1,0.14285714285714285,0,0,8,7,False
7,7,42,42,0,0.0,6.0,0.0,6,6.0,0.0,6,0,1,1.0,0.0,7,21,0.5,1.0,1.0,1,21,0,0,False,0,0.0,0,0,7,4,False
9,5,62,64,2,0.03125,6.888888888888889,0.5665577237325317,8,6.888888888888889,0.7370277311900889,8,0,2,1.8,0.4000000000000001,1,30,0.4838709677419355,0.8611111111111112,0.967741935483871,1,32,2,0,False,1,0.0625,0,0,5,4,False
23,8,316,450,134,0.29777777777777775,13.73913043478261,3.7557768987816016,20,13.73913043478261,3.6974420218207475,20,0,5,2.875,1.2686114456365274,0,145,0.4588607594936709,0.6245059288537549,0.9177215189873418,1,225,134,4,True,2,0.5955555555555555,0,0,8,3,False
9,3,37,52,15,0.28846153846153844,4.111111111111111,0.8748897637790901,5,4.111111111111111,1.6629588385661962,6,0,4,3.0,0.816496580927726,0,16,0.43243243243243246,0.5138888888888888,0.8648648648648649,1,26,15,1,True,2,0.5769230769230769,0,0,3,2,False
11,10,108,108,0,0.0,9.818181818181818,0.385694607919935,10,9.818181818181818,0.385694607919935,10,0,2,1.1,0.3,9,54,0.5,0.9818181818181818,1.0,1,54,0,0,False,0,0.0,0,0,10,1,False
8,4,30,44,14,0.3181818181818182,3.75,1.0897247358851685,6,3.75,2.222048604328897,7,0,3,2.0,1.0,2,10,0.3333333333333333,0.5357142857142857,0.6666666666666666,1,22,14,1,True,2,0.6363636363636364,0,0,4,8,False
14,7,135,156,21,0.1346153846153846,9.642857142857142,2.091040166900635,13,9.642857142857142,3.242731275090333,13,0,5,2.0,1.3093073414159542,3,57,0.4222222222222222,0.7417582417582418,0.8444444444444444,1,78,21,3,True,2,0.2692307692307692,0,0,7,7,False
14,10,152,172,20,0.11627906976744186,10.857142857142858,0.6388765649999398,12,10.857142857142858,3.1815796359028696,13,0,3,1.4,0.66332495807108,7,68,0.4473684210526316,0.8351648351648352,0.8947368421052632,1,86,20,1,True,2,0.23255813953488372,0,0,10,7,False
13,9,146,146,0,0.0,11.23076923076923,0.7994080650317896,12,11.23076923076923,0.7994080650317896,12,0,3,1.4444444444444444,0.6849348892187752,6,73,0.5,0.9358974358974359,1.0,1,73,0,0,False,0,0.0,0,0,9,1,False
4,2,4,8,4,0.5,1.0,0.0,1,1.0,1.0,2,0,2,2.0,0.0,0,1,0.25,0.3333333333333333,0.5,1,4,4,2,True,2,1.0,0,0,2,4,False
12,4,49,106,57,0.5377358490566038,4.083333333333333,0.9537935951882998,6,4.083333333333333,1.4976833963009524,7,0,4,3.0,0.7071067811865476,0,22,0.4489795918367347,0.3712121212121212,0.8979591836734694,2,53,57,3,True,2,1.0754716981132075,0,0,4,1,False
14,8,123,158,35,0.22151898734177214,8.785714285714286,2.3353975320388303,13,8.785714285714286,3.820594034376095,13,0,4,1.75,1.299038105676658,6,54,0.43902439024390244,0.6758241758241759,0.8780487804878049,1,79,35,0,False,1,0.4430379746835443,0,0,8,7,False
25,9,393,502,109,0.21713147410358566,15.72,4.862262847687279,24,15.72,6.371938480556761,24,0,8,2.7777777777777777,2.4393887111222385,5,169,0.4300254452926209,0.655,0.8600508905852418,1,251,109,6,True,4,0.4342629482071713,0,0,9,7,False
6,2,9,18,9,0.5,1.5,0.5,2,1.5,1.118033988749895,3,0,3,3.0,0.0,0,2,0.2222222222222222,0.3,0.4444444444444444,2,9,9,3,True,3,1.0,0,0,2,7,False
9,4,30,60,30,0.5,3.3333333333333335,0.9428090415820634,6,3.3333333333333335,2.0548046676563256,6,0,3,2.25,0.4330127018922193,0,12,0.4,0.4166666666666667,0.8,1,30,30,6,True,2,1.0,0,0,4,8,False
26,9,393,594,201,0.3383838383838384,15.115384615384615,3.7655005089417046,23,15.115384615384615,4.308550738642359,23,0,5,2.888888888888889,0.8748897637790901,0,191,0.4860050890585242,0.6046153846153847,0.9720101781170484,1,297,201,5,True,2,0.6767676767676768,0,0,9,4,False
27,9,296,636,340,0.5345911949685535,10.962962962962964,2.516338926142671,20,10.962962962962964,2.333039370077574,18,0,6,3.0,1.1547005383792515,0,146,0.49324324324324326,0.42165242165242167,0.9864864864864865,1,318,340,4,True,2,1.069182389937107,0,0,9,1,False
5,4,17,18,1,0.05555555555555555,3.4,0.4898979485566356,4,3.4,0.8,4,0,2,1.25,0.4330127018922193,3,8,0.47058823529411764,0.85,0.9411764705882353,1,9,1,0,False,1,0.1111111111111111,0,0,4,5,False
11,9,100,106,6,0.05660377358490566,9.090909090909092,0.899954085146515,10,9.090909090909092,1.5640591394622958,10,0,2,1.2222222222222223,0.41573970964154905,7,47,0.47,0.9090909090909091,0.94,1,53,6,1,True,2,0.11320754716981132,0,0,9,8,False
12,8,102,122,20,0.16393442622950818,8.5,1.3844373104863459,11,8.5,2.533114025595111,11,0,3,1.5,0.7071067811865476,5,45,0.4411764705882353,0.7727272727272727,0.8823529411764706,1,61,20,2,True,2,0.32786885245901637,0,0,8,6,False
10,5,57,72,15,0.20833333333333334,5.7,2.193171219946131,9,5.7,2.193171219946131,9,0,4,2.0,1.2649110640673518,3,28,0.49122807017543857,0.6333333333333333,0.9824561403508771,1,36,15,0,False,1,0.4166666666666667,0,0,5,3,False
13,7,109,140,31,0.22142857142857142,8.384615384615385,1.2733034890189883,12,8.384615384615385,3.223434898424148,12,0,3,1.8571428571428572,0.8329931278350429,3,47,0.43119266055045874,0.6987179487179487,0.8623853211009175,1,70,31,0,False,1,0.44285714285714284,0,0,7,6,False
6,6,30,30,0,0.0,5.0,0.0,5,5.0,0.0,5,0,1,1.0,0.0,6,15,0.5,1.0,1.0,1,15,0,0,False,0,0.0,0,0,6,3,False
18,10,242,290,48,0.16551724137931034,13.444444444444445,1.7069212773041351,17,13.444444444444445,2.006163342807532,17,0,2,1.8,0.4,2,119,0.49173553719008267,0.7908496732026143,0.9834710743801653,1,145,48,4,True,2,0.3310344827586207,0,0,10,6,False
7,5,31,38,7,0.18421052631578946,4.428571428571429,0.7284313590846835,6,4.428571428571429,1.9166296949998198,6,0,2,1.4,0.4898979485566356,3,12,0.3870967741935484,0.7380952380952381,0.7741935483870968,1,19,7,1,True,2,0.3684210526315789,0,0,5,8,False
20,10,312,344,32,0.09302325581395349,15.6,2.416609194718914,19,15.6,2.416609194718914,19,0,4,2.0,1.2649110640673518,6,156,0.5,0.8210526315789474,1.0,1,172,32,0,False,1,0.18604651162790697,0,0,10,1,False
28,5,357,576,219,0.3802083333333333,12.75,6.832825184358224,25,12.75,6.84327093887544,25,0,10,5.6,3.2,0,171,0.4789915966386555,0.4722222222222222,0.957983193277311,1,288,219,6,True,4,0.7604166666666666,0,0,5,4,False
7,2,10,24,14,0.5833333333333334,1.4285714285714286,0.7284313590846836,3,1.4285714285714286,1.178030178747903,3,0,4,3.5,0.5,0,4,0.4,0.23809523809523808,0.8,1,12,14,2,True,2,1.1666666666666667,0,0,2,3,False
13,9,138,148,10,0.06756756756756757,10.615384615384615,1.3323467750529825,12,10.615384615384615,1.2733034890189883,12,0,2,1.4444444444444444,0.4969039949999533,5,68,0.4927536231884058,0.8846153846153846,0.9855072463768116,1,74,10,0,False,1,0.13513513513513514,0,0,9,2,False
13,8,129,142,13,0.09154929577464789,9.923076923076923,1.6390212117432705,12,9.923076923076923,2.16480727376466,12,0,3,1.625,0.8569568250501305,5,58,0.4496124031007752,0.8269230769230769,0.8992248062015504,1,71,13,2,True,2,0.18309859154929578,0,0,8,6,False
10,7,75,84,9,0.10714285714285714,7.5,1.3601470508735443,9,7.5,1.284523257866513,9,0,2,1.4285714285714286,0.4948716593053935,4,37,0.49333333333333335,0.8333333333333334,0.9866666666666667,1,42,9,0,False,1,0.21428571428571427,0,0,7,6,False
11,6,82,98,16,0.16326530612244897,7.454545454545454,1.4373989364401722,10,7.454545454545454,1.8763424945954812,10,0,3,1.8333333333333333,0.6871842709362768,2,35,0.4268292682926829,0.7454545454545455,0.8536585365853658,1,49,16,4,True,2,0.32653061224489793,0,0,6,2,False
10,4,52,72,20,0.2777777777777778,5.2,1.9390719429665317,8,5.2,2.3151673805580453,8,0,4,2.5,0.8660254037844386,0,18,0.34615384615384615,0.5777777777777777,0.6923076923076923,1,36,20,0,False,1,0.5555555555555556,0,0,4,6,False
12,8,114,122,8,0.06557377049180328,9.5,1.1902380714238083,11,9.5,1.3228756555322954,11,0,3,1.5,0.7071067811865476,5,56,0.49122807017543857,0.8636363636363636,0.9824561403508771,1,61,8,0,False,1,0.13114754098360656,0,0,8,6,False
4,4,12,12,0,0.0,3.0,0.0,3,3.0,0.0,3,0,1,1.0,0.0,4,6,0.5,1.0,1.0,1,6,0,0,False,0,0.0,0,0,4,1,False
13,4,61,126,65,0.5158730158730159,4.6923076923076925,1.2639751327042295,8,4.6923076923076925,1.9368735864637188,7,0,4,3.25,0.4330127018922193,0,24,0.39344262295081966,0.391025641025641,0.7868852459016393,1,63,65,6,True,2,1.0317460317460319,2,0,4,8,True
6,5,24,28,4,0.14285714285714285,4.0,0.0,4,4.0,1.8257418583505538,5,0,2,1.2,0.4,4,10,0.4166666666666667,0.8,0.8333333333333334,1,14,4,0,False,1,0.2857142857142857,0,0,5,3,False
5,4,16,18,2,0.1111111111111111,3.2,0.39999999999999997,4,3.2,1.16619037896906,4,0,2,1.25,0.4330127018922193,3,7,0.4375,0.8,0.875,1,9,2,0,False,1,0.2222222222222222,0,0,4,4,False
11,3,30,78,48,0.6153846153846154,2.727272727272727,1.28564869306645,6,2.727272727272727,1.54277843167974,6,0,5,3.6666666666666665,0.9428090415820634,0,13,0.43333333333333335,0.2727272727272727,0.8666666666666667,2,39,48,2,True,2,1.2307692307692308,0,0,3,1,False
8,7,48,54,6,0.1111111111111111,6.0,0.0,6,6.0,2.29128784747792,7,0,2,1.1428571428571428,0.34992710611188266,6,21,0.4375,0.8571428571428571,0.875,1,27,6,0,False,1,0.2222222222222222,0,0,7,8,False
18,8,191,278,87,0.3129496402877698,10.61111111111111,2.6695586170519916,17,10.61111111111111,4.309406879643762,17,0,3,2.25,0.82915619758885,2,85,0.44502617801047123,0.6241830065359477,0.8900523560209425,1,139,87,0,False,1,0.6258992805755396,0,0,8,1,False
14,5,89,140,51,0.36428571428571427,6.357142857142857,2.4380068808394304,12,6.357142857142857,4.481822697728855,13,0,5,2.8,1.8330302779823362,2,19,0.21348314606741572,0.489010989010989,0.42696629213483145,1,70,51,11,True,2,0.7285714285714285,0,0,5,5,False
4,4,12,12,0,0.0,3.0,0.0,3,3.0,0.0,3,0,1,1.0,0.0,4,6,0.5,1.0,1.0,1,6,0,0,False,0,0.0,0,0,4,8,False
5,5,20,20,0,0.0,4.0,0.0,4,4.0,0.0,4,0,1,1.0,0.0,5,10,0.5,1.0,1.0,1,10,0,0,False,0,0.0,0,0,5,2,False
12,6,91,116,25,0.21551724137931033,7.583333333333333,1.6051133570215186,10,7.583333333333333,2.5644470922381863,11,0,3,2.0,0.816496580927726,2,40,0.43956043956043955,0.6893939393939394,0.8791208791208791,1,58,25,3,True,2,0.43103448275862066,0,0,6,1,False
17,10,240,252,12,0.047619047619047616,14.117647058823529,1.2310852668503736,16,14.117647058823529,2.3980961306634714,16,0,3,1.7,0.9,6,114,0.475,0.8823529411764706,0.95,1,126,12,0,False,1,0.09523809523809523,0,0,10,1,False
14,8,150,168,18,0.10714285714285714,10.714285714285714,1.577908716741037,13,10.714285714285714,1.6225452416572208,13,0,3,1.75,0.6614378277661477,3,74,0.49333333333333335,0.8241758241758241,0.9866666666666667,1,84,18,0,False,1,0.21428571428571427,0,0,8,5,False
12,5,95,112,17,0.15178571428571427,7.916666666666667,1.2555432644432805,11,7.916666666666667,1.3202482931462383,11,0,3,2.4,0.8,1,45,0.47368421052631576,0.7196969696969697,0.9473684210526315,1,56,17,2,True,2,0.30357142857142855,0,0,5,4,False
17,9,214,252,38,0.15079365079365079,12.588235294117647,1.3310245292923248,16,12.588235294117647,3.742582051902792,16,0,3,1.8888888888888888,0.7370277311900889,3,93,0.43457943925233644,0.7867647058823529,0.8691588785046729,1,126,38,2,True,2,0.30158730158730157,0,0,9,3,False
5,3,13,16,3,0.1875,2.6,0.4898979485566356,3,2.6,1.3564659966250536,4,0,2,1.6666666666666667,0.4714045207910317,1,5,0.38461538461538464,0.65,0.7692307692307693,1,8,3,0,False,1,0.375,0,0,3,8,False
17,5,124,214,90,0.4205607476635514,7.294117647058823,3.922254841922271,16,7.294117647058823,4.1126019512820085,16,0,6,3.4,1.854723699099141,1,59,0.47580645161290325,0.45588235294117646,0.9516129032258065,1,107,90,4,True,2,0.8411214953271028,0,0,5,3,False
9,8,70,70,0,0.0,7.777777777777778,0.41573970964154905,8,7.777777777777778,0.41573970964154905,8,0,2,1.125,0.33071891388307384,7,35,0.5,0.9722222222222222,1.0,1,35,0,0,False,0,0.0,0,0,8,1,False
10,6,60,76,16,0.21052631578947367,6.0,1.3416407864998738,8,6.0,3.1304951684997055,9,0,4,1.6666666666666667,1.1055415967851332,4,22,0.36666666666666664,0.6666666666666666,0.7333333333333333,1,38,16,2,True,2,0.42105263157894735,0,0,6,8,False
3,3,6,6,0,0.0,2.0,0.0,2,2.0,0.0,2,0,1,1.0,0.0,3,3,0.5,1.0,1.0,1,3,0,0,False,0,0.0,0,0,3,7,False
17,8,217,252,35,0.1388888888888889,12.764705882352942,1.3516617991854185,15,12.764705882352942,2.9411764705882355,15,0,3,2.125,0.33071891388307384,0,103,0.47465437788018433,0.7977941176470589,0.9493087557603687,1,126,35,0,False,1,0.2777777777777778,0,0,8,4,False
11,6,71,94,23,0.24468085106382978,6.454545454545454,1.724878723728207,10,6.454545454545454,2.903403531394784,10,0,4,1.8333333333333333,1.0671873729054748,3,29,0.4084507042253521,0.6454545454545455,0.8169014084507042,1,47,23,3,True,2,0.48936170212765956,0,0,6,7,False
9,9,72,72,0,0.0,8.0,0.0,8,8.0,0.0,8,0,1,1.0,0.0,9,36,0.5,1.0,1.0,1,36,0,0,False,0,0.0,0,0,9,2,False
16,9,203,224,21,0.09375,12.6875,1.1021995055342748,15,12.6875,1.4017288432503627,15,0,3,1.7777777777777777,0.6285393610547089,3,100,0.49261083743842365,0.8458333333333333,0.9852216748768473,1,112,21,0,False,1,0.1875,0,0,9,2,False
11,5,78,96,18,0.1875,7.090909090909091,0.9958591954639383,8,7.090909090909091,1.2398346997259868,8,0,3,2.2,0.39999999999999997,0,38,0.48717948717948717,0.7090909090909091,0.9743589743589743,1,48,18,2,True,2,0.375,0,0,5,4,False
11,7,77,102,25,0.24509803921568626,7.0,0.7385489458759964,9,7.0,3.567530340063379,10,0,2,1.5714285714285714,0.4948716593053935,3,30,0.38961038961038963,0.7,0.7792207792207793,1,51,25,4,True,2,0.49019607843137253,0,0,7,8,False
17,4,82,216,134,0.6203703703703703,4.823529411764706,1.5805916285346358,8,4.823529411764706,1.790014594670934,8,0,5,4.25,0.4330127018922193,0,33,0.4024390243902439,0.3014705882352941,0.8048780487804879,1,108,134,4,True,2,1.2407407407407407,0,0,4,6,False
3,2,3,4,1,0.25,1.0,0.0,1,1.0,0.816496580927726,2,0,2,1.5,0.5,1,1,0.3333333333333333,0.5,0.6666666666666666,1,2,1,0,False,1,0.5,0,0,2,4,False
10,10,90,90,0,0.0,9.0,0.0,9,9.0,0.0,9,0,1,1.0,0.0,10,45,0.5,1.0,1.0,1,45,0,0,False,0,0.0,0,0,10,4,False
7,5,38,38,0,0.0,5.428571428571429,0.4948716593053935,6,5.428571428571429,0.4948716593053935,6,0,2,1.4,0.4898979485566356,3,19,0.5,0.9047619047619048,1.0,1,19,0,0,False,0,0.0,0,0,5,1,False
11,5,66,94,28,0.2978723404255319,6.0,1.5374122295716148,10,6.0,3.0748244591432297,10,0,3,2.2,0.7483314773547882,1,25,0.3787878787878788,0.6,0.7575757575757576,1,47,28,7,True,2,0.5957446808510638,0,0,5,7,False
9,5,48,62,14,0.22580645161290322,5.333333333333333,1.1547005383792515,7,5.333333333333333,2.0548046676563256,8,0,3,1.8,0.7483314773547883,2,19,0.3958333333333333,0.6666666666666666,0.7916666666666666,1,31,14,2,True,2,0.45161290322580644,0,0,5,8,False
6,6,30,30,0,0.0,5.0,0.0,5,5.0,0.0,5,0,1,1.0,0.0,6,15,0.5,1.0,1.0,1,15,0,0,False,0,0.0,0,0,6,6,False
20,10,249,354,105,0.2966101694915254,12.45,3.2630507198019463,19,12.45,4.790354892907206,19,0,3,2.0,0.7745966692414834,3,92,0.36947791164658633,0.6552631578947369,0.7389558232931727,1,177,105,15,True,2,0.5932203389830508,0,0,10,2,False
4,3,9,10,1,0.1,2.25,0.4330127018922193,3,2.25,0.82915619758885,3,0,2,1.3333333333333333,0.4714045207910317,2,4,0.4444444444444444,0.75,0.8888888888888888,1,5,1,0,False,1,0.2,0,0,3,7,False
11,4,50,90,40,0.4444444444444444,4.545454545454546,1.4993111365882401,8,4.545454545454546,1.827250112931071,8,0,3,2.75,0.4330127018922193,0,23,0.46,0.45454545454545453,0.92,1,45,40,2,True,2,0.8888888888888888,0,0,4,7,False
13,10,142,148,6,0.04054054054054054,10.923076923076923,0.9166442529086912,12,10.923076923076923,1.6390212117432705,12,0,3,1.3,0.6403124237432849,8,68,0.4788732394366197,0.9102564102564102,0.9577464788732394,1,74,6,0,False,1,0.08108108108108109,0,0,10,5,False
15,7,129,162,33,0.2037037037037037,8.6,3.362538723444931,14,8.6,3.996665276619163,14,0,7,2.142857142857143,2.099562636671296,5,61,0.4728682170542636,0.6142857142857143,0.9457364341085271,1,81,33,0,False,1,0.4074074074074074,0,0,7,5,False
5,3,13,16,3,0.1875,2.6,0.8,4,2.6,1.019803902718557,4,0,2,1.6666666666666667,0.4714045207910317,1,6,0.46153846153846156,0.65,0.9230769230769231,1,8,3,1,True,2,0.375,0,0,3,2,False
15,9,158,194,36,0.18556701030927836,10.533333333333333,2.124983660067897,14,10.533333333333333,2.604269997949948,14,0,3,1.6666666666666667,0.816496580927726,5,76,0.4810126582278481,0.7523809523809524,0.9620253164556962,1,97,36,0,False,1,0.3711340206185567,0,0,9,3,False
10,4,50,70,20,0.2857142857142857,5.0,1.0954451150103321,7,5.0,2.792848008753788,9,0,4,2.5,1.118033988749895,1,21,0.42,0.5555555555555556,0.84,1,35,20,2,True,2,0.5714285714285714,0,0,4,2,False
6,5,28,28,0,0.0,4.666666666666667,0.4714045207910317,5,4.666666666666667,0.4714045207910317,5,0,2,1.2,0.4,4,14,0.5,0.9333333333333333,1.0,1,14,0,0,False,0,0.0,0,0,5,6,False
3,3,6,6,0,0.0,2.0,0.0,2,2.0,0.0,2,0,1,1.0,0.0,3,3,0.5,1.0,1.0,1,3,0,0,False,0,0.0,0,0,3,7,False
8,6,51,52,1,0.019230769230769232,6.375,0.4841229182759271,7,6.375,0.6959705453537527,7,0,2,1.3333333333333333,0.4714045207910317,4,25,0.49019607843137253,0.9107142857142857,0.9803921568627451,1,26,1,0,False,1,0.038461538461538464,0,0,6,5,False
18,9,203,280,77,0.275,11.277777777777779,2.445075676073932,15,11.277777777777779,4.746993850563107,17,0,3,2.0,0.9428090415820634,4,83,0.4088669950738916,0.6633986928104575,0.8177339901477833,1,140,77,8,True,2,0.55,0,0,9,6,False
17,7,122,246,124,0.5040650406504065,7.176470588235294,1.6173796570432377,13,7.176470588235294,2.4310562729143324,14,0,3,2.4285714285714284,0.4948716593053935,0,55,0.45081967213114754,0.4485294117647059,0.9016393442622951,1,123,124,9,True,3,1.008130081300813,2,0,7,5,True
3,2,4,4,0,0.0,1.3333333333333333,0.4714045207910317,2,1.3333333333333333,0.4714045207910317,2,0,2,1.5,0.5,1,2,0.5,0.6666666666666666,1.0,1,2,0,0,False,0,0.0,0,0,2,1,False
7,3,21,32,11,0.34375,3.0,0.5345224838248488,4,3.0,1.5118578920369088,5,0,3,2.3333333333333335,0.4714045207910317,0,6,0.2857142857142857,0.5,0.5714285714285714,1,16,11,3,True,2,0.6875,0,0,3,8,False
7,4,24,34,10,0.29411764705882354,3.4285714285714284,1.049781318335648,6,3.4285714285714284,1.761261143705422,6,0,3,1.75,0.82915619758885,2,10,0.4166666666666667,0.5714285714285714,0.8333333333333334,1,17,10,1,True,2,0.5882352941176471,0,0,4,7,False
18,6,210,250,40,0.16,11.666666666666666,0.816496580927726,13,11.666666666666666,3.018461712712472,17,0,6,3.0,1.8257418583505538,2,95,0.4523809523809524,0.6862745098039216,0.9047619047619048,1,125,40,0,False,1,0.32,0,0,6,6,False
6,6,30,30,0,0.0,5.0,0.0,5,5.0,0.0,5,0,1,1.0,0.0,6,15,0.5,1.0,1.0,1,15,0,0,False,0,0.0,0,0,6,3,False
10,10,90,90,0,0.0,9.0,0.0,9,9.0,0.0,9,0,1,1.0,0.0,10,45,0.5,1.0,1.0,1,45,0,0,False,0,0.0,0,0,10,4,False
14,9,160,170,10,0.058823529411764705,11.428571428571429,1.3477115902938006,13,11.428571428571429,1.720227796970328,13,0,3,1.5555555555555556,0.6849348892187752,5,78,0.4875,0.8791208791208791,0.975,1,85,10,0,False,1,0.11764705882352941,0,0,9,2,False
9,8,70,70,0,0.0,7.777777777777778,0.41573970964154905,8,7.777777777777778,0.41573970964154905,8,0,2,1.125,0.33071891388307384,7,35,0.5,0.9722222222222222,1.0,1,35,0,0,False,0,0.0,0,0,8,6,False
13,3,46,112,66,0.5892857142857143,3.5384615384615383,1.7371676600978792,8,3.5384615384615383,2.468739467058648,9,0,5,4.333333333333333,0.4714045207910317,0,16,0.34782608695652173,0.2948717948717949,0.6956521739130435,1,56,66,6,True,2,1.1785714285714286,1,0,3,8,True
11,6,81,96,15,0.15625,7.363636363636363,1.6663911618021237,10,7.363636363636363,2.1436047495548354,10,0,3,1.8333333333333333,0.8975274678557508,3,38,0.4691358024691358,0.7363636363636363,0.9382716049382716,1,48,15,3,True,2,0.3125,1,0,6,5,True
9,6,54,66,12,0.18181818181818182,6.0,0.9428090415820634,8,6.0,2.3570226039551585,8,0,2,1.5,0.5,3,22,0.4074074074074074,0.75,0.8148148148148148,1,33,12,3,True,2,0.36363636363636365,0,0,6,3,False
10,10,90,90,0,0.0,9.0,0.0,9,9.0,0.0,9,0,1,1.0,0.0,10,45,0.5,1.0,1.0,1,45,0,0,False,0,0.0,0,0,10,6,False
5,2,6,8,2,0.25,1.2,0.4,2,1.2,1.4696938456699067,4,0,4,2.5,1.5,1,2,0.3333333333333333,0.3,0.6666666666666666,1,4,2,0,False,1,0.5,0,0,2,8,False
15,4,62,164,102,0.6219512195121951,4.133333333333334,1.6679994670929073,9,4.133333333333334,2.6549743668986503,12,0,5,3.75,1.0897247358851685,0,25,0.4032258064516129,0.29523809523809524,0.8064516129032258,1,82,102,3,True,2,1.2439024390243902,0,0,4,7,False
22,5,175,378,203,0.5370370370370371,7.954545454545454,2.6710105804098108,12,7.954545454545454,4.626772610944743,17,0,6,4.4,1.3564659966250536,0,40,0.22857142857142856,0.3787878787878788,0.45714285714285713,3,189,203,21,True,2,1.0740740740740742,0,0,5,6,False
4,2,6,8,2,0.25,1.5,0.5,2,1.5,0.5,2,0,2,2.0,0.0,0,3,0.5,0.5,1.0,1,4,2,0,False,1,0.5,0,0,2,4,False
24,9,386,500,114,0.228,16.083333333333332,2.706730294818619,23,16.083333333333332,2.722080495176846,23,0,5,2.6666666666666665,1.1547005383792515,2,192,0.49740932642487046,0.6992753623188406,0.9948186528497409,1,250,114,0,False,1,0.456,0,0,9,1,False
16,10,173,226,53,0.2345132743362832,10.8125,1.184205957593526,14,10.8125,4.8116882432260715,15,0,3,1.6,0.66332495807108,5,69,0.3988439306358382,0.7208333333333333,0.7976878612716763,1,113,53,3,True,2,0.4690265486725664,0,0,10,7,False
4,4,12,12,0,0.0,3.0,0.0,3,3.0,0.0,3,0,1,1.0,0.0,4,6,0.5,1.0,1.0,1,6,0,0,False,0,0.0,0,0,4,7,False
14,6,99,162,63,0.3888888888888889,7.071428571428571,2.0861545523586047,12,7.071428571428571,2.086154552358605,11,0,3,2.3333333333333335,0.4714045207910317,0,43,0.43434343434343436,0.5439560439560439,0.8686868686868687,1,81,63,3,True,2,0.7777777777777778,0,0,6,6,False
8,4,32,46,14,0.30434782608695654,4.0,1.4142135623730951,7,4.0,1.6583123951777,7,0,3,2.0,0.7071067811865476,1,11,0.34375,0.5714285714285714,0.6875,1,23,14,4,True,2,0.6086956521739131,0,0,4,2,False
10,9,88,88,0,0.0,8.8,0.4,9,8.8,0.4,9,0,2,1.1111111111111112,0.3142696805273545,8,44,0.5,0.9777777777777777,1.0,1,44,0,0,False,0,0.0,0,0,9,6,False
21,8,242,384,142,0.3697916666666667,11.523809523809524,1.7893613550529464,15,11.523809523809524,6.153737134914326,18,0,3,2.625,0.4841229182759271,0,87,0.359504132231405,0.5761904761904761,0.71900826446281,2,192,142,25,True,2,0.7395833333333334,0,0,8,4,False
14,7,107,164,57,0.3475609756097561,7.642857142857143,1.715773164209188,10,7.642857142857143,3.6372505875640044,13,0,3,2.0,0.7559289460184544,2,42,0.3925233644859813,0.5879120879120879,0.7850467289719626,1,82,57,9,True,2,0.6951219512195121,0,0,7,8,False
8,4,43,48,5,0.10416666666666667,5.375,0.4841229182759271,6,5.375,0.9921567416492215,6,0,2,2.0,0.0,0,20,0.46511627906976744,0.7678571428571429,0.9302325581395349,1,24,5,1,True,2,0.20833333333333334,0,0,4,5,False
12,9,124,124,0,0.0,10.333333333333334,0.8498365855987975,11,10.333333333333334,0.8498365855987975,11,0,3,1.3333333333333333,0.6666666666666666,7,62,0.5,0.9393939393939394,1.0,1,62,0,0,False,0,0.0,0,0,9,1,False
15,5,97,158,61,0.3860759493670886,6.466666666666667,1.9618585292749549,10,6.466666666666667,4.3949465930265355,14,0,6,3.0,2.0976176963403033,2,40,0.41237113402061853,0.46190476190476193,0.8247422680412371,1,79,61,1,True,2,0.7721518987341772,0,0,5,7,False
11,10,108,108,0,0.0,9.818181818181818,0.385694607919935,10,9.818181818181818,0.385694607919935,10,0,2,1.1,0.3,9,54,0.5,0.9818181818181818,1.0,1,54,0,0,False,0,0.0,0,0,10,6,False
7,5,38,38,0,0.0,5.428571428571429,0.4948716593053935,6,5.428571428571429,0.4948716593053935,6,0,2,1.4,0.4898979485566356,3,19,0.5,0.9047619047619048,1.0,1,19,0,0,False,0,0.0,0,0,5,2,False
22,9,382,420,38,0.09047619047619047,17.363636363636363,1.2264306875665492,20,17.363636363636363,3.5871672103543375,21,0,4,2.4444444444444446,1.0657403385139377,2,182,0.47643979057591623,0.8268398268398268,0.9528795811518325,1,210,38,0,False,1,0.18095238095238095,0,0,9,1,False
10,6,73,80,7,0.0875,7.3,1.004987562112089,9,7.3,2.238302928559939,9,0,3,1.6666666666666667,0.74535599249993,3,33,0.4520547945205479,0.8111111111111111,0.9041095890410958,1,40,7,0,False,1,0.175,0,0,6,3,False
6,2,7,18,11,0.6111111111111112,1.1666666666666667,0.3726779962499649,2,1.1666666666666667,0.3726779962499649,2,0,3,3.0,0.0,0,3,0.42857142857142855,0.23333333333333334,0.8571428571428571,3,9,11,1,True,2,1.2222222222222223,0,0,2,5,False
8,6,48,52,4,0.07692307692307693,6.0,1.0,7,6.0,1.0,7,0,2,1.3333333333333333,0.47140452079103173,4,24,0.5,0.8571428571428571,1.0,1,26,4,0,False,1,0.15384615384615385,0,0,6,6,False
22,9,287,422,135,0.31990521327014215,13.045454545454545,4.172172670610413,21,13.045454545454545,4.128363892603469,21,0,4,2.4444444444444446,0.9558139185602919,2,142,0.49477351916376305,0.6212121212121212,0.9895470383275261,1,211,135,1,True,2,0.6398104265402843,0,0,9,2,False
15,7,103,190,87,0.45789473684210524,6.866666666666666,1.9955506062794355,14,6.866666666666666,2.276449477195183,14,0,3,2.142857142857143,0.6388765649999399,1,50,0.4854368932038835,0.49047619047619045,0.970873786407767,1,95,87,3,True,2,0.9157894736842105,0,0,7,2,False
14,8,112,156,44,0.28205128205128205,8.0,0.9258200997725514,9,8.0,4.9856938190329,13,0,5,1.75,1.3919410907075054,6,44,0.39285714285714285,0.6153846153846154,0.7857142857142857,1,78,44,0,False,1,0.5641025641025641,0,0,8,1,False
8,6,42,52,10,0.19230769230769232,5.25,0.4330127018922193,6,5.25,2.537222891273055,7,0,2,1.3333333333333333,0.4714045207910317,4,16,0.38095238095238093,0.75,0.7619047619047619,1,26,10,1,True,2,0.38461538461538464,0,0,6,6,False
8,5,39,50,11,0.22,4.875,0.7806247497997998,6,4.875,1.6909686573085854,7,0,2,1.6,0.4898979485566356,2,16,0.41025641025641024,0.6964285714285714,0.8205128205128205,1,25,11,0,False,1,0.44,0,0,5,8,False
11,10,101,108,7,0.06481481481481481,9.181818181818182,0.385694607919935,10,9.181818181818182,2.289032420366213,10,0,2,1.1,0.3,9,47,0.46534653465346537,0.9181818181818182,0.9306930693069307,1,54,7,0,False,1,0.12962962962962962,0,0,10,6,False
5,5,20,20,0,0.0,4.0,0.0,4,4.0,0.0,4,0,1,1.0,0.0,5,10,0.5,1.0,1.0,1,10,0,0,False,0,0.0,0,0,5,4,False
11,8,94,104,10,0.09615384615384616,8.545454545454545,1.1570838237598051,10,8.545454545454545,1.827250112931071,10,0,2,1.375,0.4841229182759271,5,44,0.46808510638297873,0.8545454545454545,0.9361702127659575,1,52,10,0,False,1,0.19230769230769232,0,0,8,6,False
28,9,390,688,298,0.4331395348837209,13.928571428571429,5.056315509401312,25,13.928571428571429,6.261723698269462,25,0,5,3.111111111111111,0.9938079899999066,0,158,0.40512820512820513,0.5158730158730159,0.8102564102564103,1,344,298,20,True,3,0.8662790697674418,0,0,9,4,False
17,10,196,252,56,0.2222222222222222,11.529411764705882,2.637236678995282,16,11.529411764705882,3.5664720920527335,16,0,3,1.7,0.9,6,89,0.45408163265306123,0.7205882352941176,0.9081632653061225,1,126,56,2,True,2,0.4444444444444444,0,0,10,7,False
5,4,15,18,3,0.16666666666666666,3.0,0.0,3,3.0,1.5491933384829668,4,0,2,1.25,0.4330127018922193,3,6,0.4,0.75,0.8,1,9,3,0,False,1,0.3333333333333333,0,0,4,2,False
7,5,33,38,5,0.13157894736842105,4.714285714285714,0.880630571852711,6,4.714285714285714,1.4846149779161804,6,0,2,1.4,0.4898979485566356,3,15,0.45454545454545453,0.7857142857142857,0.9090909090909091,1,19,5,1,True,2,0.2631578947368421,0,0,5,8,False
29,7,286,692,406,0.5867052023121387,9.862068965517242,5.513145031030364,28,9.862068965517242,5.8647052895413925,28,0,6,4.142857142857143,2.030381486221699,2,126,0.4405594405594406,0.3522167487684729,0.8811188811188811,1,346,406,18,True,4,1.1734104046242775,4,0,7,5,True
3,2,4,4,0,0.0,1.3333333333333333,0.4714045207910317,2,1.3333333333333333,0.4714045207910317,2,0,2,1.5,0.5,1,2,0.5,0.6666666666666666,1.0,1,2,0,0,False,0,0.0,0,0,2,8,False
9,7,62,68,6,0.08823529411764706,6.888888888888889,0.9938079899999065,8,6.888888888888889,1.286204100310025,8,0,2,1.2857142857142858,0.45175395145262565,5,30,0.4838709677419355,0.8611111111111112,0.967741935483871,1,34,6,0,False,1,0.17647058823529413,0,0,7,7,False
27,8,432,596,164,0.2751677852348993,16.0,1.9626135258506325,21,16.0,8.210201423071629,26,0,9,3.375,2.2878756522153907,1,162,0.375,0.6153846153846154,0.75,1,298,164,4,True,2,0.5503355704697986,0,0,8,1,False
21,3,81,294,213,0.7244897959183674,3.857142857142857,2.4743582965269675,11,3.857142857142857,1.6983385238216198,9,0,7,7.0,0.0,0,27,0.3333333333333333,0.19285714285714287,0.6666666666666666,3,147,213,6,True,2,1.4489795918367347,0,0,3,1,False
6,6,30,30,0,0.0,5.0,0.0,5,5.0,0.0,5,0,1,1.0,0.0,6,15,0.5,1.0,1.0,1,15,0,0,False,0,0.0,0,0,6,7,False
16,5,111,194,83,0.42783505154639173,6.9375,1.5995604865087159,10,6.9375,4.588964343945157,13,0,6,3.2,1.469693845669907,0,38,0.34234234234234234,0.4625,0.6846846846846847,1,97,83,14,True,2,0.8556701030927835,0,0,5,8,False
13,7,84,144,60,0.4166666666666667,6.461538461538462,1.598816130063579,12,6.461538461538462,1.598816130063579,12,0,2,1.8571428571428572,0.3499271061118826,1,42,0.5,0.5384615384615384,1.0,1,72,60,0,False,1,0.8333333333333334,0,0,7,2,False
11,9,101,106,5,0.04716981132075472,9.181818181818182,0.385694607919935,10,9.181818181818182,1.6958871005616027,10,0,2,1.2222222222222223,0.41573970964154905,7,48,0.4752475247524752,0.9181818181818182,0.9504950495049505,1,53,5,0,False,1,0.09433962264150944,0,0,9,4,False
7,5,31,38,7,0.18421052631578946,4.428571428571429,0.4948716593053935,5,4.428571428571429,1.6781914463529615,6,0,2,1.4,0.4898979485566356,3,14,0.45161290322580644,0.7380952380952381,0.9032258064516129,1,19,7,0,False,1,0.3684210526315789,0,0,5,4,False
2,2,2,2,0,0.0,1.0,0.0,1,1.0,0.0,1,0,1,1.0,0.0,2,1,0.5,1.0,1.0,1,0,0,0,False,0,,0,0,2,6,False
31,10,477,858,381,0.44405594405594406,15.387096774193548,4.870433638737358,29,15.387096774193548,4.419001634107828,26,0,5,3.1,0.8306623862918074,0,222,0.46540880503144655,0.5129032258064516,0.9308176100628931,1,429,381,14,True,2,0.8881118881118881,0,0,10,4,False
16,10,179,224,45,0.20089285714285715,11.1875,1.6665364532466729,14,11.1875,4.5582171679287065,15,0,3,1.6,0.8,6,76,0.4245810055865922,0.7458333333333333,0.8491620111731844,1,112,45,7,True,2,0.4017857142857143,0,0,10,6,False
10,8,83,86,3,0.03488372093023256,8.3,0.45825756949558394,9,8.3,1.004987562112089,9,0,2,1.25,0.4330127018922193,6,40,0.4819277108433735,0.9222222222222223,0.963855421686747,1,43,3,0,False,1,0.06976744186046512,0,0,8,5,False
7,7,42,42,0,0.0,6.0,0.0,6,6.0,0.0,6,0,1,1.0,0.0,7,21,0.5,1.0,1.0,1,21,0,0,False,0,0.0,0,0,7,3,False
3,2,4,4,0,0.0,1.3333333333333333,0.4714045207910317,2,1.3333333333333333,0.4714045207910317,2,0,2,1.5,0.5,1,2,0.5,0.6666666666666666,1.0,1,2,0,0,False,0,0.0,0,0,2,4,False
10,6,68,80,12,0.15,6.8,1.2489995996796797,9,6.8,1.8867962264113207,9,0,3,1.6666666666666667,0.74535599249993,3,32,0.47058823529411764,0.7555555555555555,0.9411764705882353,1,40,12,1,True,2,0.3,0,0,6,7,False
16,9,160,220,60,0.2727272727272727,10.0,1.4142135623730951,12,10.0,4.7302219821061255,15,0,4,1.7777777777777777,0.9162456945817024,4,56,0.35,0.6666666666666666,0.7,1,110,60,8,True,2,0.5454545454545454,0,0,9,7,False
26,7,289,528,239,0.45265151515151514,11.115384615384615,5.760121012864247,25,11.115384615384615,7.110809339832957,25,0,8,3.7142857142857144,2.7105237087157534,3,133,0.4602076124567474,0.44461538461538463,0.9204152249134948,1,264,239,2,True,2,0.9053030303030303,0,0,7,6,False
9,3,32,54,22,0.4074074074074074,3.5555555555555554,1.5713484026367723,6,3.5555555555555554,2.114033065604494,6,0,3,3.0,0.0,0,8,0.25,0.4444444444444444,0.5,1,27,22,2,True,2,0.8148148148148148,0,0,3,6,False
5,3,12,16,4,0.25,2.4,0.8,4,2.4,0.8,4,0,2,1.6666666666666667,0.4714045207910317,1,6,0.5,0.6,1.0,1,8,4,0,False,1,0.5,0,0,3,4,False
8,5,38,50,12,0.24,4.75,1.299038105676658,7,4.75,1.299038105676658,7,0,2,1.6,0.4898979485566356,2,19,0.5,0.6785714285714286,1.0,1,25,12,0,False,1,0.48,0,0,5,1,False
5,3,13,16,3,0.1875,2.6,0.4898979485566356,3,2.6,0.8,4,0,2,1.6666666666666667,0.4714045207910317,1,6,0.46153846153846156,0.65,0.9230769230769231,1,8,3,0,False,1,0.375,0,0,3,3,False
7,3,22,32,10,0.3125,3.142857142857143,0.9897433186107869,5,3.142857142857143,1.9587584572574412,5,0,3,2.3333333333333335,0.4714045207910317,0,6,0.2727272727272727,0.5238095238095238,0.5454545454545454,1,16,10,1,True,2,0.625,0,0,3,6,False
13,7,136,144,8,0.05555555555555555,10.461538461538462,0.6343239424027171,12,10.461538461538462,0.6343239424027171,12,0,2,1.8571428571428572,0.3499271061118826,1,68,0.5,0.8717948717948718,1.0,1,72,8,0,False,1,0.1111111111111111,0,0,7,1,False
9,3,24,54,30,0.5555555555555556,2.6666666666666665,0.9428090415820634,4,2.6666666666666665,1.8257418583505538,6,0,3,3.0,0.0,0,7,0.2916666666666667,0.3333333333333333,0.5833333333333334,2,27,30,6,True,3,1.1111111111111112,0,0,3,2,False
11,10,106,108,2,0.018518518518518517,9.636363636363637,0.4810456929208346,10,9.636363636363637,0.8813963377120597,10,0,2,1.1,0.3,9,52,0.49056603773584906,0.9636363636363636,0.9811320754716981,1,54,2,0,False,1,0.037037037037037035,0,0,10,8,False
27,9,318,642,324,0.5046728971962616,11.777777777777779,2.282515398241571,22,11.777777777777779,2.793290019994785,18,0,5,3.0,0.816496580927726,0,150,0.4716981132075472,0.452991452991453,0.9433962264150944,1,321,324,10,True,2,1.0093457943925233,0,0,9,2,False
10,5,60,72,12,0.16666666666666666,6.0,2.1908902300206643,9,6.0,2.1908902300206643,9,0,4,2.0,1.2649110640673518,3,30,0.5,0.6666666666666666,1.0,1,36,12,0,False,1,0.3333333333333333,0,0,5,4,False
2,2,2,2,0,0.0,1.0,0.0,1,1.0,0.0,1,0,1,1.0,0.0,2,1,0.5,1.0,1.0,1,0,0,0,False,0,,0,0,2,5,False
19,7,172,302,130,0.4304635761589404,9.052631578947368,2.3725110883336096,12,9.052631578947368,4.616602580965977,15,0,5,2.7142857142857144,1.0301575072754257,0,50,0.29069767441860467,0.5029239766081871,0.5813953488372093,2,151,130,34,True,3,0.8609271523178808,0,0,7,7,False
12,4,60,94,34,0.3617021276595745,5.0,2.8284271247461903,11,5.0,2.798809270624444,11,0,6,3.0,1.8708286933869707,1,19,0.31666666666666665,0.45454545454545453,0.6333333333333333,1,47,34,6,True,2,0.723404255319149,0,0,4,1,False
2,2,2,2,0,0.0,1.0,0.0,1,1.0,0.0,1,0,1,1.0,0.0,2,1,0.5,1.0,1.0,1,0,0,0,False,0,,0,0,2,7,False
8,3,38,38,0,0.0,4.75,0.9682458365518543,7,4.75,0.9682458365518543,7,0,4,2.6666666666666665,1.247219128924647,1,19,0.5,0.6785714285714286,1.0,1,19,0,0,False,0,0.0,0,0,3,2,False
5,5,20,20,0,0.0,4.0,0.0,4,4.0,0.0,4,0,1,1.0,0.0,5,10,0.5,1.0,1.0,1,10,0,0,False,0,0.0,0,0,5,4,False
5,4,18,18,0,0.0,3.6,0.4898979485566356,4,3.6,0.4898979485566356,4,0,2,1.25,0.4330127018922193,3,9,0.5,0.9,1.0,1,9,0,0,False,0,0.0,0,0,4,1,False
6,4,25,26,1,0.038461538461538464,4.166666666666667,0.37267799624996495,5,4.166666666666667,0.6871842709362768,5,0,2,1.5,0.5,2,12,0.48,0.8333333333333334,0.96,1,13,1,0,False,1,0.07692307692307693,0,0,4,4,False
2,2,2,2,0,0.0,1.0,0.0,1,1.0,0.0,1,0,1,1.0,0.0,2,1,0.5,1.0,1.0,1,0,0,0,False,0,,0,0,2,7,False
29,8,359,696,337,0.48419540229885055,12.379310344827585,6.789514192683568,28,12.379310344827585,7.6627796932852,28,0,7,3.625,2.2325713874364688,2,170,0.4735376044568245,0.4421182266009852,0.947075208913649,1,348,337,0,False,1,0.9683908045977011,0,0,8,1,False
12,8,94,118,24,0.2033898305084746,7.833333333333333,0.372677996249965,8,7.833333333333333,4.597704741377907,11,0,4,1.5,1.0,6,35,0.3723404255319149,0.7121212121212122,0.7446808510638298,1,59,24,0,False,1,0.4067796610169492,0,0,8,5,False
21,9,216,376,160,0.425531914893617,10.285714285714286,3.8190357439549376,18,10.285714285714286,4.8711283247788275,20,0,5,2.3333333333333335,1.3333333333333333,4,104,0.48148148148148145,0.5142857142857142,0.9629629629629629,1,188,160,0,False,1,0.851063829787234,0,0,9,2,False
7,6,36,40,4,0.1,5.142857142857143,0.3499271061118826,6,5.142857142857143,1.7261494247992246,6,0,2,1.1666666666666667,0.37267799624996495,5,16,0.4444444444444444,0.8571428571428571,0.8888888888888888,1,20,4,0,False,1,0.2,0,0,6,7,False
26,10,335,600,265,0.44166666666666665,12.884615384615385,3.2024860904870938,20,12.884615384615385,2.2244605755263467,16,0,4,2.6,0.9165151389911679,0,160,0.47761194029850745,0.5153846153846153,0.9552238805970149,1,300,265,0,False,1,0.8833333333333333,0,0,10,1,False
11,9,98,104,6,0.057692307692307696,8.909090909090908,0.9958591954639383,10,8.909090909090908,1.9284730395996748,10,0,3,1.2222222222222223,0.628539361054709,8,46,0.46938775510204084,0.8909090909090909,0.9387755102040817,1,52,6,0,False,1,0.11538461538461539,0,0,9,5,False
22,9,319,396,77,0.19444444444444445,14.5,4.053617912657554,21,14.5,5.508258262909346,21,0,6,2.4444444444444446,1.949992086087138,4,145,0.45454545454545453,0.6904761904761905,0.9090909090909091,1,198,77,2,True,3,0.3888888888888889,0,0,9,5,False
15,6,105,180,75,0.4166666666666667,7.0,1.2649110640673518,10,7.0,4.066120181860509,14,0,4,2.5,1.118033988749895,2,41,0.3904761904761905,0.5,0.780952380952381,1,90,75,7,True,2,0.8333333333333334,0,0,6,6,False
25,8,318,522,204,0.39080459770114945,12.72,5.063753548505298,24,12.72,5.42969612409387,24,0,6,3.125,1.7633419974582356,2,147,0.46226415094339623,0.53,0.9245283018867925,1,261,204,12,True,2,0.7816091954022989,0,0,8,2,False
4,3,9,10,1,0.1,2.25,0.4330127018922193,3,2.25,0.82915619758885,3,0,2,1.3333333333333333,0.4714045207910317,2,4,0.4444444444444444,0.75,0.8888888888888888,1,5,1,0,False,1,0.2,0,0,3,7,False
14,8,118,168,50,0.2976190476190476,8.428571428571429,2.2587697572631282,13,8.428571428571429,2.896162133244756,13,0,3,1.75,0.6614378277661477,3,54,0.4576271186440678,0.6483516483516484,0.9152542372881356,1,84,50,3,True,2,0.5952380952380952,0,0,8,3,False
12,8,96,122,26,0.21311475409836064,8.0,0.9128709291752769,9,8.0,3.0,11,0,3,1.5,0.7071067811865476,5,43,0.4479166666666667,0.7272727272727273,0.8958333333333334,1,61,26,0,False,1,0.4262295081967213,0,0,8,7,False
12,8,106,124,18,0.14516129032258066,8.833333333333334,1.343709624716425,11,8.833333333333334,2.1921577396609844,11,0,2,1.5,0.5,4,48,0.4528301886792453,0.803030303030303,0.9056603773584906,1,62,18,0,False,1,0.2903225806451613,0,0,8,8,False
8,5,46,48,2,0.041666666666666664,5.75,1.0897247358851685,7,5.75,1.0897247358851685,7,0,3,1.6,0.8,3,23,0.5,0.8214285714285714,1.0,1,24,2,0,False,1,0.08333333333333333,0,0,5,2,False
12,6,83,118,35,0.2966101694915254,6.916666666666667,1.552328000849763,10,6.916666666666667,1.9773017529507786,11,0,3,2.0,0.5773502691896257,1,39,0.46987951807228917,0.6287878787878788,0.9397590361445783,1,59,35,1,True,2,0.5932203389830508,0,0,6,3,False
8,8,56,56,0,0.0,7.0,0.0,7,7.0,0.0,7,0,1,1.0,0.0,8,28,0.5,1.0,1.0,1,28,0,0,False,0,0.0,0,0,8,1,False
10,7,76,84,8,0.09523809523809523,7.6,1.2,9,7.6,1.4966629547095764,9,0,2,1.4285714285714286,0.4948716593053935,4,36,0.47368421052631576,0.8444444444444444,0.9473684210526315,1,42,8,0,False,1,0.19047619047619047,0,0,7,5,False
6,2,8,18,10,0.5555555555555556,1.3333333333333333,0.74535599249993,3,1.3333333333333333,1.1055415967851334,3,0,3,3.0,0.0,0,3,0.375,0.26666666666666666,0.75,1,9,10,2,True,2,1.1111111111111112,0,0,2,6,False
13,7,128,142,14,0.09859154929577464,9.846153846153847,1.166596222161777,12,9.846153846153847,1.2307692307692308,12,0,3,1.8571428571428572,0.6388765649999399,2,61,0.4765625,0.8205128205128205,0.953125,1,71,14,2,True,2,0.19718309859154928,0,0,7,4,False
6,3,14,24,10,0.4166666666666667,2.3333333333333335,0.7453559924999298,4,2.3333333333333335,1.247219128924647,4,0,2,2.0,0.0,0,6,0.42857142857142855,0.4666666666666667,0.8571428571428571,1,12,10,2,True,2,0.8333333333333334,0,0,3,3,False
5,3,13,16,3,0.1875,2.6,0.8,4,2.6,0.8,4,0,2,1.6666666666666667,0.4714045207910317,1,6,0.46153846153846156,0.65,0.9230769230769231,1,8,3,0,False,1,0.375,0,0,3,5,False
12,9,109,126,17,0.1349206349206349,9.083333333333334,1.1873172373979173,11,9.083333333333334,2.5644470922381863,11,0,2,1.3333333333333333,0.4714045207910317,6,48,0.44036697247706424,0.8257575757575758,0.8807339449541285,1,63,17,2,True,2,0.2698412698412698,0,0,9,8,False
5,5,20,20,0,0.0,4.0,0.0,4,4.0,0.0,4,0,1,1.0,0.0,5,10,0.5,1.0,1.0,1,10,0,0,False,0,0.0,0,0,5,8,False
11,8,94,104,10,0.09615384615384616,8.545454545454545,1.304790917673393,10,8.545454545454545,1.4373989364401722,10,0,2,1.375,0.4841229182759271,5,46,0.48936170212765956,0.8545454545454545,0.9787234042553191,1,52,10,0,False,1,0.19230769230769232,0,0,8,4,False
10,7,67,82,15,0.18292682926829268,6.7,0.45825756949558405,7,6.7,3.4365680554879163,9,0,3,1.4285714285714286,0.7284313590846836,5,26,0.3880597014925373,0.7444444444444445,0.7761194029850746,1,41,15,1,True,2,0.36585365853658536,0,0,7,3,False
11,4,57,90,33,0.36666666666666664,5.181818181818182,1.6414063713879807,8,5.181818181818182,1.8982375470746453,8,0,3,2.75,0.4330127018922193,0,27,0.47368421052631576,0.5181818181818182,0.9473684210526315,1,45,33,2,True,2,0.7333333333333333,0,0,4,4,False
8,7,54,54,0,0.0,6.75,0.4330127018922193,7,6.75,0.4330127018922193,7,0,2,1.1428571428571428,0.34992710611188266,6,27,0.5,0.9642857142857143,1.0,1,27,0,0,False,0,0.0,0,0,7,4,False
3,2,4,4,0,0.0,1.3333333333333333,0.4714045207910317,2,1.3333333333333333,0.4714045207910317,2,0,2,1.5,0.5,1,2,0.5,0.6666666666666666,1.0,1,2,0,0,False,0,0.0,0,0,2,6,False
3,2,3,4,1,0.25,1.0,0.0,1,1.0,0.816496580927726,2,0,2,1.5,0.5,1,1,0.3333333333333333,0.5,0.6666666666666666,1,2,1,0,False,1,0.5,0,0,2,5,False
13,10,141,144,3,0.020833333333333332,10.846153846153847,1.4595127662315597,12,10.846153846153847,1.7473564140923918,12,0,4,1.3,0.9000000000000001,9,69,0.48936170212765956,0.9038461538461539,0.9787234042553191,1,72,3,0,False,1,0.041666666666666664,0,0,10,8,False
47,7,546,1878,1332,0.7092651757188498,11.617021276595745,3.2259136359768457,22,11.617021276595745,4.205129549902381,23,0,9,6.714285714285714,1.4846149779161804,0,251,0.4597069597069597,0.25254394079555964,0.9194139194139194,2,939,1332,20,True,3,1.4185303514376997,0,0,7,4,False
2,2,2,2,0,0.0,1.0,0.0,1,1.0,0.0,1,0,1,1.0,0.0,2,1,0.5,1.0,1.0,1,0,0,0,False,0,,0,0,2,8,False
15,8,175,192,17,0.08854166666666667,11.666666666666666,1.0110500592068734,14,11.666666666666666,1.813529401164726,14,0,3,1.875,0.7806247497997998,3,81,0.46285714285714286,0.8333333333333334,0.9257142857142857,1,96,17,1,True,2,0.17708333333333334,0,0,8,5,False
20,9,293,344,51,0.14825581395348839,14.65,2.612948526090784,19,14.65,2.971110903349116,19,0,4,2.2222222222222223,1.1331154474650633,3,143,0.4880546075085324,0.7710526315789473,0.9761092150170648,1,172,51,2,True,2,0.29651162790697677,0,0,9,2,False
14,6,124,160,36,0.225,8.857142857142858,1.5518257844571737,12,8.857142857142858,3.270149469217028,13,0,3,2.3333333333333335,0.7453559924999298,1,49,0.3951612903225806,0.6813186813186813,0.7903225806451613,1,80,36,3,True,2,0.45,0,0,6,8,False
9,9,72,72,0,0.0,8.0,0.0,8,8.0,0.0,8,0,1,1.0,0.0,9,36,0.5,1.0,1.0,1,36,0,0,False,0,0.0,0,0,9,6,False
25,9,300,526,226,0.4296577946768061,12.0,5.89915248150105,24,12.0,6.157921727336261,24,0,5,2.7777777777777777,1.8121673811444545,4,132,0.44,0.5,0.88,1,263,226,9,True,2,0.8593155893536122,0,0,9,7,False
7,5,33,36,3,0.08333333333333333,4.714285714285714,0.6998542122237652,6,4.714285714285714,1.749635530559413,6,0,3,1.4,0.8000000000000002,4,15,0.45454545454545453,0.7857142857142857,0.9090909090909091,1,18,3,0,False,1,0.16666666666666666,0,0,5,3,False
13,5,70,134,64,0.47761194029850745,5.384615384615385,1.3323467750529825,9,5.384615384615385,1.3323467750529825,8,0,3,2.6,0.4898979485566356,0,33,0.4714285714285714,0.44871794871794873,0.9428571428571428,1,67,64,3,True,2,0.9552238805970149,0,0,5,2,False
22,6,254,380,126,0.33157894736842103,11.545454545454545,4.459181261247536,21,11.545454545454545,4.459181261247536,21,0,7,3.6666666666666665,1.9720265943665387,1,127,0.5,0.5497835497835498,1.0,1,190,126,0,False,1,0.6631578947368421,0,0,6,1,False
8,6,49,52,3,0.057692307692307696,6.125,0.9270248108869579,7,6.125,1.0532687216470449,7,0,2,1.3333333333333333,0.4714045207910317,4,23,0.46938775510204084,0.875,0.9387755102040817,1,26,3,1,True,2,0.11538461538461539,0,0,6,8,False
3,2,3,4,1,0.25,1.0,0.0,1,1.0,0.816496580927726,2,0,2,1.5,0.5,1,1,0.3333333333333333,0.5,0.6666666666666666,1,2,1,0,False,1,0.5,0,0,2,4,False
14,9,146,166,20,0.12048192771084337,10.428571428571429,0.82065180664829,12,10.428571428571429,3.5196242842156913,13,0,4,1.5555555555555556,0.9558139185602919,6,64,0.4383561643835616,0.8021978021978022,0.8767123287671232,1,83,20,0,False,1,0.24096385542168675,0,0,9,7,False
30,10,395,808,413,0.5111386138613861,13.166666666666666,2.4910952522044507,23,13.166666666666666,2.6718699236468995,24,0,4,3.0,0.4472135954999579,0,196,0.4962025316455696,0.4540229885057471,0.9924050632911392,1,404,413,2,True,2,1.0222772277227723,1,0,10,3,True
32,8,360,894,534,0.5973154362416108,11.25,4.337337893224368,26,11.25,9.387491677759293,29,0,5,4.0,0.5,0,53,0.14722222222222223,0.3629032258064516,0.29444444444444445,1,447,534,121,True,3,1.1946308724832215,0,0,8,5,False
4,4,12,12,0,0.0,3.0,0.0,3,3.0,0.0,3,0,1,1.0,0.0,4,6,0.5,1.0,1.0,1,6,0,0,False,0,0.0,0,0,4,1,False
26,8,228,588,360,0.6122448979591837,8.76923076923077,2.591520081218926,16,8.76923076923077,2.342051899636666,16,0,4,3.25,0.6614378277661477,0,110,0.4824561403508772,0.3507692307692308,0.9649122807017544,1,294,360,7,True,3,1.2244897959183674,0,0,8,1,False
11,7,69,102,33,0.3235294117647059,6.2727272727272725,0.44536177141512334,7,6.2727272727272725,3.1069104528427385,10,0,2,1.5714285714285714,0.4948716593053935,3,24,0.34782608695652173,0.6272727272727273,0.6956521739130435,2,51,33,3,True,2,0.6470588235294118,0,0,7,4,False
18,10,245,288,43,0.14930555555555555,13.61111111111111,1.7682033847599496,17,13.61111111111111,2.288592213782887,17,0,3,1.8,0.6000000000000001,3,115,0.46938775510204084,0.8006535947712419,0.9387755102040817,1,144,43,4,True,2,0.2986111111111111,0,0,10,5,False
3,3,6,6,0,0.0,2.0,0.0,2,2.0,0.0,2,0,1,1.0,0.0,3,3,0.5,1.0,1.0,1,3,0,0,False,0,0.0,0,0,3,1,False
5,5,20,20,0,0.0,4.0,0.0,4,4.0,0.0,4,0,1,1.0,0.0,5,10,0.5,1.0,1.0,1,10,0,0,False,0,0.0,0,0,5,8,False
12,7,100,120,20,0.16666666666666666,8.333333333333334,1.4907119849998596,11,8.333333333333334,2.592724864350674,11,0,3,1.7142857142857142,0.6998542122237652,3,40,0.4,0.7575757575757576,0.8,1,60,20,3,True,3,0.3333333333333333,0,0,7,6,False
4,3,8,10,2,0.2,2.0,0.0,2,2.0,1.224744871391589,3,0,2,1.3333333333333333,0.4714045207910317,2,3,0.375,0.6666666666666666,0.75,1,5,2,0,False,1,0.4,0,0,3,4,False
16,8,142,194,52,0.26804123711340205,8.875,1.5761900266148114,14,8.875,5.956876278721928,15,0,7,2.0,1.9364916731037085,5,45,0.31690140845070425,0.5916666666666667,0.6338028169014085,1,97,52,6,True,2,0.5360824742268041,0,0,8,8,False
9,6,61,64,3,0.046875,6.777777777777778,0.6285393610547089,8,6.777777777777778,1.314684396244359,8,0,3,1.5,0.7637626158259734,4,29,0.47540983606557374,0.8472222222222222,0.9508196721311475,1,32,3,0,False,1,0.09375,0,0,6,2,False
21,10,220,378,158,0.41798941798941797,10.476190476190476,1.5922146187905226,14,10.476190476190476,6.980374172117598,20,0,4,2.1,1.374772708486752,6,69,0.31363636363636366,0.5238095238095238,0.6272727272727273,1,189,158,9,True,3,0.8359788359788359,2,0,10,5,True
12,9,111,126,15,0.11904761904761904,9.25,0.4330127018922193,10,9.25,2.8613807855648994,11,0,2,1.3333333333333333,0.4714045207910317,6,50,0.45045045045045046,0.8409090909090909,0.9009009009009009,1,63,15,0,False,1,0.23809523809523808,0,0,9,7,False
27,6,261,598,337,0.5635451505016722,9.666666666666666,4.529737135697669,21,9.666666666666666,4.529737135697669,19,0,6,4.5,1.2583057392117916,0,109,0.41762452107279696,0.3717948717948718,0.8352490421455939,1,299,337,11,True,3,1.1270903010033444,0,0,6,3,False
4,4,12,12,0,0.0,3.0,0.0,3,3.0,0.0,3,0,1,1.0,0.0,4,6,0.5,1.0,1.0,1,6,0,0,False,0,0.0,0,0,4,2,False
3,2,3,4,1,0.25,1.0,0.0,1,1.0,0.816496580927726,2,0,2,1.5,0.5,1,1,0.3333333333333333,0.5,0.6666666666666666,1,2,1,0,False,1,0.5,0,0,2,7,False
2,2,2,2,0,0.0,1.0,0.0,1,1.0,0.0,1,0,1,1.0,0.0,2,1,0.5,1.0,1.0,1,0,0,0,False,0,,0,0,2,7,False
16,5,103,200,97,0.485,6.4375,2.5973243443975185,13,6.4375,4.636388006843259,14,0,5,3.2,0.9797958971132712,0,20,0.1941747572815534,0.42916666666666664,0.3883495145631068,1,100,97,19,True,3,0.97,2,0,5,8,True
40,9,495,1386,891,0.6428571428571429,12.375,3.98552066862035,24,12.375,4.258447487054408,24,0,9,4.444444444444445,2.006163342807532,0,243,0.4909090909090909,0.3173076923076923,0.9818181818181818,2,693,891,9,True,2,1.2857142857142858,0,0,9,2,False
12,4,54,94,40,0.425531914893617,4.5,1.5545631755148024,8,4.5,3.378855822118882,11,0,6,3.0,1.8708286933869707,1,21,0.3888888888888889,0.4090909090909091,0.7777777777777778,1,47,40,3,True,2,0.851063829787234,0,0,4,8,False
21,8,290,366,76,0.20765027322404372,13.80952380952381,3.4312159113622513,20,13.80952380952381,5.508599749647279,20,0,5,2.625,1.5761900266148114,3,117,0.40344827586206894,0.6904761904761905,0.8068965517241379,1,183,76,5,True,3,0.41530054644808745,0,0,8,6,False
18,10,198,286,88,0.3076923076923077,11.0,2.309401076758503,17,11.0,4.346134936801766,17,0,3,1.8,0.7483314773547883,4,85,0.4292929292929293,0.6470588235294118,0.8585858585858586,1,143,88,9,True,3,0.6153846153846154,1,0,10,6,True
15,6,111,186,75,0.4032258064516129,7.4,2.0264912204760885,12,7.4,1.8547236990991407,11,0,3,2.5,0.5,0,53,0.4774774774774775,0.5285714285714286,0.954954954954955,1,93,75,3,True,2,0.8064516129032258,0,0,6,5,False
22,7,260,396,136,0.3434343434343434,11.818181818181818,3.7975633771282586,19,11.818181818181818,5.032949285696876,21,0,6,3.142857142857143,1.6413036132965795,1,90,0.34615384615384615,0.5627705627705628,0.6923076923076923,1,198,136,18,True,2,0.6868686868686869,0,0,7,7,False
6,3,12,18,6,0.3333333333333333,2.0,0.0,2,2.0,2.23606797749979,5,0,4,2.0,1.4142135623730951,2,3,0.25,0.4,0.5,1,9,6,0,False,1,0.6666666666666666,0,0,3,6,False
11,7,87,98,11,0.11224489795918367,7.909090909090909,1.3787046261911908,10,7.909090909090909,2.7120788891229632,10,0,3,1.5714285714285714,0.9035079029052513,5,38,0.4367816091954023,0.7909090909090909,0.8735632183908046,1,49,11,0,False,1,0.22448979591836735,0,0,7,4,False
30,6,212,746,534,0.7158176943699732,7.066666666666666,2.128118626601649,11,7.066666666666666,3.3954217541991585,15,0,6,5.0,0.816496580927726,0,80,0.37735849056603776,0.24367816091954023,0.7547169811320755,2,373,534,28,True,4,1.4316353887399464,1,0,6,7,True
24,10,276,516,240,0.46511627906976744,11.5,3.0276503540974917,21,11.5,1.6583123951777,14,0,3,2.4,0.48989794855663565,0,127,0.4601449275362319,0.5,0.9202898550724637,1,258,240,2,True,2,0.9302325581395349,0,0,10,1,False
10,10,90,90,0,0.0,9.0,0.0,9,9.0,0.0,9,0,1,1.0,0.0,10,45,0.5,1.0,1.0,1,45,0,0,False,0,0.0,0,0,10,4,False
6,3,12,18,6,0.3333333333333333,2.0,0.0,2,2.0,2.23606797749979,5,0,4,2.0,1.4142135623730951,2,3,0.25,0.4,0.5,1,9,6,0,False,1,0.6666666666666666,0,0,3,4,False
14,9,155,170,15,0.08823529411764706,11.071428571428571,0.8835226340609272,13,11.071428571428571,2.631248636627695,13,0,3,1.5555555555555556,0.6849348892187752,5,70,0.45161290322580644,0.8516483516483516,0.9032258064516129,1,85,15,1,True,2,0.17647058823529413,0,0,9,4,False
11,8,102,102,0,0.0,9.272727272727273,0.8624393618641034,10,9.272727272727273,0.8624393618641034,10,0,3,1.375,0.6959705453537527,6,51,0.5,0.9272727272727272,1.0,1,51,0,0,False,0,0.0,0,0,8,4,False
4,4,12,12,0,0.0,3.0,0.0,3,3.0,0.0,3,0,1,1.0,0.0,4,6,0.5,1.0,1.0,1,6,0,0,False,0,0.0,0,0,4,7,False
9,8,65,70,5,0.07142857142857142,7.222222222222222,0.41573970964154905,8,7.222222222222222,1.872477727372524,8,0,2,1.125,0.33071891388307384,7,30,0.46153846153846156,0.9027777777777778,0.9230769230769231,1,35,5,0,False,1,0.14285714285714285,0,0,8,5,False
11,9,100,106,6,0.05660377358490566,9.090909090909092,0.6680426571226848,10,9.090909090909092,1.5640591394622958,10,0,2,1.2222222222222223,0.41573970964154905,7,47,0.47,0.9090909090909091,0.94,1,53,6,0,False,1,0.11320754716981132,0,0,9,5,False
2,2,2,2,0,0.0,1.0,0.0,1,1.0,0.0,1,0,1,1.0,0.0,2,1,0.5,1.0,1.0,1,0,0,0,False,0,,0,0,2,2,False
2,2,2,2,0,0.0,1.0,0.0,1,1.0,0.0,1,0,1,1.0,0.0,2,1,0.5,1.0,1.0,1,0,0,0,False,0,,0,0,2,8,False
25,8,439,542,103,0.1900369003690037,17.56,2.467063031217484,22,17.56,3.0473595127585456,23,0,4,3.125,0.7806247497997998,0,209,0.4760820045558087,0.7316666666666667,0.9521640091116174,1,271,103,7,True,2,0.3800738007380074,0,0,8,2,False
24,7,333,486,153,0.3148148148148148,13.875,1.393810723639811,16,13.875,5.629627725998703,21,0,5,3.4285714285714284,1.049781318335648,0,121,0.3633633633633634,0.6032608695652174,0.7267267267267268,1,243,153,18,True,2,0.6296296296296297,0,0,7,5,False
10,4,46,72,26,0.3611111111111111,4.6,1.2806248474865698,7,4.6,3.1368774282716245,8,0,4,2.5,0.8660254037844386,0,12,0.2608695652173913,0.5111111111111111,0.5217391304347826,1,36,26,8,True,2,0.7222222222222222,0,0,4,7,False
14,10,161,174,13,0.07471264367816093,11.5,1.349603116263656,13,11.5,1.5923926292577109,13,0,2,1.4,0.48989794855663565,6,78,0.484472049689441,0.8846153846153846,0.968944099378882,1,87,13,0,False,1,0.14942528735632185,0,0,10,2,False
13,8,122,146,24,0.1643835616438356,9.384615384615385,1.146128032750103,12,9.384615384615385,3.24721091064699,12,0,2,1.625,0.4841229182759271,3,53,0.4344262295081967,0.782051282051282,0.8688524590163934,1,73,24,0,False,1,0.3287671232876712,0,0,8,2,False
8,5,41,50,9,0.18,5.125,0.9270248108869579,6,5.125,1.5360257159305635,7,0,2,1.6,0.4898979485566356,2,17,0.4146341463414634,0.7321428571428571,0.8292682926829268,1,25,9,0,False,1,0.36,0,0,5,8,False
3,2,3,4,1,0.25,1.0,0.0,1,1.0,0.816496580927726,2,0,2,1.5,0.5,1,1,0.3333333333333333,0.5,0.6666666666666666,1,2,1,0,False,1,0.5,0,0,2,7,False
8,6,50,52,2,0.038461538461538464,6.25,0.4330127018922193,7,6.25,0.9682458365518543,7,0,2,1.3333333333333333,0.4714045207910317,4,24,0.48,0.8928571428571429,0.96,1,26,2,0,False,1,0.07692307692307693,0,0,6,8,False
15,6,129,168,39,0.23214285714285715,8.6,3.555277766926235,14,8.6,3.5552777669262356,14,0,5,2.5,1.8027756377319946,3,64,0.49612403100775193,0.6142857142857143,0.9922480620155039,1,84,39,0,False,1,0.4642857142857143,0,0,6,5,False
21,10,307,384,77,0.20052083333333334,14.619047619047619,2.339641618388238,18,14.619047619047619,5.481364015819685,20,0,5,2.1,1.1357816691600549,3,125,0.40716612377850164,0.7309523809523809,0.8143322475570033,1,192,77,1,True,2,0.4010416666666667,0,0,10,4,False
9,7,63,68,5,0.07352941176470588,7.0,0.0,7,7.0,1.8257418583505538,8,0,2,1.2857142857142858,0.45175395145262565,5,29,0.4603174603174603,0.875,0.9206349206349206,1,34,5,0,False,1,0.14705882352941177,0,0,7,5,False
8,5,42,48,6,0.125,5.25,1.3919410907075054,7,5.25,1.3919410907075054,7,0,3,1.6,0.8,3,21,0.5,0.75,1.0,1,24,6,0,False,1,0.25,0,0,5,1,False
5,2,8,8,0,0.0,1.6,1.2,4,1.6,1.2,4,0,4,2.5,1.5,1,4,0.5,0.4,1.0,1,4,0,0,False,0,0.0,0,0,2,8,False
13,8,107,144,37,0.2569444444444444,8.23076923076923,1.80400606147055,12,8.23076923076923,2.6934063692325534,12,0,3,1.625,0.6959705453537527,4,47,0.4392523364485981,0.6858974358974359,0.8785046728971962,1,72,37,0,False,1,0.5138888888888888,0,0,8,7,False
2,2,2,2,0,0.0,1.0,0.0,1,1.0,0.0,1,0,1,1.0,0.0,2,1,0.5,1.0,1.0,1,0,0,0,False,0,,0,0,2,8,False
10,10,90,90,0,0.0,9.0,0.0,9,9.0,0.0,9,0,1,1.0,0.0,10,45,0.5,1.0,1.0,1,45,0,0,False,0,0.0,0,0,10,6,False
15,10,183,192,9,0.046875,12.2,1.3266499161421599,14,12.2,2.3151673805580457,14,0,4,1.5,1.02469507659596,8,87,0.47540983606557374,0.8714285714285714,0.9508196721311475,1,96,9,0,False,1,0.09375,0,0,10,3,False
16,5,72,204,132,0.6470588235294118,4.5,1.0,8,4.5,0.9354143466934853,6,0,4,3.2,0.39999999999999997,0,33,0.4583333333333333,0.3,0.9166666666666666,2,102,132,2,True,3,1.2941176470588236,1,0,5,1,True
10,6,67,82,15,0.18292682926829268,6.7,0.9,8,6.7,2.0999999999999996,9,0,2,1.6666666666666667,0.4714045207910317,2,30,0.44776119402985076,0.7444444444444445,0.8955223880597015,1,41,15,2,True,2,0.36585365853658536,0,0,6,5,False
13,10,131,150,19,0.12666666666666668,10.076923076923077,0.9970370305242863,11,10.076923076923077,3.2453881707275367,12,0,2,1.3,0.45825756949558405,7,58,0.44274809160305345,0.8397435897435898,0.8854961832061069,1,75,19,0,False,1,0.25333333333333335,0,0,10,3,False
14,5,79,152,73,0.48026315789473684,5.642857142857143,1.715773164209188,9,5.642857142857143,2.158277847105447,10,0,4,2.8,0.9797958971132712,0,36,0.45569620253164556,0.4340659340659341,0.9113924050632911,1,76,73,4,True,3,0.9605263157894737,3,0,5,2,True
39,9,520,1342,822,0.6125186289120715,13.333333333333334,4.346134936801766,23,13.333333333333334,4.159224122254691,21,0,6,4.333333333333333,1.0540925533894596,0,225,0.4326923076923077,0.3508771929824561,0.8653846153846154,1,671,822,29,True,2,1.225037257824143,0,0,9,3,False
19,7,230,298,68,0.22818791946308725,12.105263157894736,3.3070059099800018,18,12.105263157894736,3.3070059099800018,18,0,5,2.7142857142857144,1.2777531299998797,2,108,0.46956521739130436,0.672514619883041,0.9391304347826087,1,149,68,5,True,2,0.4563758389261745,2,0,7,2,True
23,7,215,444,229,0.5157657657657657,9.347826086956522,3.862964570650639,18,9.347826086956522,4.279462538909316,21,0,5,3.2857142857142856,1.1605769149479943,0,83,0.386046511627907,0.424901185770751,0.772093023255814,1,222,229,20,True,2,1.0315315315315314,1,0,7,8,True
14,6,105,160,55,0.34375,7.5,1.6366341767699428,12,7.5,2.847304489713536,11,0,4,2.3333333333333335,0.7453559924999298,0,41,0.3904761904761905,0.5769230769230769,0.780952380952381,1,80,55,6,True,2,0.6875,0,0,6,5,False
11,6,88,98,10,0.10204081632653061,8.0,0.7385489458759964,9,8.0,2.6285149626910838,10,0,3,1.8333333333333333,0.6871842709362768,2,39,0.4431818181818182,0.8,0.8863636363636364,1,49,10,1,True,2,0.20408163265306123,0,0,6,2,False
5,4,18,18,0,0.0,3.6,0.4898979485566356,4,3.6,0.4898979485566356,4,0,2,1.25,0.4330127018922193,3,9,0.5,0.9,1.0,1,9,0,0,False,0,0.0,0,0,4,5,False
14,7,103,160,57,0.35625,7.357142857142857,1.7569105537498348,11,7.357142857142857,4.368836766678008,13,0,4,2.0,1.0690449676496976,3,39,0.3786407766990291,0.5659340659340659,0.7572815533980582,1,80,57,14,True,3,0.7125,1,0,7,6,True
11,4,46,78,32,0.41025641025641024,4.181818181818182,1.8982375470746453,10,4.181818181818182,2.9792672014861705,10,0,5,2.75,1.7853571071357126,2,19,0.41304347826086957,0.41818181818181815,0.8260869565217391,1,39,32,1,True,2,0.8205128205128205,0,0,4,3,False
10,9,88,88,0,0.0,8.8,0.4,9,8.8,0.4,9,0,2,1.1111111111111112,0.3142696805273545,8,44,0.5,0.9777777777777777,1.0,1,44,0,0,False,0,0.0,0,0,9,8,False
12,5,66,112,46,0.4107142857142857,5.5,1.848422751068236,10,5.5,1.6583123951777,8,0,4,2.4,0.8,0,28,0.42424242424242425,0.5,0.8484848484848485,2,56,46,0,False,1,0.8214285714285714,0,0,5,8,False
15,9,154,196,42,0.21428571428571427,10.266666666666667,1.8061622912192086,14,10.266666666666667,3.453822359196965,14,0,3,1.6666666666666667,0.6666666666666666,4,58,0.37662337662337664,0.7333333333333333,0.7532467532467533,1,98,42,8,True,2,0.42857142857142855,0,0,9,5,False
11,9,99,104,5,0.04807692307692308,9.0,0.7385489458759964,10,9.0,2.04494943258218,10,0,3,1.2222222222222223,0.628539361054709,8,47,0.47474747474747475,0.9,0.9494949494949495,1,52,5,0,False,1,0.09615384615384616,0,0,9,2,False
11,5,64,90,26,0.28888888888888886,5.818181818181818,1.9917183909278768,9,5.818181818181818,2.7574092523823817,10,0,4,2.2,1.16619037896906,2,26,0.40625,0.5818181818181818,0.8125,1,45,26,3,True,3,0.5777777777777777,0,0,5,6,False
5,4,17,18,1,0.05555555555555555,3.4,0.4898979485566356,4,3.4,0.8,4,0,2,1.25,0.4330127018922193,3,8,0.47058823529411764,0.85,0.9411764705882353,1,9,1,0,False,1,0.1111111111111111,0,0,4,3,False
7,5,34,38,4,0.10526315789473684,4.857142857142857,0.989743318610787,6,4.857142857142857,0.989743318610787,6,0,2,1.4,0.4898979485566356,3,17,0.5,0.8095238095238095,1.0,1,19,4,0,False,1,0.21052631578947367,0,0,5,2,False
9,5,55,62,7,0.11290322580645161,6.111111111111111,0.9938079899999066,8,6.111111111111111,1.7284832429004493,8,0,3,1.8,0.7483314773547883,2,25,0.45454545454545453,0.7638888888888888,0.9090909090909091,1,31,7,1,True,2,0.22580645161290322,0,0,5,5,False
9,6,63,66,3,0.045454545454545456,7.0,0.0,7,7.0,0.9428090415820634,8,0,2,1.5,0.5,3,30,0.47619047619047616,0.875,0.9523809523809523,1,33,3,0,False,1,0.09090909090909091,0,0,6,6,False
19,9,244,304,60,0.19736842105263158,12.842105263157896,3.1163939669657816,17,12.842105263157896,4.965811089680451,18,0,5,2.111111111111111,1.3698697784375504,4,105,0.430327868852459,0.7134502923976608,0.860655737704918,1,152,60,5,True,2,0.39473684210526316,0,0,9,7,False
2,2,2,2,0,0.0,1.0,0.0,1,1.0,0.0,1,0,1,1.0,0.0,2,1,0.5,1.0,1.0,1,0,0,0,False,0,,0,0,2,5,False
16,4,59,182,123,0.6758241758241759,3.6875,1.1575161985907585,6,3.6875,3.583272770806041,12,0,6,4.0,1.5811388300841898,0,18,0.3050847457627119,0.24583333333333332,0.6101694915254238,4,91,123,18,True,3,1.3516483516483517,1,1,4,2,True
9,5,56,62,6,0.0967741935483871,6.222222222222222,0.9162456945817024,8,6.222222222222222,1.8121673811444545,8,0,3,1.8,0.7483314773547883,2,25,0.44642857142857145,0.7777777777777778,0.8928571428571429,1,31,6,0,False,1,0.1935483870967742,0,0,5,7,False
17,10,168,246,78,0.3170731707317073,9.882352941176471,0.32218973970892123,10,9.882352941176471,6.807282890112674,16,0,4,1.7,1.1874342087037917,7,57,0.3392857142857143,0.6176470588235294,0.6785714285714286,4,123,78,0,False,1,0.6341463414634146,0,0,10,6,False
13,4,92,124,32,0.25806451612903225,7.076923076923077,2.335727146259843,11,7.076923076923077,2.335727146259843,11,0,4,3.25,0.82915619758885,0,46,0.5,0.5897435897435898,1.0,1,62,32,0,False,1,0.5161290322580645,0,0,4,1,False
10,6,75,80,5,0.0625,7.5,1.02469507659596,9,7.5,1.6881943016134133,9,0,3,1.6666666666666667,0.7453559924999299,3,35,0.4666666666666667,0.8333333333333334,0.9333333333333333,1,40,5,0,False,1,0.125,0,0,6,1,False
14,5,78,156,78,0.5,5.571428571428571,1.761261143705422,9,5.571428571428571,1.2371791482634837,8,0,3,2.8,0.39999999999999997,0,34,0.4358974358974359,0.42857142857142855,0.8717948717948718,1,78,78,2,True,2,1.0,0,0,5,4,False
15,10,176,194,18,0.09278350515463918,11.733333333333333,1.18133634311129,14,11.733333333333333,3.6233808644536514,14,0,4,1.5,0.9219544457292888,7,79,0.44886363636363635,0.8380952380952381,0.8977272727272727,1,97,18,1,True,2,0.18556701030927836,0,0,10,8,False
5,5,20,20,0,0.0,4.0,0.0,4,4.0,0.0,4,0,1,1.0,0.0,5,10,0.5,1.0,1.0,1,10,0,0,False,0,0.0,0,0,5,5,False
6,4,23,24,1,0.041666666666666664,3.8333333333333335,0.8975274678557507,5,3.8333333333333335,1.2133516482134197,5,0,3,1.5,0.8660254037844386,3,11,0.4782608695652174,0.7666666666666667,0.9565217391304348,1,12,1,0,False,1,0.08333333333333333,0,0,4,7,False
6,5,28,28,0,0.0,4.666666666666667,0.4714045207910317,5,4.666666666666667,0.4714045207910317,5,0,2,1.2,0.4000000000000001,4,14,0.5,0.9333333333333333,1.0,1,14,0,0,False,0,0.0,0,0,5,3,False
33,7,226,926,700,0.755939524838013,6.848484848484849,1.2338953376668078,9,6.848484848484849,1.2338953376668078,9,0,7,4.714285714285714,1.0301575072754257,0,113,0.5,0.21401515151515152,1.0,4,463,700,0,False,1,1.511879049676026,0,0,7,2,False
5,4,17,18,1,0.05555555555555555,3.4,0.4898979485566356,4,3.4,0.8,4,0,2,1.25,0.4330127018922193,3,8,0.47058823529411764,0.85,0.9411764705882353,1,9,1,0,False,1,0.1111111111111111,0,0,4,5,False
18,5,97,254,157,0.6181102362204725,5.388888888888889,1.9476164603286783,9,5.388888888888889,1.9759354715309712,9,0,5,3.6,1.019803902718557,0,48,0.4948453608247423,0.31699346405228757,0.9896907216494846,2,127,157,1,True,2,1.236220472440945,0,0,5,2,False
10,6,69,80,11,0.1375,6.9,1.6401219466856725,9,6.9,1.8681541692269403,9,0,3,1.6666666666666667,0.74535599249993,3,32,0.463768115942029,0.7666666666666667,0.927536231884058,1,40,11,2,True,2,0.275,0,0,6,3,False
6,2,16,16,0,0.0,2.6666666666666665,0.9428090415820634,4,2.6666666666666665,0.9428090415820634,4,0,4,3.0,1.0,0,8,0.5,0.5333333333333333,1.0,1,8,0,0,False,0,0.0,0,0,2,7,False
4,4,12,12,0,0.0,3.0,0.0,3,3.0,0.0,3,0,1,1.0,0.0,4,6,0.5,1.0,1.0,1,6,0,0,False,0,0.0,0,0,4,5,False
16,9,188,214,26,0.12149532710280374,11.75,2.5860201081971503,15,11.75,3.072051431861127,15,0,4,1.7777777777777777,1.227262335243029,6,92,0.48936170212765956,0.7833333333333333,0.9787234042553191,1,107,26,0,False,1,0.24299065420560748,0,0,9,5,False
9,9,72,72,0,0.0,8.0,0.0,8,8.0,0.0,8,0,1,1.0,0.0,9,36,0.5,1.0,1.0,1,36,0,0,False,0,0.0,0,0,9,4,False
13,7,98,138,40,0.2898550724637681,7.538461538461538,2.0235302212255237,12,7.538461538461538,3.3881100839300364,12,0,3,1.8571428571428572,0.989743318610787,4,44,0.4489795918367347,0.6282051282051282,0.8979591836734694,1,69,40,2,True,2,0.5797101449275363,0,0,7,8,False
4,4,12,12,0,0.0,3.0,0.0,3,3.0,0.0,3,0,1,1.0,0.0,4,6,0.5,1.0,1.0,1,6,0,0,False,0,0.0,0,0,4,7,False
28,7,482,658,176,0.2674772036474164,17.214285714285715,4.029863014839009,24,17.214285714285715,7.4227312207509035,27,0,5,4.0,1.4142135623730951,1,177,0.36721991701244816,0.6375661375661376,0.7344398340248963,1,329,176,11,True,3,0.5349544072948328,0,0,7,7,False
4,3,10,10,0,0.0,2.5,0.5,3,2.5,0.5,3,0,2,1.3333333333333333,0.4714045207910317,2,5,0.5,0.8333333333333334,1.0,1,5,0,0,False,0,0.0,0,0,3,7,False
18,10,234,268,34,0.12686567164179105,13.0,0.816496580927726,14,13.0,5.5677643628300215,17,0,6,1.8,1.5362291495737217,7,100,0.42735042735042733,0.7647058823529411,0.8547008547008547,1,134,34,0,False,1,0.2537313432835821,0,0,10,6,False
3,3,6,6,0,0.0,2.0,0.0,2,2.0,0.0,2,0,1,1.0,0.0,3,3,0.5,1.0,1.0,1,3,0,0,False,0,0.0,0,0,3,5,False
12,5,95,108,13,0.12037037037037036,7.916666666666667,1.552328000849763,11,7.916666666666667,1.6562172428626492,11,0,4,2.4,1.2000000000000002,2,47,0.49473684210526314,0.7196969696969697,0.9894736842105263,1,54,13,0,False,1,0.24074074074074073,0,0,5,3,False
9,6,63,64,1,0.015625,7.0,0.816496580927726,8,7.0,1.0540925533894598,8,0,3,1.5,0.7637626158259734,4,31,0.49206349206349204,0.875,0.9841269841269841,1,32,1,0,False,1,0.03125,0,0,6,3,False
5,2,8,12,4,0.3333333333333333,1.6,0.4898979485566356,2,1.6,1.019803902718557,3,0,3,2.5,0.5,0,2,0.25,0.4,0.5,1,6,4,1,True,2,0.6666666666666666,0,0,2,2,False
6,4,22,24,2,0.08333333333333333,3.6666666666666665,0.7453559924999298,5,3.6666666666666665,1.4907119849998598,5,0,3,1.5,0.8660254037844386,3,10,0.45454545454545453,0.7333333333333333,0.9090909090909091,1,12,2,0,False,1,0.16666666666666666,0,0,4,3,False
8,6,46,50,4,0.08,5.75,0.6614378277661477,7,5.75,1.984313483298443,7,0,3,1.3333333333333333,0.7453559924999299,5,21,0.45652173913043476,0.8214285714285714,0.9130434782608695,1,25,4,0,False,1,0.16,0,0,6,7,False
16,6,131,210,79,0.3761904761904762,8.1875,2.4803918541230536,15,8.1875,2.8111107680061274,15,0,3,2.6666666666666665,0.7453559924999298,1,58,0.44274809160305345,0.5458333333333333,0.8854961832061069,1,105,79,4,True,2,0.7523809523809524,0,0,6,4,False
19,9,215,314,99,0.31528662420382164,11.31578947368421,3.6136092407940783,18,11.31578947368421,3.8258488095549996,18,0,3,2.111111111111111,0.8748897637790901,3,92,0.42790697674418604,0.6286549707602339,0.8558139534883721,1,157,99,10,True,2,0.6305732484076433,0,0,9,6,False
15,9,144,190,46,0.24210526315789474,9.6,1.8903262505010432,14,9.6,4.3328204824725125,14,0,4,1.6666666666666667,1.0540925533894596,6,59,0.4097222222222222,0.6857142857142857,0.8194444444444444,1,95,46,4,True,2,0.4842105263157895,0,0,9,5,False
6,2,10,18,8,0.4444444444444444,1.6666666666666667,0.74535599249993,3,1.6666666666666667,1.1055415967851334,3,0,3,3.0,0.0,0,1,0.1,0.3333333333333333,0.2,1,9,8,3,True,2,0.8888888888888888,0,0,2,5,False
12,8,99,120,21,0.175,8.25,0.924211375534118,9,8.25,3.722118572354549,11,0,3,1.5,0.8660254037844386,6,41,0.41414141414141414,0.75,0.8282828282828283,1,60,21,1,True,2,0.35,0,0,8,7,False
8,4,26,36,10,0.2777777777777778,3.25,0.6614378277661477,5,3.25,3.031088913245535,7,0,5,2.0,1.7320508075688772,3,8,0.3076923076923077,0.4642857142857143,0.6153846153846154,1,18,10,0,False,1,0.5555555555555556,0,0,4,5,False
5,5,20,20,0,0.0,4.0,0.0,4,4.0,0.0,4,0,1,1.0,0.0,5,10,0.5,1.0,1.0,1,10,0,0,False,0,0.0,0,0,5,7,False
11,9,102,104,2,0.019230769230769232,9.272727272727273,0.9620913858416692,10,9.272727272727273,1.212878551284212,10,0,3,1.2222222222222223,0.628539361054709,8,50,0.49019607843137253,0.9272727272727272,0.9803921568627451,1,52,2,0,False,1,0.038461538461538464,0,0,9,1,False
2,2,2,2,0,0.0,1.0,0.0,1,1.0,0.0,1,0,1,1.0,0.0,2,1,0.5,1.0,1.0,1,0,0,0,False,0,,0,0,2,6,False
7,4,29,36,7,0.19444444444444445,4.142857142857143,0.3499271061118826,5,4.142857142857143,1.551825784457174,6,0,2,1.75,0.4330127018922193,1,12,0.41379310344827586,0.6904761904761905,0.8275862068965517,1,18,7,1,True,2,0.3888888888888889,0,0,4,4,False
23,6,270,434,164,0.3778801843317972,11.73913043478261,3.9255837705376395,19,11.73913043478261,4.265303815106338,19,0,5,3.8333333333333335,1.0671873729054748,0,125,0.46296296296296297,0.5335968379446641,0.9259259259259259,1,217,164,10,True,2,0.7557603686635944,0,0,6,5,False
17,6,183,226,43,0.1902654867256637,10.764705882352942,2.1565062093909835,16,10.764705882352942,2.818623188402574,16,0,5,2.8333333333333335,1.5723301886761005,2,85,0.4644808743169399,0.6727941176470589,0.9289617486338798,1,113,43,3,True,2,0.3805309734513274,0,0,6,4,False
14,8,131,168,37,0.22023809523809523,9.357142857142858,1.7157731642091876,13,9.357142857142858,2.7152254012497448,13,0,3,1.75,0.6614378277661477,3,60,0.4580152671755725,0.7197802197802198,0.916030534351145,1,84,37,0,False,1,0.44047619047619047,0,0,8,5,False
5,3,13,16,3,0.1875,2.6,0.8,4,2.6,1.019803902718557,4,0,2,1.6666666666666667,0.4714045207910317,1,5,0.38461538461538464,0.65,0.7692307692307693,1,8,3,1,True,2,0.375,0,0,3,2,False
15,10,193,198,5,0.025252525252525252,12.866666666666667,0.8844332774281065,14,12.866666666666667,1.024152766382481,14,0,3,1.5,0.6708203932499369,6,96,0.49740932642487046,0.919047619047619,0.9948186528497409,1,99,5,0,False,1,0.050505050505050504,0,0,10,1,False
9,3,20,54,34,0.6296296296296297,2.2222222222222223,0.41573970964154905,3,2.2222222222222223,0.9162456945817024,4,0,3,3.0,0.0,0,9,0.45,0.2777777777777778,0.9,3,27,34,2,True,2,1.2592592592592593,0,0,3,1,False
7,6,35,40,5,0.125,5.0,0.0,5,5.0,2.0701966780270626,6,0,2,1.1666666666666667,0.3726779962499649,5,15,0.42857142857142855,0.8333333333333334,0.8571428571428571,1,20,5,0,False,1,0.25,0,0,6,7,False
7,5,32,36,4,0.1111111111111111,4.571428571428571,0.7284313590846836,6,4.571428571428571,1.840585532389304,6,0,3,1.4,0.8000000000000002,4,14,0.4375,0.7619047619047619,0.875,1,18,4,0,False,1,0.2222222222222222,0,0,5,8,False
3,2,4,4,0,0.0,1.3333333333333333,0.4714045207910317,2,1.3333333333333333,0.4714045207910317,2,0,2,1.5,0.5,1,2,0.5,0.6666666666666666,1.0,1,2,0,0,False,0,0.0,0,0,2,5,False
13,5,99,132,33,0.25,7.615384615384615,1.4955555457864294,10,7.615384615384615,2.975243016279033,11,0,4,2.6,0.8,0,35,0.35353535353535354,0.6346153846153846,0.7070707070707071,1,66,33,5,True,2,0.5,0,0,5,8,False
12,7,93,120,27,0.225,7.75,2.165063509461097,11,7.75,2.384848003542364,11,0,3,1.7142857142857142,0.6998542122237652,3,41,0.44086021505376344,0.7045454545454546,0.8817204301075269,1,60,27,4,True,2,0.45,0,0,7,2,False
21,5,102,352,250,0.7102272727272727,4.857142857142857,1.753519299002092,12,4.857142857142857,2.006791191019569,12,0,5,4.2,0.39999999999999997,0,41,0.4019607843137255,0.24285714285714285,0.803921568627451,4,176,250,12,True,3,1.4204545454545454,0,0,5,1,False
17,7,148,246,98,0.3983739837398374,8.705882352941176,2.3705225505423395,15,8.705882352941176,2.345576710279634,15,0,3,2.4285714285714284,0.49487165930539345,0,68,0.4594594594594595,0.5441176470588235,0.918918918918919,1,123,98,4,True,2,0.7967479674796748,0,0,7,6,False
3,2,4,4,0,0.0,1.3333333333333333,0.4714045207910317,2,1.3333333333333333,0.4714045207910317,2,0,2,1.5,0.5,1,2,0.5,0.6666666666666666,1.0,1,2,0,0,False,0,0.0,0,0,2,5,False
7,5,31,38,7,0.18421052631578946,4.428571428571429,0.4948716593053935,5,4.428571428571429,1.6781914463529617,6,0,2,1.4,0.4898979485566356,3,14,0.45161290322580644,0.7380952380952381,0.9032258064516129,1,19,7,0,False,1,0.3684210526315789,0,0,5,6,False
13,9,141,148,7,0.0472972972972973,10.846153846153847,1.166596222161777,12,10.846153846153847,1.4058205294228512,12,0,2,1.4444444444444444,0.4969039949999533,5,68,0.48226950354609927,0.9038461538461539,0.9645390070921985,1,74,7,1,True,2,0.0945945945945946,0,0,9,6,False
5,3,14,16,2,0.125,2.8,0.7483314773547882,4,2.8,0.7483314773547882,4,0,2,1.6666666666666667,0.4714045207910317,1,7,0.5,0.7,1.0,1,8,2,0,False,1,0.25,0,0,3,2,False
2,2,2,2,0,0.0,1.0,0.0,1,1.0,0.0,1,0,1,1.0,0.0,2,1,0.5,1.0,1.0,1,0,0,0,False,0,,0,0,2,4,False
25,10,427,542,115,0.21217712177121772,17.08,3.3096223349500167,24,17.08,4.938987750541602,24,0,5,2.5,1.4317821063276353,3,188,0.44028103044496486,0.7116666666666667,0.8805620608899297,1,271,115,3,True,2,0.42435424354243545,0,0,10,2,False
4,4,12,12,0,0.0,3.0,0.0,3,3.0,0.0,3,0,1,1.0,0.0,4,6,0.5,1.0,1.0,1,6,0,0,False,0,0.0,0,0,4,8,False
16,9,162,216,54,0.25,10.125,1.996089927833914,13,10.125,4.648588495446763,15,0,4,1.7777777777777777,1.1331154474650633,6,70,0.43209876543209874,0.675,0.8641975308641975,1,108,54,2,True,2,0.5,0,0,9,3,False
16,8,196,216,20,0.09259259259259259,12.25,1.6393596310755,14,12.25,2.8613807855648994,15,0,4,2.0,1.0,3,91,0.4642857142857143,0.8166666666666667,0.9285714285714286,1,108,20,3,True,3,0.18518518518518517,0,0,8,7,False
13,4,66,120,54,0.45,5.076923076923077,2.335727146259843,10,5.076923076923077,2.8945981111118124,10,0,5,3.25,1.299038105676658,0,20,0.30303030303030304,0.4230769230769231,0.6060606060606061,4,60,54,8,True,2,0.9,0,0,4,3,False
10,8,82,86,4,0.046511627906976744,8.2,0.8717797887081348,9,8.2,1.2489995996796797,9,0,2,1.25,0.4330127018922193,6,39,0.47560975609756095,0.9111111111111111,0.9512195121951219,1,43,4,0,False,1,0.09302325581395349,0,0,8,4,False
8,7,54,54,0,0.0,6.75,0.4330127018922193,7,6.75,0.4330127018922193,7,0,2,1.1428571428571428,0.34992710611188266,6,27,0.5,0.9642857142857143,1.0,1,27,0,0,False,0,0.0,0,0,7,2,False
28,9,401,688,287,0.4171511627906977,14.321428571428571,2.479250627401229,20,14.321428571428571,5.934485002500044,22,0,5,3.111111111111111,0.9938079899999066,0,150,0.3740648379052369,0.5304232804232805,0.7481296758104738,1,344,287,40,True,3,0.8343023255813954,8,0,9,4,True
9,9,72,72,0,0.0,8.0,0.0,8,8.0,0.0,8,0,1,1.0,0.0,9,36,0.5,1.0,1.0,1,36,0,0,False,0,0.0,0,0,9,5,False
7,7,42,42,0,0.0,6.0,0.0,6,6.0,0.0,6,0,1,1.0,0.0,7,21,0.5,1.0,1.0,1,21,0,0,False,0,0.0,0,0,7,5,False
2,2,2,2,0,0.0,1.0,0.0,1,1.0,0.0,1,0,1,1.0,0.0,2,1,0.5,1.0,1.0,1,0,0,0,False,0,,0,0,2,2,False
12,8,96,124,28,0.22580645161290322,8.0,1.7320508075688772,11,8.0,2.160246899469287,11,0,2,1.5,0.5,4,46,0.4791666666666667,0.7272727272727273,0.9583333333333334,1,62,28,0,False,1,0.45161290322580644,0,0,8,2,False
7,3,18,32,14,0.4375,2.5714285714285716,0.7284313590846836,4,2.5714285714285716,1.9897697538834456,5,0,3,2.3333333333333335,0.4714045207910317,0,3,0.16666666666666666,0.42857142857142855,0.3333333333333333,1,16,14,6,True,3,0.875,0,0,3,7,False
13,10,139,148,9,0.060810810810810814,10.692307692307692,1.135755620017954,12,10.692307692307692,2.2999871365732387,12,0,3,1.3,0.6403124237432849,8,65,0.4676258992805755,0.8910256410256411,0.935251798561151,1,74,9,0,False,1,0.12162162162162163,0,0,10,4,False
8,7,54,54,0,0.0,6.75,0.4330127018922193,7,6.75,0.4330127018922193,7,0,2,1.1428571428571428,0.34992710611188266,6,27,0.5,0.9642857142857143,1.0,1,27,0,0,False,0,0.0,0,0,7,4,False
17,6,124,232,108,0.46551724137931033,7.294117647058823,3.2497005451607373,16,7.294117647058823,3.4770627543839177,16,0,4,2.8333333333333335,1.2133516482134197,1,51,0.4112903225806452,0.45588235294117646,0.8225806451612904,1,116,108,12,True,2,0.9310344827586207,0,0,6,8,False
11,3,39,78,39,0.5,3.5454545454545454,1.6160353486028343,6,3.5454545454545454,2.3879864611933996,8,0,5,3.6666666666666665,0.9428090415820634,0,12,0.3076923076923077,0.35454545454545455,0.6153846153846154,1,39,39,5,True,2,1.0,0,0,3,8,False
13,6,106,136,30,0.22058823529411764,8.153846153846153,1.4058205294228512,12,8.153846153846153,3.3014251898269134,12,0,3,2.1666666666666665,0.8975274678557507,2,42,0.39622641509433965,0.6794871794871795,0.7924528301886793,1,68,30,4,True,2,0.4411764705882353,0,0,6,8,False
9,5,40,60,20,0.3333333333333333,4.444444444444445,1.257078722109418,8,4.444444444444445,2.629368792488718,8,0,3,1.8,0.9797958971132713,3,16,0.4,0.5555555555555556,0.8,1,30,20,0,False,1,0.6666666666666666,0,0,5,5,False
7,7,42,42,0,0.0,6.0,0.0,6,6.0,0.0,6,0,1,1.0,0.0,7,21,0.5,1.0,1.0,1,21,0,0,False,0,0.0,0,0,7,1,False
22,9,304,426,122,0.2863849765258216,13.818181818181818,3.5756291707812977,20,13.818181818181818,3.663534850838161,20,0,4,2.4444444444444446,0.6849348892187751,0,151,0.4967105263157895,0.658008658008658,0.993421052631579,1,213,122,2,True,2,0.5727699530516432,0,0,9,3,False
8,5,46,50,4,0.08,5.75,0.6614378277661477,7,5.75,0.9682458365518543,7,0,2,1.6,0.4898979485566356,2,21,0.45652173913043476,0.8214285714285714,0.9130434782608695,1,25,4,1,True,2,0.16,0,0,5,7,False
21,10,305,386,81,0.20984455958549222,14.523809523809524,1.5620209016054025,17,14.523809523809524,6.737380073102089,20,0,4,2.1,1.044030650891055,4,119,0.3901639344262295,0.7261904761904762,0.780327868852459,3,193,81,2,True,2,0.41968911917098445,0,0,10,7,False
10,6,70,80,10,0.125,7.0,1.0,9,7.0,2.04939015319192,9,0,3,1.6666666666666667,0.74535599249993,3,33,0.4714285714285714,0.7777777777777778,0.9428571428571428,1,40,10,0,False,1,0.25,0,0,6,5,False
15,9,170,194,24,0.12371134020618557,11.333333333333334,1.6599866130651644,14,11.333333333333334,3.552776691859794,14,0,3,1.6666666666666667,0.816496580927726,5,73,0.4294117647058823,0.8095238095238095,0.8588235294117647,1,97,24,4,True,2,0.24742268041237114,0,0,9,5,False
15,10,185,196,11,0.05612244897959184,12.333333333333334,1.3498971154211057,14,12.333333333333334,2.180723631172817,14,0,3,1.5,0.806225774829855,7,87,0.4702702702702703,0.8809523809523809,0.9405405405405406,1,98,11,2,True,2,0.11224489795918367,0,0,10,7,False
5,3,10,16,6,0.375,2.0,0.0,2,2.0,1.0954451150103321,4,0,2,1.6666666666666667,0.4714045207910317,1,4,0.4,0.5,0.8,2,8,6,0,False,1,0.75,0,0,3,2,False
7,5,34,38,4,0.10526315789473684,4.857142857142857,0.9897433186107869,6,4.857142857142857,0.9897433186107869,6,0,2,1.4,0.4898979485566356,3,17,0.5,0.8095238095238095,1.0,1,19,4,0,False,1,0.21052631578947367,0,0,5,5,False
13,6,73,140,67,0.4785714285714286,5.615384615384615,1.3323467750529823,10,5.615384615384615,1.942973990817706,10,0,3,2.1666666666666665,0.3726779962499649,0,33,0.4520547945205479,0.46794871794871795,0.9041095890410958,1,70,67,6,True,2,0.9571428571428572,0,0,6,6,False
4,4,12,12,0,0.0,3.0,0.0,3,3.0,0.0,3,0,1,1.0,0.0,4,6,0.5,1.0,1.0,1,6,0,0,False,0,0.0,0,0,4,3,False
10,9,85,88,3,0.03409090909090909,8.5,0.5,9,8.5,1.02469507659596,9,0,2,1.1111111111111112,0.3142696805273545,8,41,0.4823529411764706,0.9444444444444444,0.9647058823529412,1,44,3,0,False,1,0.06818181818181818,0,0,9,4,False
8,7,53,54,1,0.018518518518518517,6.625,0.4841229182759271,7,6.625,0.6959705453537527,7,0,2,1.1428571428571428,0.34992710611188266,6,26,0.49056603773584906,0.9464285714285714,0.9811320754716981,1,27,1,0,False,1,0.037037037037037035,0,0,7,5,False
11,2,28,56,28,0.5,2.5454545454545454,1.4373989364401722,6,2.5454545454545454,1.4373989364401722,6,0,7,5.5,1.5,0,14,0.5,0.2545454545454545,1.0,2,28,28,0,False,1,1.0,0,0,2,8,False
44,9,738,1716,978,0.5699300699300699,16.772727272727273,6.244501713739261,35,16.772727272727273,6.511750345489564,36,0,6,4.888888888888889,0.7370277311900888,0,348,0.4715447154471545,0.39006342494714585,0.943089430894309,1,858,978,29,True,2,1.1398601398601398,1,0,9,6,True
10,7,70,82,12,0.14634146341463414,7.0,0.8944271909999159,9,7.0,2.6832815729997477,9,0,3,1.4285714285714286,0.7284313590846835,5,31,0.44285714285714284,0.7777777777777778,0.8857142857142857,1,41,12,0,False,1,0.2926829268292683,0,0,7,5,False
8,4,34,48,14,0.2916666666666667,4.25,0.4330127018922193,5,4.25,1.920286436967152,6,0,2,2.0,0.0,0,13,0.38235294117647056,0.6071428571428571,0.7647058823529411,1,24,14,2,True,2,0.5833333333333334,0,0,4,6,False
9,7,68,68,0,0.0,7.555555555555555,0.49690399499995325,8,7.555555555555555,0.49690399499995325,8,0,2,1.2857142857142858,0.45175395145262565,5,34,0.5,0.9444444444444444,1.0,1,34,0,0,False,0,0.0,0,0,7,8,False
7,6,39,40,1,0.025,5.571428571428571,0.4948716593053935,6,5.571428571428571,0.7284313590846835,6,0,2,1.1666666666666667,0.3726779962499649,5,19,0.48717948717948717,0.9285714285714286,0.9743589743589743,1,20,1,0,False,1,0.05,0,0,6,2,False
5,3,13,16,3,0.1875,2.6,0.8,4,2.6,1.019803902718557,4,0,2,1.6666666666666667,0.4714045207910317,1,5,0.38461538461538464,0.65,0.7692307692307693,1,8,3,1,True,2,0.375,0,0,3,4,False
5,4,18,18,0,0.0,3.6,0.4898979485566356,4,3.6,0.4898979485566356,4,0,2,1.25,0.4330127018922193,3,9,0.5,0.9,1.0,1,9,0,0,False,0,0.0,0,0,4,7,False
15,10,193,200,7,0.035,12.866666666666667,0.8844332774281065,14,12.866666666666667,1.024152766382481,14,0,2,1.5,0.5,5,95,0.49222797927461137,0.919047619047619,0.9844559585492227,1,100,7,0,False,1,0.07,0,0,10,5,False
23,10,304,462,158,0.341991341991342,13.217391304347826,1.3173267310907062,16,13.217391304347826,6.883859646266011,22,0,5,2.3,1.1874342087037917,3,117,0.3848684210526316,0.6007905138339921,0.7697368421052632,1,231,158,4,True,3,0.683982683982684,1,0,10,2,True
4,3,8,10,2,0.2,2.0,0.0,2,2.0,1.224744871391589,3,0,2,1.3333333333333333,0.4714045207910317,2,3,0.375,0.6666666666666666,0.75,1,5,2,0,False,1,0.4,0,0,3,4,False
7,6,38,40,2,0.05,5.428571428571429,0.4948716593053935,6,5.428571428571429,1.0497813183356477,6,0,2,1.1666666666666667,0.3726779962499649,5,18,0.47368421052631576,0.9047619047619048,0.9473684210526315,1,20,2,0,False,1,0.1,0,0,6,5,False
2,2,2,2,0,0.0,1.0,0.0,1,1.0,0.0,1,0,1,1.0,0.0,2,1,0.5,1.0,1.0,1,0,0,0,False,0,,0,0,2,2,False
7,4,23,34,11,0.3235294117647059,3.2857142857142856,0.6998542122237653,5,3.2857142857142856,2.3733211036908783,6,0,3,1.75,0.82915619758885,2,8,0.34782608695652173,0.5476190476190477,0.6956521739130435,1,17,11,1,True,2,0.6470588235294118,0,0,4,4,False
6,4,20,26,6,0.23076923076923078,3.3333333333333335,0.4714045207910317,4,3.3333333333333335,1.3743685418725535,5,0,2,1.5,0.5,2,9,0.45,0.6666666666666666,0.9,1,13,6,0,False,1,0.46153846153846156,0,0,4,5,False
7,5,34,38,4,0.10526315789473684,4.857142857142857,0.6388765649999399,6,4.857142857142857,1.6413036132965795,6,0,2,1.4,0.4898979485566356,3,15,0.4411764705882353,0.8095238095238095,0.8823529411764706,1,19,4,0,False,1,0.21052631578947367,0,0,5,3,False
9,5,45,64,19,0.296875,5.0,0.816496580927726,6,5.0,1.9436506316151,8,0,2,1.8,0.4,1,19,0.4222222222222222,0.625,0.8444444444444444,1,32,19,2,True,2,0.59375,0,0,5,7,False
28,8,412,660,248,0.37575757575757573,14.714285714285714,2.575393768188564,27,14.714285714285714,9.523869047433038,27,0,6,3.5,1.8027756377319946,1,153,0.3713592233009709,0.544973544973545,0.7427184466019418,1,330,248,5,True,2,0.7515151515151515,0,0,8,7,False
14,7,100,168,68,0.40476190476190477,7.142857142857143,1.124858267715973,11,7.142857142857143,2.133312074724011,12,0,2,2.0,0.0,0,41,0.41,0.5494505494505495,0.82,1,84,68,2,True,2,0.8095238095238095,0,0,7,3,False
6,5,28,28,0,0.0,4.666666666666667,0.4714045207910317,5,4.666666666666667,0.4714045207910317,5,0,2,1.2,0.4000000000000001,4,14,0.5,0.9333333333333333,1.0,1,14,0,0,False,0,0.0,0,0,5,4,False
11,9,104,104,0,0.0,9.454545454545455,0.8907235428302467,10,9.454545454545455,0.8907235428302467,10,0,3,1.2222222222222223,0.628539361054709,8,52,0.5,0.9454545454545454,1.0,1,52,0,0,False,0,0.0,0,0,9,3,False
7,3,20,32,12,0.375,2.857142857142857,0.8329931278350429,4,2.857142857142857,2.030381486221699,5,0,3,2.3333333333333335,0.4714045207910317,0,4,0.2,0.47619047619047616,0.4,1,16,12,2,True,2,0.75,0,0,3,7,False
10,7,78,78,0,0.0,7.8,1.469693845669907,9,7.8,1.469693845669907,9,0,4,1.4285714285714286,1.0497813183356477,6,39,0.5,0.8666666666666667,1.0,1,39,0,0,False,0,0.0,0,0,7,3,False
5,5,20,20,0,0.0,4.0,0.0,4,4.0,0.0,4,0,1,1.0,0.0,5,10,0.5,1.0,1.0,1,10,0,0,False,0,0.0,0,0,5,7,False
12,7,97,122,25,0.20491803278688525,8.083333333333334,0.759202798262025,9,8.083333333333334,2.289771944005681,11,0,2,1.7142857142857142,0.45175395145262565,2,41,0.422680412371134,0.7348484848484849,0.845360824742268,1,61,25,2,True,2,0.4098360655737705,0,0,7,8,False
6,6,30,30,0,0.0,5.0,0.0,5,5.0,0.0,5,0,1,1.0,0.0,6,15,0.5,1.0,1.0,1,15,0,0,False,0,0.0,0,0,6,8,False
9,8,70,70,0,0.0,7.777777777777778,0.41573970964154905,8,7.777777777777778,0.41573970964154905,8,0,2,1.125,0.33071891388307384,7,35,0.5,0.9722222222222222,1.0,1,35,0,0,False,0,0.0,0,0,8,4,False
6,5,24,28,4,0.14285714285714285,4.0,0.0,4,4.0,1.8257418583505538,5,0,2,1.2,0.4,4,10,0.4166666666666667,0.8,0.8333333333333334,1,14,4,0,False,1,0.2857142857142857,0,0,5,1,False
6,3,20,24,4,0.16666666666666666,3.3333333333333335,0.4714045207910317,4,3.3333333333333335,0.9428090415820634,4,0,2,2.0,0.0,0,9,0.45,0.6666666666666666,0.9,1,12,4,2,True,2,0.3333333333333333,0,0,3,5,False
10,7,61,82,21,0.25609756097560976,6.1,0.3,7,6.1,3.3301651610693423,9,0,3,1.4285714285714286,0.7284313590846836,5,23,0.3770491803278688,0.6777777777777778,0.7540983606557377,2,41,21,0,False,1,0.5121951219512195,0,0,7,6,False
11,5,74,90,16,0.17777777777777778,6.7272727272727275,2.004127971368055,10,6.7272727272727275,2.004127971368055,10,0,4,2.2,1.16619037896906,2,35,0.47297297297297297,0.6727272727272727,0.9459459459459459,1,45,16,1,True,2,0.35555555555555557,0,0,5,6,False
20,8,188,346,158,0.45664739884393063,9.4,2.034698994937581,17,9.4,1.8275666882497068,15,0,4,2.5,0.7071067811865476,0,92,0.48936170212765956,0.49473684210526314,0.9787234042553191,1,173,158,2,True,2,0.9132947976878613,0,0,8,6,False
22,8,276,420,144,0.34285714285714286,12.545454545454545,2.9499964981069002,19,12.545454545454545,5.254671278770338,19,0,4,2.75,0.6614378277661477,0,97,0.35144927536231885,0.5974025974025974,0.7028985507246377,1,210,144,22,True,2,0.6857142857142857,0,0,8,8,False
41,10,661,1474,813,0.5515603799185889,16.121951219512194,5.64042517836576,32,16.121951219512194,9.245157260864104,40,0,9,4.1,1.9723082923316022,1,293,0.443267776096823,0.4030487804878049,0.886535552193646,1,737,813,33,True,2,1.1031207598371777,0,0,10,4,False
9,9,72,72,0,0.0,8.0,0.0,8,8.0,0.0,8,0,1,1.0,0.0,9,36,0.5,1.0,1.0,1,36,0,0,False,0,0.0,0,0,9,6,False
15,10,177,200,23,0.115,11.8,0.9092121131323903,13,11.8,2.925747767665559,14,0,2,1.5,0.5,5,83,0.4689265536723164,0.8428571428571429,0.9378531073446328,1,100,23,1,True,2,0.23,0,0,10,7,False
5,5,20,20,0,0.0,4.0,0.0,4,4.0,0.0,4,0,1,1.0,0.0,5,10,0.5,1.0,1.0,1,10,0,0,False,0,0.0,0,0,5,7,False
11,6,64,100,36,0.36,5.818181818181818,0.385694607919935,6,5.818181818181818,2.5160640914723724,10,0,2,1.8333333333333333,0.3726779962499649,1,26,0.40625,0.5818181818181818,0.8125,2,50,36,0,False,1,0.72,0,0,6,1,False
12,9,118,126,8,0.06349206349206349,9.833333333333334,0.8975274678557508,11,9.833333333333334,1.674979270186815,11,0,2,1.3333333333333333,0.4714045207910317,6,57,0.4830508474576271,0.8939393939393939,0.9661016949152542,1,63,8,0,False,1,0.12698412698412698,0,0,9,1,False
11,6,79,98,19,0.19387755102040816,7.181818181818182,1.113404428537808,9,7.181818181818182,3.0396824540546343,10,0,3,1.8333333333333333,0.6871842709362768,2,32,0.4050632911392405,0.7181818181818181,0.810126582278481,1,49,19,1,True,2,0.3877551020408163,0,0,6,7,False
8,2,12,32,20,0.625,1.5,0.7071067811865476,3,1.5,1.0,3,0,4,4.0,0.0,0,2,0.16666666666666666,0.21428571428571427,0.3333333333333333,2,16,20,4,True,2,1.25,0,0,2,4,False
9,6,56,66,10,0.15151515151515152,6.222222222222222,0.41573970964154905,7,6.222222222222222,1.8724777273725242,8,0,2,1.5,0.5,3,25,0.44642857142857145,0.7777777777777778,0.8928571428571429,1,33,10,0,False,1,0.30303030303030304,0,0,6,4,False
9,3,24,52,28,0.5384615384615384,2.6666666666666665,0.816496580927726,4,2.6666666666666665,0.816496580927726,4,0,4,3.0,0.816496580927726,0,12,0.5,0.3333333333333333,1.0,2,26,28,0,False,1,1.0769230769230769,0,0,3,1,False
19,8,214,294,80,0.272108843537415,11.263157894736842,4.399068146098287,18,11.263157894736842,4.399068146098287,18,0,5,2.375,1.653594569415369,4,107,0.5,0.6257309941520468,1.0,1,147,80,0,False,1,0.54421768707483,0,0,8,1,False
17,6,120,240,120,0.5,7.0588235294117645,1.7647058823529411,10,7.0588235294117645,1.7647058823529411,10,0,3,2.8333333333333335,0.3726779962499649,0,59,0.49166666666666664,0.4411764705882353,0.9833333333333333,2,120,120,2,True,2,1.0,0,0,6,2,False
8,7,54,54,0,0.0,6.75,0.4330127018922193,7,6.75,0.4330127018922193,7,0,2,1.1428571428571428,0.3499271061118826,6,27,0.5,0.9642857142857143,1.0,1,27,0,0,False,0,0.0,0,0,7,6,False
16,7,142,210,68,0.3238095238095238,8.875,2.7128168017763383,15,8.875,4.414110895752394,15,0,4,2.2857142857142856,1.1605769149479943,3,53,0.3732394366197183,0.5916666666666667,0.7464788732394366,1,105,68,7,True,2,0.6476190476190476,0,0,7,7,False
14,10,155,174,19,0.10919540229885058,11.071428571428571,1.0326308782000686,13,11.071428571428571,2.9146008233004523,13,0,2,1.4,0.48989794855663565,6,70,0.45161290322580644,0.8516483516483516,0.9032258064516129,1,87,19,2,True,2,0.21839080459770116,0,0,10,8,False
12,3,38,94,56,0.5957446808510638,3.1666666666666665,0.8975274678557507,5,3.1666666666666665,1.863389981249825,6,0,5,4.0,0.816496580927726,0,15,0.39473684210526316,0.2878787878787879,0.7894736842105263,2,47,56,4,True,2,1.1914893617021276,1,0,3,4,True
12,5,55,114,59,0.5175438596491229,4.583333333333333,0.8620067027323832,6,4.583333333333333,0.9537935951882995,6,0,3,2.4,0.4898979485566356,0,27,0.4909090909090909,0.4166666666666667,0.9818181818181818,2,57,59,1,True,2,1.0350877192982457,0,0,5,1,False
3,3,6,6,0,0.0,2.0,0.0,2,2.0,0.0,2,0,1,1.0,0.0,3,3,0.5,1.0,1.0,1,3,0,0,False,0,0.0,0,0,3,5,False
7,5,37,38,1,0.02631578947368421,5.285714285714286,0.4517539514526256,6,5.285714285714286,0.6998542122237652,6,0,2,1.4,0.4898979485566356,3,18,0.4864864864864865,0.8809523809523809,0.972972972972973,1,19,1,0,False,1,0.05263157894736842,0,0,5,5,False
2,2,2,2,0,0.0,1.0,0.0,1,1.0,0.0,1,0,1,1.0,0.0,2,1,0.5,1.0,1.0,1,0,0,0,False,0,,0,0,2,4,False
3,3,6,6,0,0.0,2.0,0.0,2,2.0,0.0,2,0,1,1.0,0.0,3,3,0.5,1.0,1.0,1,3,0,0,False,0,0.0,0,0,3,6,False
6,4,26,26,0,0.0,4.333333333333333,0.4714045207910317,5,4.333333333333333,0.4714045207910317,5,0,2,1.5,0.5,2,13,0.5,0.8666666666666667,1.0,1,13,0,0,False,0,0.0,0,0,4,8,False
7,3,21,32,11,0.34375,3.0,0.0,3,3.0,2.138089935299395,5,0,3,2.3333333333333335,0.4714045207910317,0,7,0.3333333333333333,0.5,0.6666666666666666,1,16,11,3,True,2,0.6875,0,0,3,6,False
10,7,82,84,2,0.023809523809523808,8.2,0.7483314773547883,9,8.2,0.7483314773547883,9,0,2,1.4285714285714286,0.4948716593053935,4,41,0.5,0.9111111111111111,1.0,1,42,2,0,False,1,0.047619047619047616,0,0,7,4,False
9,8,69,70,1,0.014285714285714285,7.666666666666667,0.4714045207910317,8,7.666666666666667,0.6666666666666666,8,0,2,1.125,0.33071891388307384,7,34,0.4927536231884058,0.9583333333333334,0.9855072463768116,1,35,1,0,False,1,0.02857142857142857,0,0,8,8,False
6,4,22,26,4,0.15384615384615385,3.6666666666666665,0.9428090415820634,5,3.6666666666666665,0.9428090415820634,5,0,2,1.5,0.5,2,11,0.5,0.7333333333333333,1.0,1,13,4,0,False,1,0.3076923076923077,0,0,4,1,False
13,6,111,134,23,0.17164179104477612,8.538461538461538,1.2779421327566267,10,8.538461538461538,3.27262267479733,12,0,4,2.1666666666666665,1.0671873729054748,2,48,0.43243243243243246,0.7115384615384616,0.8648648648648649,1,67,23,1,True,2,0.34328358208955223,0,0,6,8,False
21,6,222,350,128,0.3657142857142857,10.571428571428571,4.326787311085923,20,10.571428571428571,4.16986271980755,20,0,6,3.5,1.707825127659933,1,105,0.47297297297297297,0.5285714285714286,0.9459459459459459,1,175,128,4,True,2,0.7314285714285714,1,0,6,7,True
16,9,191,220,29,0.1318181818181818,11.9375,2.2491317769308226,15,11.9375,3.1318674540918874,15,0,3,1.7777777777777777,0.9162456945817024,5,87,0.45549738219895286,0.7958333333333333,0.9109947643979057,1,110,29,4,True,2,0.2636363636363636,0,0,9,1,False
31,10,333,850,517,0.6082352941176471,10.741935483870968,3.876877209696417,30,10.741935483870968,5.482922119051081,30,0,5,3.1,1.2206555615733703,2,144,0.43243243243243246,0.3580645161290323,0.8648648648648649,1,425,517,19,True,2,1.2164705882352942,0,0,10,7,False
29,9,259,744,485,0.6518817204301075,8.931034482758621,1.638566120071272,17,8.931034482758621,1.6385661200712718,15,0,5,3.2222222222222223,0.628539361054709,0,126,0.4864864864864865,0.31896551724137934,0.972972972972973,2,372,485,4,True,2,1.303763440860215,0,0,9,1,False
26,6,265,562,297,0.5284697508896797,10.192307692307692,3.573613025940497,15,10.192307692307692,3.4753995981561463,15,0,5,4.333333333333333,0.4714045207910317,0,131,0.49433962264150944,0.4076923076923077,0.9886792452830189,2,281,297,1,True,2,1.0569395017793595,0,0,6,4,False
11,8,92,98,6,0.061224489795918366,8.363636363636363,1.2984415324623362,10,8.363636363636363,2.3460887091934435,10,0,4,1.375,0.9921567416492215,7,43,0.4673913043478261,0.8363636363636363,0.9347826086956522,1,49,6,0,False,1,0.12244897959183673,0,0,8,8,False
6,6,30,30,0,0.0,5.0,0.0,5,5.0,0.0,5,0,1,1.0,0.0,6,15,0.5,1.0,1.0,1,15,0,0,False,0,0.0,0,0,6,7,False
10,8,86,86,0,0.0,8.6,0.4898979485566356,9,8.6,0.4898979485566356,9,0,2,1.25,0.4330127018922193,6,43,0.5,0.9555555555555556,1.0,1,43,0,0,False,0,0.0,0,0,8,5,False
21,3,56,292,236,0.8082191780821918,2.6666666666666665,0.7126966450997984,4,2.6666666666666665,1.0389249632986395,4,0,8,7.0,0.816496580927726,0,26,0.4642857142857143,0.13333333333333333,0.9285714285714286,5,146,236,4,True,2,1.6164383561643836,0,0,3,2,False
4,3,8,10,2,0.2,2.0,0.0,2,2.0,1.224744871391589,3,0,2,1.3333333333333333,0.4714045207910317,2,3,0.375,0.6666666666666666,0.75,1,5,2,0,False,1,0.4,0,0,3,8,False
8,7,54,54,0,0.0,6.75,0.4330127018922193,7,6.75,0.4330127018922193,7,0,2,1.1428571428571428,0.3499271061118826,6,27,0.5,0.9642857142857143,1.0,1,27,0,0,False,0,0.0,0,0,7,4,False
9,7,56,68,12,0.17647058823529413,6.222222222222222,0.628539361054709,8,6.222222222222222,2.3934065809486684,8,0,2,1.2857142857142858,0.45175395145262565,5,24,0.42857142857142855,0.7777777777777778,0.8571428571428571,1,34,12,0,False,1,0.35294117647058826,0,0,7,5,False
5,2,7,12,5,0.4166666666666667,1.4,0.4898979485566356,2,1.4,0.8,3,0,3,2.5,0.5,0,3,0.42857142857142855,0.35,0.8571428571428571,2,6,5,0,False,1,0.8333333333333334,0,0,2,8,False
10,8,74,86,12,0.13953488372093023,7.4,0.4898979485566356,8,7.4,2.1071307505705477,9,0,2,1.25,0.4330127018922193,6,33,0.44594594594594594,0.8222222222222222,0.8918918918918919,1,43,12,0,False,1,0.27906976744186046,0,0,8,8,False
6,6,30,30,0,0.0,5.0,0.0,5,5.0,0.0,5,0,1,1.0,0.0,6,15,0.5,1.0,1.0,1,15,0,0,False,0,0.0,0,0,6,3,False
12,5,76,114,38,0.3333333333333333,6.333333333333333,1.3123346456686351,9,6.333333333333333,3.1446603773522015,10,0,3,2.4,0.4898979485566356,0,25,0.32894736842105265,0.5757575757575758,0.6578947368421053,1,57,38,7,True,2,0.6666666666666666,0,0,5,8,False
13,6,97,136,39,0.2867647058823529,7.461538461538462,2.205426336435608,12,7.461538461538462,2.92510051412793,12,0,3,2.1666666666666665,0.8975274678557507,2,41,0.422680412371134,0.6217948717948718,0.845360824742268,1,68,39,0,False,1,0.5735294117647058,0,0,6,1,False
21,4,134,318,184,0.5786163522012578,6.380952380952381,2.627259852215947,11,6.380952380952381,3.6052368058567046,14,0,8,5.25,1.7853571071357126,0,50,0.373134328358209,0.319047619047619,0.746268656716418,2,159,184,16,True,3,1.1572327044025157,4,0,4,4,True
16,5,74,188,114,0.6063829787234043,4.625,1.165922381636102,8,4.625,4.357106264483344,15,0,5,3.2,1.8330302779823362,2,24,0.32432432432432434,0.30833333333333335,0.6486486486486487,4,94,114,4,True,3,1.2127659574468086,0,0,5,6,False
33,10,528,974,446,0.45790554414784396,16.0,6.030226891555273,31,16.0,7.139306476801298,31,0,4,3.3,0.7810249675906654,0,223,0.42234848484848486,0.5,0.8446969696969697,1,487,446,44,True,3,0.9158110882956879,0,0,10,2,False
12,6,88,118,30,0.2542372881355932,7.333333333333333,1.5456030825826175,10,7.333333333333333,2.357022603955158,11,0,3,2.0,0.5773502691896257,1,37,0.42045454545454547,0.6666666666666666,0.8409090909090909,1,59,30,4,True,2,0.5084745762711864,0,0,6,3,False
18,9,184,274,90,0.3284671532846715,10.222222222222221,1.930905244109196,17,10.222222222222221,5.836242660741732,17,0,4,2.0,1.247219128924647,5,73,0.3967391304347826,0.6013071895424836,0.7934782608695652,1,137,90,0,False,1,0.656934306569343,0,0,9,8,False
2,2,2,2,0,0.0,1.0,0.0,1,1.0,0.0,1,0,1,1.0,0.0,2,1,0.5,1.0,1.0,1,0,0,0,False,0,,0,0,2,7,False
5,5,20,20,0,0.0,4.0,0.0,4,4.0,0.0,4,0,1,1.0,0.0,5,10,0.5,1.0,1.0,1,10,0,0,False,0,0.0,0,0,5,6,False
6,4,26,26,0,0.0,4.333333333333333,0.4714045207910317,5,4.333333333333333,0.4714045207910317,5,0,2,1.5,0.5,2,13,0.5,0.8666666666666667,1.0,1,13,0,0,False,0,0.0,0,0,4,6,False
6,4,21,26,5,0.19230769230769232,3.5,0.5,4,3.5,1.707825127659933,5,0,2,1.5,0.5,2,8,0.38095238095238093,0.7,0.7619047619047619,1,13,5,1,True,2,0.38461538461538464,0,0,4,5,False
10,9,88,88,0,0.0,8.8,0.4,9,8.8,0.4,9,0,2,1.1111111111111112,0.3142696805273545,8,44,0.5,0.9777777777777777,1.0,1,44,0,0,False,0,0.0,0,0,9,5,False
8,5,38,44,6,0.13636363636363635,4.75,0.82915619758885,6,4.75,2.537222891273055,7,0,4,1.6,1.2,4,16,0.42105263157894735,0.6785714285714286,0.8421052631578947,1,22,6,0,False,1,0.2727272727272727,0,0,5,5,False
4,4,12,12,0,0.0,3.0,0.0,3,3.0,0.0,3,0,1,1.0,0.0,4,6,0.5,1.0,1.0,1,6,0,0,False,0,0.0,0,0,4,4,False
11,7,81,100,19,0.19,7.363636363636363,0.8813963377120598,8,7.363636363636363,3.11222595793158,10,0,3,1.5714285714285714,0.7284313590846836,4,35,0.43209876543209874,0.7363636363636363,0.8641975308641975,1,50,19,1,True,2,0.38,0,0,7,5,False
17,9,206,246,40,0.16260162601626016,12.117647058823529,1.8111534492165473,16,12.117647058823529,3.2878090852899104,16,0,4,1.8888888888888888,1.0999438818457405,5,95,0.46116504854368934,0.7573529411764706,0.9223300970873787,1,123,40,4,True,2,0.3252032520325203,2,0,9,4,True
7,4,29,36,7,0.19444444444444445,4.142857142857143,0.989743318610787,6,4.142857142857143,1.355261854357877,6,0,2,1.75,0.4330127018922193,1,13,0.4482758620689655,0.6904761904761905,0.896551724137931,1,18,7,1,True,2,0.3888888888888889,0,0,4,3,False
6,5,27,28,1,0.03571428571428571,4.5,0.5,5,4.5,0.7637626158259734,5,0,2,1.2,0.4000000000000001,4,13,0.48148148148148145,0.9,0.9629629629629629,1,14,1,0,False,1,0.07142857142857142,0,0,5,7,False
13,7,112,136,24,0.17647058823529413,8.615384615384615,1.9821690348807885,12,8.615384615384615,2.9230769230769234,12,0,4,1.8571428571428572,1.124858267715973,4,52,0.4642857142857143,0.717948717948718,0.9285714285714286,1,68,24,0,False,1,0.35294117647058826,0,0,7,6,False
4,4,12,12,0,0.0,3.0,0.0,3,3.0,0.0,3,0,1,1.0,0.0,4,6,0.5,1.0,1.0,1,6,0,0,False,0,0.0,0,0,4,3,False
26,6,177,556,379,0.6816546762589928,6.8076923076923075,1.7978455219261913,11,6.8076923076923075,6.288079263845389,22,0,6,4.333333333333333,1.1055415967851332,0,42,0.23728813559322035,0.2723076923076923,0.4745762711864407,4,278,379,65,True,3,1.3633093525179856,0,0,6,6,False
15,9,166,194,28,0.14432989690721648,11.066666666666666,2.2350739485653612,14,11.066666666666666,2.7438820836342237,14,0,3,1.6666666666666667,0.816496580927726,5,75,0.45180722891566266,0.7904761904761904,0.9036144578313253,1,97,28,4,True,2,0.28865979381443296,0,0,9,5,False
4,4,12,12,0,0.0,3.0,0.0,3,3.0,0.0,3,0,1,1.0,0.0,4,6,0.5,1.0,1.0,1,6,0,0,False,0,0.0,0,0,4,8,False
3,3,6,6,0,0.0,2.0,0.0,2,2.0,0.0,2,0,1,1.0,0.0,3,3,0.5,1.0,1.0,1,3,0,0,False,0,0.0,0,0,3,5,False
15,7,139,180,41,0.22777777777777777,9.266666666666667,2.407396011369038,13,9.266666666666667,3.2754982657435323,14,0,5,2.142857142857143,1.3552618543578767,3,62,0.4460431654676259,0.6619047619047619,0.8920863309352518,1,90,41,7,True,2,0.45555555555555555,0,0,7,4,False
3,2,4,4,0,0.0,1.3333333333333333,0.4714045207910317,2,1.3333333333333333,0.4714045207910317,2,0,2,1.5,0.5,1,2,0.5,0.6666666666666666,1.0,1,2,0,0,False,0,0.0,0,0,2,6,False
4,2,6,8,2,0.25,1.5,0.5,2,1.5,0.8660254037844386,2,0,2,2.0,0.0,0,2,0.3333333333333333,0.5,0.6666666666666666,1,4,2,0,False,1,0.5,0,0,2,8,False
4,2,6,8,2,0.25,1.5,0.5,2,1.5,0.8660254037844386,2,0,2,2.0,0.0,0,2,0.3333333333333333,0.5,0.6666666666666666,1,4,2,0,False,1,0.5,0,0,2,3,False
20,8,186,342,156,0.45614035087719296,9.3,2.5903667693977237,19,9.3,2.5903667693977237,19,0,4,2.5,1.0,1,93,0.5,0.48947368421052634,1.0,1,171,156,0,False,1,0.9122807017543859,0,0,8,1,False
10,9,88,88,0,0.0,8.8,0.4,9,8.8,0.4,9,0,2,1.1111111111111112,0.3142696805273545,8,44,0.5,0.9777777777777777,1.0,1,44,0,0,False,0,0.0,0,0,9,3,False
4,3,8,10,2,0.2,2.0,0.0,2,2.0,1.224744871391589,3,0,2,1.3333333333333333,0.4714045207910317,2,3,0.375,0.6666666666666666,0.75,1,5,2,0,False,1,0.4,0,0,3,5,False
6,5,26,28,2,0.07142857142857142,4.333333333333333,0.4714045207910317,5,4.333333333333333,1.1055415967851332,5,0,2,1.2,0.4000000000000001,4,12,0.46153846153846156,0.8666666666666667,0.9230769230769231,1,14,2,0,False,1,0.14285714285714285,0,0,5,2,False
8,7,54,54,0,0.0,6.75,0.4330127018922193,7,6.75,0.4330127018922193,7,0,2,1.1428571428571428,0.34992710611188266,6,27,0.5,0.9642857142857143,1.0,1,27,0,0,False,0,0.0,0,0,7,2,False
7,5,38,38,0,0.0,5.428571428571429,0.4948716593053935,6,5.428571428571429,0.4948716593053935,6,0,2,1.4,0.4898979485566356,3,19,0.5,0.9047619047619048,1.0,1,19,0,0,False,0,0.0,0,0,5,3,False
24,8,407,492,85,0.17276422764227642,16.958333333333332,2.8501340124437813,23,16.958333333333332,2.9506943627258693,23,0,5,3.0,1.224744871391589,1,194,0.47665847665847666,0.7373188405797102,0.9533169533169533,1,246,85,8,True,2,0.34552845528455284,0,0,8,1,False
3,3,6,6,0,0.0,2.0,0.0,2,2.0,0.0,2,0,1,1.0,0.0,3,3,0.5,1.0,1.0,1,3,0,0,False,0,0.0,0,0,3,8,False
22,10,217,414,197,0.4758454106280193,9.863636363636363,2.6336192612492684,21,9.863636363636363,7.021366446558639,21,0,4,2.2,1.469693845669907,6,79,0.3640552995391705,0.4696969696969697,0.728110599078341,1,207,197,3,True,2,0.9516908212560387,0,0,10,8,False
13,9,122,144,22,0.1527777777777778,9.384615384615385,1.4432048491764398,12,9.384615384615385,3.0518206807503647,12,0,3,1.4444444444444444,0.8314794192830981,7,56,0.45901639344262296,0.782051282051282,0.9180327868852459,1,72,22,0,False,1,0.3055555555555556,0,0,9,3,False
10,8,86,86,0,0.0,8.6,0.4898979485566356,9,8.6,0.4898979485566356,9,0,2,1.25,0.4330127018922193,6,43,0.5,0.9555555555555556,1.0,1,43,0,0,False,0,0.0,0,0,8,3,False
16,10,196,226,30,0.13274336283185842,12.25,0.9013878188659973,15,12.25,2.6100766272276377,15,0,3,1.6,0.66332495807108,5,89,0.45408163265306123,0.8166666666666667,0.9081632653061225,1,113,30,0,False,1,0.26548672566371684,0,0,10,2,False
11,6,68,92,24,0.2608695652173913,6.181818181818182,0.7158188976374373,7,6.181818181818182,3.432946834272583,10,0,4,1.8333333333333333,1.21335164821342,4,28,0.4117647058823529,0.6181818181818182,0.8235294117647058,2,46,24,0,False,1,0.5217391304347826,0,0,6,4,False
15,8,177,196,19,0.09693877551020408,11.8,0.541602560309064,13,11.8,1.9043809142780932,14,0,2,1.875,0.33071891388307384,1,85,0.480225988700565,0.8428571428571429,0.96045197740113,1,98,19,0,False,1,0.19387755102040816,0,0,8,3,False
6,6,30,30,0,0.0,5.0,0.0,5,5.0,0.0,5,0,1,1.0,0.0,6,15,0.5,1.0,1.0,1,15,0,0,False,0,0.0,0,0,6,4,False
26,9,302,598,296,0.49498327759197325,11.615384615384615,3.163213106915706,21,11.615384615384615,4.133139271387596,22,0,4,2.888888888888889,0.5665577237325317,0,138,0.45695364238410596,0.4646153846153846,0.9139072847682119,1,299,296,12,True,2,0.9899665551839465,2,0,9,7,True
12,8,116,122,6,0.04918032786885246,9.666666666666666,0.74535599249993,11,9.666666666666666,1.3743685418725535,11,0,3,1.5,0.7071067811865476,5,55,0.47413793103448276,0.8787878787878788,0.9482758620689655,1,61,6,0,False,1,0.09836065573770492,0,0,8,8,False
4,3,8,10,2,0.2,2.0,0.0,2,2.0,1.224744871391589,3,0,2,1.3333333333333333,0.4714045207910317,2,3,0.375,0.6666666666666666,0.75,1,5,2,0,False,1,0.4,0,0,3,3,False
11,7,85,100,15,0.15,7.7272727272727275,1.6006197146962737,10,7.7272727272727275,1.9582417480489107,10,0,3,1.5714285714285714,0.7284313590846836,4,38,0.4470588235294118,0.7727272727272727,0.8941176470588236,1,50,15,2,True,2,0.3,0,0,7,3,False
19,9,302,314,12,0.03821656050955414,15.894736842105264,1.44712916682816,18,15.894736842105264,1.44712916682816,18,0,3,2.111111111111111,0.8748897637790901,3,151,0.5,0.8830409356725146,1.0,1,157,12,0,False,1,0.07643312101910828,0,0,9,1,False
9,9,72,72,0,0.0,8.0,0.0,8,8.0,0.0,8,0,1,1.0,0.0,9,36,0.5,1.0,1.0,1,36,0,0,False,0,0.0,0,0,9,4,False
6,4,19,26,7,0.2692307692307692,3.1666666666666665,0.3726779962499649,4,3.1666666666666665,1.771690968789108,5,0,2,1.5,0.5,2,6,0.3157894736842105,0.6333333333333333,0.631578947368421,1,13,7,1,True,2,0.5384615384615384,0,0,4,7,False
10,7,66,82,16,0.1951219512195122,6.6,0.4898979485566356,7,6.6,2.90516780926679,9,0,3,1.4285714285714286,0.7284313590846835,5,28,0.42424242424242425,0.7333333333333333,0.8484848484848485,1,41,16,0,False,1,0.3902439024390244,0,0,7,7,False
8,7,48,54,6,0.1111111111111111,6.0,0.0,6,6.0,2.29128784747792,7,0,2,1.1428571428571428,0.3499271061118826,6,21,0.4375,0.8571428571428571,0.875,1,27,6,0,False,1,0.2222222222222222,0,0,7,4,False
2,2,2,2,0,0.0,1.0,0.0,1,1.0,0.0,1,0,1,1.0,0.0,2,1,0.5,1.0,1.0,1,0,0,0,False,0,,0,0,2,1,False
16,10,206,214,8,0.037383177570093455,12.875,1.3169567191065923,14,12.875,3.0388114452858046,15,0,5,1.6,1.2806248474865698,8,99,0.48058252427184467,0.8583333333333333,0.9611650485436893,1,107,8,0,False,1,0.07476635514018691,0,0,10,4,False
5,5,20,20,0,0.0,4.0,0.0,4,4.0,0.0,4,0,1,1.0,0.0,5,10,0.5,1.0,1.0,1,10,0,0,False,0,0.0,0,0,5,7,False
14,9,168,172,4,0.023255813953488372,12.0,0.7559289460184544,13,12.0,0.7559289460184544,13,0,2,1.5555555555555556,0.4969039949999533,4,84,0.5,0.9230769230769231,1.0,1,86,4,0,False,1,0.046511627906976744,0,0,9,1,False
7,2,9,24,15,0.625,1.2857142857142858,0.45175395145262565,2,1.2857142857142858,1.4846149779161806,4,0,4,3.5,0.5,0,1,0.1111111111111111,0.21428571428571427,0.2222222222222222,1,12,15,5,True,3,1.25,0,0,2,7,False
3,3,6,6,0,0.0,2.0,0.0,2,2.0,0.0,2,0,1,1.0,0.0,3,3,0.5,1.0,1.0,1,3,0,0,False,0,0.0,0,0,3,8,False
18,9,174,244,70,0.28688524590163933,9.666666666666666,2.848001248439177,17,9.666666666666666,6.5659052011974035,17,0,8,2.0,2.211083193570267,7,62,0.3563218390804598,0.5686274509803921,0.7126436781609196,1,122,70,5,True,2,0.5737704918032787,2,0,9,8,True
5,3,12,16,4,0.25,2.4,0.8,4,2.4,0.8,4,0,2,1.6666666666666667,0.4714045207910317,1,6,0.5,0.6,1.0,1,8,4,0,False,1,0.5,0,0,3,5,False
17,10,209,256,47,0.18359375,12.294117647058824,2.0797258270192573,16,12.294117647058824,3.267751626430859,16,0,3,1.7,0.6403124237432849,4,97,0.46411483253588515,0.7683823529411765,0.9282296650717703,1,128,47,5,True,2,0.3671875,1,0,10,8,True
17,10,174,244,70,0.28688524590163933,10.235294117647058,0.5455069703232767,12,10.235294117647058,6.9411764705882355,16,0,5,1.7,1.268857754044952,7,60,0.3448275862068966,0.6397058823529411,0.6896551724137931,1,122,70,6,True,2,0.5737704918032787,0,0,10,3,False
21,5,121,348,227,0.6522988505747126,5.761904761904762,1.63021359701178,9,5.761904761904762,2.7063375692157754,12,0,6,4.2,0.9797958971132712,0,53,0.4380165289256198,0.28809523809523807,0.8760330578512396,2,174,227,9,True,3,1.3045977011494252,0,0,5,3,False
23,8,265,428,163,0.3808411214953271,11.521739130434783,4.5765903885011365,22,11.521739130434783,6.027975110428632,22,0,7,2.875,2.0879116360612584,3,102,0.3849056603773585,0.5237154150197628,0.769811320754717,1,214,163,25,True,3,0.7616822429906542,0,0,8,8,False
3,3,6,6,0,0.0,2.0,0.0,2,2.0,0.0,2,0,1,1.0,0.0,3,3,0.5,1.0,1.0,1,3,0,0,False,0,0.0,0,0,3,2,False
10,6,70,70,0,0.0,7.0,2.0,9,7.0,2.0,9,0,5,1.6666666666666667,1.4907119849998596,5,35,0.5,0.7777777777777778,1.0,1,35,0,0,False,0,0.0,0,0,6,6,False
9,6,60,66,6,0.09090909090909091,6.666666666666667,0.4714045207910317,7,6.666666666666667,1.3333333333333333,8,0,2,1.5,0.5,3,28,0.4666666666666667,0.8333333333333334,0.9333333333333333,1,33,6,1,True,2,0.18181818181818182,0,0,6,8,False
9,7,65,68,3,0.04411764705882353,7.222222222222222,0.9162456945817024,8,7.222222222222222,1.0304020550550783,8,0,2,1.2857142857142858,0.45175395145262565,5,31,0.47692307692307695,0.9027777777777778,0.9538461538461539,1,34,3,1,True,2,0.08823529411764706,0,0,7,3,False
11,10,108,108,0,0.0,9.818181818181818,0.385694607919935,10,9.818181818181818,0.385694607919935,10,0,2,1.1,0.3,9,54,0.5,0.9818181818181818,1.0,1,54,0,0,False,0,0.0,0,0,10,8,False
17,10,203,248,45,0.1814516129032258,11.941176470588236,1.58932424542427,14,11.941176470588236,4.964231926080505,16,0,4,1.7,1.1,7,87,0.42857142857142855,0.7463235294117647,0.8571428571428571,1,124,45,5,True,3,0.3629032258064516,0,0,10,6,False
8,8,56,56,0,0.0,7.0,0.0,7,7.0,0.0,7,0,1,1.0,0.0,8,28,0.5,1.0,1.0,1,28,0,0,False,0,0.0,0,0,8,8,False
10,3,28,66,38,0.5757575757575758,2.8,0.7483314773547882,4,2.8,0.8717797887081347,4,0,4,3.3333333333333335,0.4714045207910317,0,13,0.4642857142857143,0.3111111111111111,0.9285714285714286,2,33,38,2,True,2,1.1515151515151516,0,0,3,4,False
8,2,11,32,21,0.65625,1.375,0.6959705453537527,3,1.375,0.8569568250501305,3,0,4,4.0,0.0,0,3,0.2727272727272727,0.19642857142857142,0.5454545454545454,3,16,21,3,True,2,1.3125,0,0,2,7,False
10,8,86,86,0,0.0,8.6,0.4898979485566356,9,8.6,0.4898979485566356,9,0,2,1.25,0.4330127018922193,6,43,0.5,0.9555555555555556,1.0,1,43,0,0,False,0,0.0,0,0,8,2,False
19,8,227,286,59,0.2062937062937063,11.947368421052632,3.119947439006091,17,11.947368421052632,4.999722984015966,18,0,7,2.375,1.9324531042175384,4,96,0.42290748898678415,0.6637426900584795,0.8458149779735683,1,143,59,1,True,2,0.4125874125874126,0,0,8,8,False
19,5,160,284,124,0.43661971830985913,8.421052631578947,1.2697197980857704,11,8.421052631578947,4.356674123489448,15,0,5,3.8,0.9797958971132712,0,56,0.35,0.4678362573099415,0.7,1,142,124,13,True,3,0.8732394366197183,1,0,5,6,True
12,6,80,120,40,0.3333333333333333,6.666666666666667,1.3743685418725538,8,6.666666666666667,2.0949675149960894,10,0,2,2.0,0.0,0,37,0.4625,0.6060606060606061,0.925,1,60,40,2,True,2,0.6666666666666666,0,0,6,2,False
9,7,66,68,2,0.029411764705882353,7.333333333333333,0.4714045207910317,8,7.333333333333333,0.9428090415820634,8,0,2,1.2857142857142858,0.45175395145262565,5,32,0.48484848484848486,0.9166666666666666,0.9696969696969697,1,34,2,0,False,1,0.058823529411764705,0,0,7,7,False
10,5,54,72,18,0.25,5.4,1.3564659966250536,7,5.4,2.727636339397171,9,0,4,2.0,1.2649110640673518,3,18,0.3333333333333333,0.6,0.6666666666666666,1,36,18,1,True,2,0.5,0,0,5,7,False
4,2,4,8,4,0.5,1.0,0.0,1,1.0,0.0,1,0,2,2.0,0.0,0,2,0.5,0.3333333333333333,1.0,2,4,4,0,False,1,1.0,0,0,2,2,False
2,2,2,2,0,0.0,1.0,0.0,1,1.0,0.0,1,0,1,1.0,0.0,2,1,0.5,1.0,1.0,1,0,0,0,False,0,,0,0,2,6,False
4,2,5,8,3,0.375,1.25,0.4330127018922193,2,1.25,0.82915619758885,2,0,2,2.0,0.0,0,1,0.2,0.4166666666666667,0.4,1,4,3,1,True,2,0.75,0,0,2,5,False
2,2,2,2,0,0.0,1.0,0.0,1,1.0,0.0,1,0,1,1.0,0.0,2,1,0.5,1.0,1.0,1,0,0,0,False,0,,0,0,2,2,False
12,5,62,104,42,0.40384615384615385,5.166666666666667,0.9860132971832696,8,5.166666666666667,4.297932319409209,11,0,5,2.4,1.4966629547095764,2,18,0.2903225806451613,0.4696969696969697,0.5806451612903226,2,52,42,2,True,2,0.8076923076923077,0,0,5,4,False
5,5,20,20,0,0.0,4.0,0.0,4,4.0,0.0,4,0,1,1.0,0.0,5,10,0.5,1.0,1.0,1,10,0,0,False,0,0.0,0,0,5,3,False
11,3,39,80,41,0.5125,3.5454545454545454,1.233150906022776,6,3.5454545454545454,2.01646118298353,7,0,4,3.6666666666666665,0.4714045207910317,0,12,0.3076923076923077,0.35454545454545455,0.6153846153846154,1,40,41,6,True,2,1.025,3,0,3,5,True
16,6,128,206,78,0.3786407766990291,8.0,1.3228756555322954,10,8.0,2.9154759474226504,11,0,5,2.6666666666666665,1.1055415967851334,0,52,0.40625,0.5333333333333333,0.8125,1,103,78,5,True,2,0.7572815533980582,0,0,6,3,False
2,2,2,2,0,0.0,1.0,0.0,1,1.0,0.0,1,0,1,1.0,0.0,2,1,0.5,1.0,1.0,1,0,0,0,False,0,,0,0,2,8,False
7,6,40,40,0,0.0,5.714285714285714,0.45175395145262565,6,5.714285714285714,0.45175395145262565,6,0,2,1.1666666666666667,0.3726779962499649,5,20,0.5,0.9523809523809523,1.0,1,20,0,0,False,0,0.0,0,0,6,4,False
15,10,174,198,24,0.12121212121212122,11.6,1.4966629547095764,14,11.6,2.7760883751542687,14,0,3,1.5,0.6708203932499369,6,77,0.4425287356321839,0.8285714285714286,0.8850574712643678,1,99,24,4,True,2,0.24242424242424243,0,0,10,3,False
11,9,98,104,6,0.057692307692307696,8.909090909090908,0.899954085146515,10,8.909090909090908,1.9750509984000393,10,0,3,1.2222222222222223,0.628539361054709,8,46,0.46938775510204084,0.8909090909090909,0.9387755102040817,1,52,6,0,False,1,0.11538461538461539,0,0,9,8,False
24,7,319,486,167,0.3436213991769547,13.291666666666666,4.765143987564512,22,13.291666666666666,5.630861143930138,22,0,5,3.4285714285714284,1.049781318335648,0,131,0.4106583072100313,0.5778985507246377,0.8213166144200627,1,243,167,27,True,5,0.6872427983539094,14,2,7,5,True
7,7,42,42,0,0.0,6.0,0.0,6,6.0,0.0,6,0,1,1.0,0.0,7,21,0.5,1.0,1.0,1,21,0,0,False,0,0.0,0,0,7,4,False
7,2,7,12,5,0.4166666666666667,1.0,0.0,1,1.0,2.0701966780270626,6,0,6,3.5,2.5,1,1,0.14285714285714285,0.16666666666666666,0.2857142857142857,1,6,5,0,False,1,0.8333333333333334,0,0,2,3,False
17,6,118,236,118,0.5,6.9411764705882355,2.689206929567638,16,6.9411764705882355,3.133698965145224,16,0,4,2.8333333333333335,0.8975274678557507,1,47,0.3983050847457627,0.4338235294117647,0.7966101694915254,1,118,118,10,True,3,1.0,1,0,6,4,True
25,10,374,484,110,0.22727272727272727,14.96,6.089203560400982,24,14.96,6.690171896147363,24,0,9,2.5,2.80178514522438,7,181,0.4839572192513369,0.6233333333333333,0.9679144385026738,1,242,110,0,False,1,0.45454545454545453,0,0,10,3,False
3,3,6,6,0,0.0,2.0,0.0,2,2.0,0.0,2,0,1,1.0,0.0,3,3,0.5,1.0,1.0,1,3,0,0,False,0,0.0,0,0,3,3,False
6,4,20,26,6,0.23076923076923078,3.3333333333333335,0.7453559924999298,5,3.3333333333333335,1.247219128924647,5,0,2,1.5,0.5,2,9,0.45,0.6666666666666666,0.9,1,13,6,0,False,1,0.46153846153846156,0,0,4,8,False
4,4,12,12,0,0.0,3.0,0.0,3,3.0,0.0,3,0,1,1.0,0.0,4,6,0.5,1.0,1.0,1,6,0,0,False,0,0.0,0,0,4,3,False
8,6,46,52,6,0.11538461538461539,5.75,0.9682458365518543,7,5.75,1.299038105676658,7,0,2,1.3333333333333333,0.4714045207910317,4,22,0.4782608695652174,0.8214285714285714,0.9565217391304348,1,26,6,0,False,1,0.23076923076923078,0,0,6,5,False
20,8,212,344,132,0.38372093023255816,10.6,4.188078318274385,19,10.6,4.465422712353221,19,0,4,2.5,0.8660254037844386,1,84,0.39622641509433965,0.5578947368421052,0.7924528301886793,1,172,132,18,True,2,0.7674418604651163,0,0,8,2,False
2,2,2,2,0,0.0,1.0,0.0,1,1.0,0.0,1,0,1,1.0,0.0,2,1,0.5,1.0,1.0,1,0,0,0,False,0,,0,0,2,8,False
6,3,14,24,10,0.4166666666666667,2.3333333333333335,0.7453559924999298,4,2.3333333333333335,1.247219128924647,4,0,2,2.0,0.0,0,6,0.42857142857142855,0.4666666666666667,0.8571428571428571,1,12,10,2,True,2,0.8333333333333334,0,0,3,1,False
5,5,20,20,0,0.0,4.0,0.0,4,4.0,0.0,4,0,1,1.0,0.0,5,10,0.5,1.0,1.0,1,10,0,0,False,0,0.0,0,0,5,6,False
12,8,97,122,25,0.20491803278688525,8.083333333333334,1.2555432644432805,11,8.083333333333334,3.3281209246193093,11,0,3,1.5,0.7071067811865476,5,38,0.3917525773195876,0.7348484848484849,0.7835051546391752,1,61,25,0,False,1,0.4098360655737705,0,0,8,8,False
7,6,39,40,1,0.025,5.571428571428571,0.4948716593053935,6,5.571428571428571,0.7284313590846835,6,0,2,1.1666666666666667,0.3726779962499649,5,19,0.48717948717948717,0.9285714285714286,0.9743589743589743,1,20,1,0,False,1,0.05,0,0,6,7,False
8,6,50,52,2,0.038461538461538464,6.25,0.6614378277661477,7,6.25,0.82915619758885,7,0,2,1.3333333333333333,0.4714045207910317,4,24,0.48,0.8928571428571429,0.96,1,26,2,0,False,1,0.07692307692307693,0,0,6,7,False
20,9,245,350,105,0.3,12.25,2.165063509461097,16,12.25,4.345975149491768,19,0,3,2.2222222222222223,0.7856742013183862,2,103,0.4204081632653061,0.6447368421052632,0.8408163265306122,1,175,105,3,True,2,0.6,0,0,9,7,False
14,5,77,154,77,0.5,5.5,2.026608708444444,10,5.5,2.745125550082234,12,0,4,2.8,0.7483314773547882,0,32,0.4155844155844156,0.4230769230769231,0.8311688311688312,1,77,77,7,True,2,1.0,0,0,5,4,False
20,6,150,314,164,0.5222929936305732,7.5,3.170173496829472,19,7.5,3.8144462245521304,19,0,6,3.3333333333333335,1.7950549357115015,1,64,0.4266666666666667,0.39473684210526316,0.8533333333333334,1,157,164,12,True,2,1.0445859872611465,4,0,6,3,True
8,7,54,54,0,0.0,6.75,0.4330127018922193,7,6.75,0.4330127018922193,7,0,2,1.1428571428571428,0.34992710611188266,6,27,0.5,0.9642857142857143,1.0,1,27,0,0,False,0,0.0,0,0,7,2,False
25,9,261,548,287,0.5237226277372263,10.44,3.7103099600976734,23,10.44,4.596346375111432,23,0,4,2.7777777777777777,0.9162456945817024,0,106,0.4061302681992337,0.435,0.8122605363984674,1,274,287,27,True,2,1.0474452554744527,0,0,9,6,False
13,6,108,134,26,0.19402985074626866,8.307692307692308,1.5384615384615385,11,8.307692307692308,2.945259956781023,12,0,4,2.1666666666666665,1.0671873729054748,2,49,0.4537037037037037,0.6923076923076923,0.9074074074074074,1,67,26,0,False,1,0.3880597014925373,0,0,6,3,False
15,9,178,194,16,0.08247422680412371,11.866666666666667,1.7074997966487602,14,11.866666666666667,1.7074997966487602,14,0,3,1.6666666666666667,0.816496580927726,5,89,0.5,0.8476190476190476,1.0,1,97,16,0,False,1,0.16494845360824742,0,0,9,1,False
13,5,75,132,57,0.4318181818181818,5.769230769230769,1.3674145257408599,9,5.769230769230769,1.671196998646187,10,0,4,2.6,0.8,0,37,0.49333333333333335,0.4807692307692308,0.9866666666666667,1,66,57,1,True,2,0.8636363636363636,0,0,5,8,False
17,7,163,240,77,0.32083333333333336,9.588235294117647,2.9116161578269604,16,9.588235294117647,2.787763673193597,16,0,4,2.4285714285714284,1.049781318335648,2,81,0.49693251533742333,0.5992647058823529,0.9938650306748467,1,120,77,1,True,2,0.6416666666666667,0,0,7,1,False
8,8,56,56,0,0.0,7.0,0.0,7,7.0,0.0,7,0,1,1.0,0.0,8,28,0.5,1.0,1.0,1,28,0,0,False,0,0.0,0,0,8,3,False
17,7,166,236,70,0.2966101694915254,9.764705882352942,2.339668447217805,14,9.764705882352942,5.374552367294315,16,0,4,2.4285714285714284,1.2936264483053452,3,59,0.35542168674698793,0.6102941176470589,0.7108433734939759,1,118,70,11,True,3,0.5932203389830508,0,0,7,4,False
3,2,4,4,0,0.0,1.3333333333333333,0.4714045207910317,2,1.3333333333333333,0.4714045207910317,2,0,2,1.5,0.5,1,2,0.5,0.6666666666666666,1.0,1,2,0,0,False,0,0.0,0,0,2,1,False
4,4,12,12,0,0.0,3.0,0.0,3,3.0,0.0,3,0,1,1.0,0.0,4,6,0.5,1.0,1.0,1,6,0,0,False,0,0.0,0,0,4,5,False
11,8,99,104,5,0.04807692307692308,9.0,0.7385489458759964,10,9.0,1.4142135623730951,10,0,2,1.375,0.4841229182759271,5,47,0.47474747474747475,0.9,0.9494949494949495,1,52,5,1,True,2,0.09615384615384616,0,0,8,1,False
7,5,29,38,9,0.23684210526315788,4.142857142857143,0.3499271061118826,5,4.142857142857143,2.3560603574958057,6,0,2,1.4,0.4898979485566356,3,10,0.3448275862068966,0.6904761904761905,0.6896551724137931,1,19,9,1,True,2,0.47368421052631576,0,0,5,7,False
10,8,80,86,6,0.06976744186046512,8.0,1.0,9,8.0,1.2649110640673518,9,0,2,1.25,0.4330127018922193,6,39,0.4875,0.8888888888888888,0.975,1,43,6,0,False,1,0.13953488372093023,0,0,8,3,False
5,5,20,20,0,0.0,4.0,0.0,4,4.0,0.0,4,0,1,1.0,0.0,5,10,0.5,1.0,1.0,1,10,0,0,False,0,0.0,0,0,5,3,False
13,6,94,140,46,0.32857142857142857,7.230769230769231,1.5764539639937842,10,7.230769230769231,2.325571762743227,11,0,3,2.1666666666666665,0.3726779962499649,0,41,0.43617021276595747,0.6025641025641025,0.8723404255319149,1,70,46,6,True,2,0.6571428571428571,0,0,6,7,False
20,6,200,332,132,0.39759036144578314,10.0,2.1213203435596424,14,10.0,4.06201920231798,17,0,4,3.3333333333333335,0.4714045207910317,0,67,0.335,0.5263157894736842,0.67,1,166,132,23,True,2,0.7951807228915663,0,0,6,7,False
11,8,98,102,4,0.0392156862745098,8.909090909090908,1.2398346997259868,10,8.909090909090908,1.504813214295168,10,0,3,1.375,0.6959705453537527,6,47,0.47959183673469385,0.8909090909090909,0.9591836734693877,1,51,4,0,False,1,0.0784313725490196,0,0,8,7,False
6,5,28,28,0,0.0,4.666666666666667,0.4714045207910317,5,4.666666666666667,0.4714045207910317,5,0,2,1.2,0.4000000000000001,4,14,0.5,0.9333333333333333,1.0,1,14,0,0,False,0,0.0,0,0,5,6,False
21,10,294,372,78,0.20967741935483872,14.0,4.174754056057845,20,14.0,4.680252333449758,20,0,5,2.1,1.5779733838059502,6,140,0.47619047619047616,0.7,0.9523809523809523,1,186,78,0,False,1,0.41935483870967744,0,0,10,4,False
5,5,20,20,0,0.0,4.0,0.0,4,4.0,0.0,4,0,1,1.0,0.0,5,10,0.5,1.0,1.0,1,10,0,0,False,0,0.0,0,0,5,5,False
17,10,236,258,22,0.08527131782945736,13.882352941176471,1.2310852668503736,16,13.882352941176471,1.936715015665215,16,0,2,1.7,0.45825756949558394,3,113,0.4788135593220339,0.8676470588235294,0.9576271186440678,1,129,22,0,False,1,0.17054263565891473,0,0,10,1,False
5,4,18,18,0,0.0,3.6,0.4898979485566356,4,3.6,0.4898979485566356,4,0,2,1.25,0.4330127018922193,3,9,0.5,0.9,1.0,1,9,0,0,False,0,0.0,0,0,4,1,False
6,5,27,28,1,0.03571428571428571,4.5,0.5,5,4.5,0.7637626158259734,5,0,2,1.2,0.4,4,13,0.48148148148148145,0.9,0.9629629629629629,1,14,1,0,False,1,0.07142857142857142,0,0,5,2,False
2,2,2,2,0,0.0,1.0,0.0,1,1.0,0.0,1,0,1,1.0,0.0,2,1,0.5,1.0,1.0,1,0,0,0,False,0,,0,0,2,3,False
15,5,97,178,81,0.4550561797752809,6.466666666666667,1.586050300449376,10,6.466666666666667,1.8208667044996885,10,0,4,3.0,0.6324555320336759,0,44,0.4536082474226804,0.46190476190476193,0.9072164948453608,1,89,81,6,True,2,0.9101123595505618,0,0,5,4,False
27,10,550,612,62,0.10130718954248366,20.37037037037037,3.35711679811101,26,20.37037037037037,3.128698086213759,26,0,8,2.7,2.0999999999999996,4,271,0.49272727272727274,0.7834757834757835,0.9854545454545455,1,306,62,0,False,1,0.20261437908496732,0,0,10,3,False
16,3,67,162,95,0.5864197530864198,4.1875,2.5054627816034305,13,4.1875,4.003416509682698,13,0,7,5.333333333333333,1.699673171197595,0,7,0.1044776119402985,0.2791666666666667,0.208955223880597,2,81,95,19,True,4,1.1728395061728396,0,0,3,7,False
12,7,86,120,34,0.2833333333333333,7.166666666666667,0.8975274678557508,9,7.166666666666667,4.159994658116228,11,0,3,1.7142857142857142,0.6998542122237652,3,28,0.32558139534883723,0.6515151515151515,0.6511627906976745,2,60,34,2,True,2,0.5666666666666667,0,0,7,7,False
23,6,280,424,144,0.33962264150943394,12.173913043478262,1.7358665024067068,16,12.173913043478262,5.514030908691371,20,0,7,3.8333333333333335,1.674979270186815,0,110,0.39285714285714285,0.5533596837944664,0.7857142857142857,1,212,144,25,True,2,0.6792452830188679,4,0,6,5,True
8,7,54,54,0,0.0,6.75,0.4330127018922193,7,6.75,0.4330127018922193,7,0,2,1.1428571428571428,0.34992710611188266,6,27,0.5,0.9642857142857143,1.0,1,27,0,0,False,0,0.0,0,0,7,5,False
24,10,386,490,104,0.21224489795918366,16.083333333333332,3.6045881256470285,23,16.083333333333332,5.55965126804031,23,0,6,2.4,1.6852299546352718,4,153,0.3963730569948187,0.6992753623188406,0.7927461139896373,1,245,104,9,True,3,0.42448979591836733,0,0,10,8,False
10,3,40,56,16,0.2857142857142857,4.0,2.1447610589527217,8,4.0,1.61245154965971,7,0,6,3.3333333333333335,1.8856180831641267,0,18,0.45,0.4444444444444444,0.9,1,28,16,1,True,2,0.5714285714285714,0,0,3,3,False
3,2,4,4,0,0.0,1.3333333333333333,0.4714045207910317,2,1.3333333333333333,0.4714045207910317,2,0,2,1.5,0.5,1,2,0.5,0.6666666666666666,1.0,1,2,0,0,False,0,0.0,0,0,2,6,False
6,4,24,24,0,0.0,4.0,1.0,5,4.0,1.0,5,0,3,1.5,0.8660254037844386,3,12,0.5,0.8,1.0,1,12,0,0,False,0,0.0,0,0,4,6,False
7,6,40,40,0,0.0,5.714285714285714,0.45175395145262565,6,5.714285714285714,0.45175395145262565,6,0,2,1.1666666666666667,0.37267799624996495,5,20,0.5,0.9523809523809523,1.0,1,20,0,0,False,0,0.0,0,0,6,3,False
3,3,6,6,0,0.0,2.0,0.0,2,2.0,0.0,2,0,1,1.0,0.0,3,3,0.5,1.0,1.0,1,3,0,0,False,0,0.0,0,0,3,2,False
4,3,9,10,1,0.1,2.25,0.4330127018922193,3,2.25,0.82915619758885,3,0,2,1.3333333333333333,0.4714045207910317,2,4,0.4444444444444444,0.75,0.8888888888888888,1,5,1,0,False,1,0.2,0,0,3,7,False
11,4,48,90,42,0.4666666666666667,4.363636363636363,1.822721605069402,8,4.363636363636363,2.603240193322973,9,0,3,2.75,0.4330127018922193,0,17,0.3541666666666667,0.43636363636363634,0.7083333333333334,1,45,42,5,True,2,0.9333333333333333,0,0,4,7,False
10,6,64,80,16,0.2,6.4,1.7435595774162693,9,6.4,1.7435595774162693,9,0,3,1.6666666666666667,0.7453559924999299,3,32,0.5,0.7111111111111111,1.0,1,40,16,0,False,1,0.4,0,0,6,1,False
3,3,6,6,0,0.0,2.0,0.0,2,2.0,0.0,2,0,1,1.0,0.0,3,3,0.5,1.0,1.0,1,3,0,0,False,0,0.0,0,0,3,5,False
20,6,142,326,184,0.5644171779141104,7.1,1.5459624833740306,12,7.1,3.315116890850155,15,0,5,3.3333333333333335,1.1055415967851334,0,61,0.4295774647887324,0.3736842105263158,0.8591549295774648,1,163,184,13,True,3,1.1288343558282208,0,0,6,6,False
10,9,88,88,0,0.0,8.8,0.4,9,8.8,0.4,9,0,2,1.1111111111111112,0.3142696805273545,8,44,0.5,0.9777777777777777,1.0,1,44,0,0,False,0,0.0,0,0,9,8,False
13,7,120,142,22,0.15492957746478872,9.23076923076923,1.1200169060431566,11,9.23076923076923,2.576636034529881,12,0,3,1.8571428571428572,0.6388765649999398,2,57,0.475,0.7692307692307693,0.95,1,71,22,0,False,1,0.30985915492957744,0,0,7,1,False
28,4,153,576,423,0.734375,5.464285714285714,2.499744884942445,15,5.464285714285714,3.9413752391151746,15,0,10,7.0,1.7320508075688772,0,38,0.24836601307189543,0.20238095238095238,0.49673202614379086,3,288,423,32,True,3,1.46875,0,0,4,8,False
9,7,68,68,0,0.0,7.555555555555555,0.49690399499995325,8,7.555555555555555,0.49690399499995325,8,0,2,1.2857142857142858,0.45175395145262565,5,34,0.5,0.9444444444444444,1.0,1,34,0,0,False,0,0.0,0,0,7,2,False
6,5,28,28,0,0.0,4.666666666666667,0.4714045207910317,5,4.666666666666667,0.4714045207910317,5,0,2,1.2,0.4000000000000001,4,14,0.5,0.9333333333333333,1.0,1,14,0,0,False,0,0.0,0,0,5,5,False
10,6,70,82,12,0.14634146341463414,7.0,1.2649110640673518,9,7.0,1.2649110640673518,9,0,2,1.6666666666666667,0.4714045207910317,2,35,0.5,0.7777777777777778,1.0,1,41,12,0,False,1,0.2926829268292683,0,0,6,1,False
5,3,10,14,4,0.2857142857142857,2.0,0.0,2,2.0,1.7888543819998317,4,0,3,1.6666666666666667,0.9428090415820634,2,3,0.3,0.5,0.6,1,7,4,0,False,1,0.5714285714285714,0,0,3,2,False
3,3,6,6,0,0.0,2.0,0.0,2,2.0,0.0,2,0,1,1.0,0.0,3,3,0.5,1.0,1.0,1,3,0,0,False,0,0.0,0,0,3,2,False
9,6,46,60,14,0.23333333333333334,5.111111111111111,0.3142696805273545,6,5.111111111111111,3.510126444206959,8,0,4,1.5,1.118033988749895,5,16,0.34782608695652173,0.6388888888888888,0.6956521739130435,1,30,14,0,False,1,0.4666666666666667,0,0,6,6,False
16,6,100,200,100,0.5,6.25,1.8540496217739157,9,6.25,1.8540496217739157,9,0,6,2.6666666666666665,1.4907119849998598,0,50,0.5,0.4166666666666667,1.0,2,100,100,0,False,1,1.0,0,0,6,1,False
11,2,30,48,18,0.375,2.727272727272727,1.7104443383842527,8,2.727272727272727,2.6659778724754872,8,0,8,5.5,2.5,0,6,0.2,0.2727272727272727,0.4,1,24,18,5,True,2,0.75,0,0,2,5,False
3,3,6,6,0,0.0,2.0,0.0,2,2.0,0.0,2,0,1,1.0,0.0,3,3,0.5,1.0,1.0,1,3,0,0,False,0,0.0,0,0,3,2,False
18,9,185,274,89,0.3248175182481752,10.277777777777779,2.206192183518309,15,10.277777777777779,4.862618813807542,17,0,4,2.0,1.247219128924647,5,78,0.42162162162162165,0.6045751633986928,0.8432432432432433,1,137,89,4,True,2,0.6496350364963503,0,0,9,7,False
5,2,8,12,4,0.3333333333333333,1.6,0.8,3,1.6,0.4898979485566356,2,0,3,2.5,0.5,0,3,0.375,0.4,0.75,2,6,4,0,False,1,0.6666666666666666,0,0,2,3,False
10,9,80,88,8,0.09090909090909091,8.0,0.0,8,8.0,2.6832815729997477,9,0,2,1.1111111111111112,0.3142696805273545,8,36,0.45,0.8888888888888888,0.9,1,44,8,0,False,1,0.18181818181818182,0,0,9,8,False
9,4,37,58,21,0.3620689655172414,4.111111111111111,1.0999438818457405,6,4.111111111111111,1.9116278371205837,8,0,3,2.25,0.82915619758885,1,17,0.4594594594594595,0.5138888888888888,0.918918918918919,1,29,21,0,False,1,0.7241379310344828,0,0,4,6,False
10,6,61,78,17,0.21794871794871795,6.1,1.5132745950421556,9,6.1,2.5865034312755126,9,0,3,1.6666666666666667,0.9428090415820634,4,27,0.4426229508196721,0.6777777777777778,0.8852459016393442,1,39,17,0,False,1,0.4358974358974359,0,0,6,8,False
6,6,30,30,0,0.0,5.0,0.0,5,5.0,0.0,5,0,1,1.0,0.0,6,15,0.5,1.0,1.0,1,15,0,0,False,0,0.0,0,0,6,1,False
20,10,240,348,108,0.3103448275862069,12.0,2.8106938645110393,18,12.0,5.1478150704935,19,0,4,2.0,1.0954451150103321,4,99,0.4125,0.631578947368421,0.825,1,174,108,8,True,2,0.6206896551724138,0,0,10,7,False
11,10,100,108,8,0.07407407407407407,9.090909090909092,0.28747978728803447,10,9.090909090909092,2.5745095015465993,10,0,2,1.1,0.3,9,46,0.46,0.9090909090909091,0.92,1,54,8,0,False,1,0.14814814814814814,0,0,10,4,False
19,3,53,238,185,0.7773109243697479,2.789473684210526,1.1506953215302866,6,2.789473684210526,1.7038330585514365,7,0,7,6.333333333333333,0.9428090415820634,0,18,0.33962264150943394,0.15497076023391812,0.6792452830188679,2,119,185,10,True,3,1.5546218487394958,3,0,3,7,True
4,2,6,6,0,0.0,1.5,0.8660254037844386,3,1.5,0.8660254037844386,3,0,3,2.0,1.0,1,3,0.5,0.5,1.0,1,3,0,0,False,0,0.0,0,0,2,2,False
22,6,192,400,208,0.52,8.727272727272727,4.024717022032484,20,8.727272727272727,3.6949820787093786,20,0,4,3.6666666666666665,0.7453559924999298,0,90,0.46875,0.4155844155844156,0.9375,1,200,208,0,False,1,1.04,0,0,6,1,False
8,4,33,48,15,0.3125,4.125,0.9270248108869579,6,4.125,1.6909686573085854,6,0,2,2.0,0.0,0,13,0.3939393939393939,0.5892857142857143,0.7878787878787878,1,24,15,2,True,2,0.625,0,0,4,2,False
8,7,54,54,0,0.0,6.75,0.4330127018922193,7,6.75,0.4330127018922193,7,0,2,1.1428571428571428,0.3499271061118826,6,27,0.5,0.9642857142857143,1.0,1,27,0,0,False,0,0.0,0,0,7,3,False
35,10,631,1080,449,0.41574074074074074,18.02857142857143,4.913455079302805,28,18.02857142857143,10.371625342486006,32,0,7,3.5,1.5,0,200,0.31695721077654515,0.5302521008403361,0.6339144215530903,3,540,449,72,True,3,0.8314814814814815,0,0,10,7,False
15,5,132,148,16,0.10810810810810811,8.8,1.6,12,8.8,4.052982440952177,14,0,7,3.0,2.5298221281347035,3,58,0.4393939393939394,0.6285714285714286,0.8787878787878788,1,74,16,0,False,1,0.21621621621621623,0,0,5,5,False
8,6,48,50,2,0.04,6.0,1.0,7,6.0,1.3228756555322954,7,0,3,1.3333333333333333,0.74535599249993,5,23,0.4791666666666667,0.8571428571428571,0.9583333333333334,1,25,2,0,False,1,0.08,0,0,6,5,False
28,6,230,642,412,0.6417445482866043,8.214285714285714,2.7820488705929214,14,8.214285714285714,3.457467517223128,14,0,7,4.666666666666667,1.3743685418725535,0,90,0.391304347826087,0.30423280423280424,0.782608695652174,2,321,412,23,True,3,1.2834890965732086,0,0,6,3,False
5,3,13,14,1,0.07142857142857142,2.6,0.8,4,2.6,1.2000000000000002,4,0,3,1.6666666666666667,0.9428090415820634,2,6,0.46153846153846156,0.65,0.9230769230769231,1,7,1,0,False,1,0.14285714285714285,0,0,3,6,False
13,8,122,142,20,0.14084507042253522,9.384615384615385,1.5461347109416752,12,9.384615384615385,2.5880928986554954,12,0,3,1.625,0.8569568250501305,5,57,0.4672131147540984,0.782051282051282,0.9344262295081968,1,71,20,1,True,2,0.28169014084507044,0,0,8,5,False
12,5,76,106,30,0.2830188679245283,6.333333333333333,1.0274023338281626,8,6.333333333333333,3.1446603773522015,11,0,4,2.4,1.3564659966250538,2,27,0.35526315789473684,0.5757575757575758,0.7105263157894737,1,53,30,3,True,2,0.5660377358490566,0,0,5,8,False
40,10,732,1394,662,0.4748923959827834,18.3,4.955804677345546,31,18.3,11.384638773364747,39,0,7,4.0,2.1447610589527217,1,285,0.38934426229508196,0.46923076923076923,0.7786885245901639,1,697,662,13,True,3,0.9497847919655668,0,0,10,4,False
20,10,210,356,146,0.4101123595505618,10.5,2.6551836094703507,18,10.5,2.958039891549808,19,0,3,2.0,0.6324555320336759,2,104,0.49523809523809526,0.5526315789473685,0.9904761904761905,1,178,146,0,False,1,0.8202247191011236,0,0,10,3,False
13,3,35,102,67,0.6568627450980392,2.6923076923076925,1.1357556200179537,5,2.6923076923076925,1.3234346564680965,5,0,7,4.333333333333333,1.8856180831641267,0,15,0.42857142857142855,0.22435897435897437,0.8571428571428571,3,51,67,2,True,2,1.3137254901960784,0,0,3,3,False
20,10,261,338,77,0.22781065088757396,13.05,4.0183952020676115,19,13.05,5.171798526624949,19,0,6,2.0,1.4832396974191326,5,105,0.40229885057471265,0.6868421052631579,0.8045977011494253,1,169,77,16,True,2,0.4556213017751479,0,0,10,7,False
14,8,152,168,16,0.09523809523809523,10.857142857142858,0.9147320339189783,12,10.857142857142858,3.1134992453861954,13,0,3,1.75,0.6614378277661477,3,70,0.4605263157894737,0.8351648351648352,0.9210526315789473,1,84,16,0,False,1,0.19047619047619047,0,0,8,2,False
24,8,275,498,223,0.44779116465863456,11.458333333333334,3.1882488227168775,22,11.458333333333334,2.798499101701164,17,0,4,3.0,0.8660254037844386,0,124,0.4509090909090909,0.49818840579710144,0.9018181818181819,1,249,223,8,True,2,0.8955823293172691,2,0,8,4,True
3,3,6,6,0,0.0,2.0,0.0,2,2.0,0.0,2,0,1,1.0,0.0,3,3,0.5,1.0,1.0,1,3,0,0,False,0,0.0,0,0,3,8,False
5,4,18,18,0,0.0,3.6,0.4898979485566356,4,3.6,0.4898979485566356,4,0,2,1.25,0.4330127018922193,3,9,0.5,0.9,1.0,1,9,0,0,False,0,0.0,0,0,4,4,False
17,9,200,254,54,0.2125984251968504,11.764705882352942,2.0444879055273844,15,11.764705882352942,3.153511800865932,16,0,3,1.8888888888888888,0.5665577237325317,2,83,0.415,0.7352941176470589,0.83,1,127,54,4,True,2,0.4251968503937008,0,0,9,3,False
21,10,268,390,122,0.3128205128205128,12.761904761904763,2.809927331796558,19,12.761904761904763,5.11677690501468,20,0,3,2.1,0.8306623862918074,3,94,0.35074626865671643,0.638095238095238,0.7014925373134329,1,195,122,19,True,2,0.6256410256410256,0,0,10,7,False
13,9,130,146,16,0.1095890410958904,10.0,0.8770580193070292,12,10.0,2.7735009811261455,12,0,3,1.4444444444444444,0.6849348892187752,6,60,0.46153846153846156,0.8333333333333334,0.9230769230769231,1,73,16,0,False,1,0.2191780821917808,0,0,9,5,False
6,6,30,30,0,0.0,5.0,0.0,5,5.0,0.0,5,0,1,1.0,0.0,6,15,0.5,1.0,1.0,1,15,0,0,False,0,0.0,0,0,6,7,False
7,7,42,42,0,0.0,6.0,0.0,6,6.0,0.0,6,0,1,1.0,0.0,7,21,0.5,1.0,1.0,1,21,0,0,False,0,0.0,0,0,7,5,False
16,5,81,204,123,0.6029411764705882,5.0625,1.0288798520721456,7,5.0625,1.3905372163304368,8,0,4,3.2,0.39999999999999997,0,39,0.48148148148148145,0.3375,0.9629629629629629,2,102,123,2,True,3,1.2058823529411764,0,0,5,1,False
17,9,207,252,45,0.17857142857142858,12.176470588235293,2.120912514978817,16,12.176470588235293,3.853726906860988,16,0,3,1.8888888888888888,0.7370277311900889,3,86,0.41545893719806765,0.7610294117647058,0.8309178743961353,1,126,45,7,True,2,0.35714285714285715,0,0,9,8,False
19,10,308,318,10,0.031446540880503145,16.210526315789473,0.8931875130777442,18,16.210526315789473,1.280581585325941,18,0,3,1.9,0.8306623862918074,4,152,0.4935064935064935,0.9005847953216374,0.987012987012987,1,159,10,0,False,1,0.06289308176100629,0,0,10,2,False
3,2,3,4,1,0.25,1.0,0.0,1,1.0,0.816496580927726,2,0,2,1.5,0.5,1,1,0.3333333333333333,0.5,0.6666666666666666,1,2,1,0,False,1,0.5,0,0,2,4,False
16,8,162,218,56,0.25688073394495414,10.125,2.54644359843292,15,10.125,3.6033838263498934,15,0,4,2.0,0.8660254037844386,2,65,0.4012345679012346,0.675,0.8024691358024691,1,109,56,3,True,2,0.5137614678899083,0,0,8,7,False
3,3,6,6,0,0.0,2.0,0.0,2,2.0,0.0,2,0,1,1.0,0.0,3,3,0.5,1.0,1.0,1,3,0,0,False,0,0.0,0,0,3,1,False
10,6,71,80,9,0.1125,7.1,1.374772708486752,9,7.1,1.7,9,0,3,1.6666666666666667,0.7453559924999299,3,34,0.4788732394366197,0.7888888888888889,0.9577464788732394,1,40,9,2,True,2,0.225,0,0,6,3,False
22,6,149,392,243,0.6198979591836735,6.7727272727272725,2.214247628876109,12,6.7727272727272725,2.7622753825888178,12,0,6,3.6666666666666665,1.3743685418725535,0,69,0.46308724832214765,0.3225108225108225,0.9261744966442953,2,196,243,9,True,2,1.239795918367347,0,0,6,2,False
10,7,74,84,10,0.11904761904761904,7.4,1.42828568570857,9,7.4,1.42828568570857,9,0,2,1.4285714285714286,0.4948716593053935,4,36,0.4864864864864865,0.8222222222222222,0.972972972972973,1,42,10,1,True,2,0.23809523809523808,0,0,7,5,False
13,7,117,136,19,0.13970588235294118,9.0,2.0754980866510833,12,9.0,2.6890089681459286,12,0,4,1.8571428571428572,1.1248582677159729,4,55,0.4700854700854701,0.75,0.9401709401709402,1,68,19,1,True,2,0.27941176470588236,0,0,7,3,False
8,7,53,54,1,0.018518518518518517,6.625,0.4841229182759271,7,6.625,0.6959705453537527,7,0,2,1.1428571428571428,0.3499271061118826,6,26,0.49056603773584906,0.9464285714285714,0.9811320754716981,1,27,1,0,False,1,0.037037037037037035,0,0,7,1,False
13,8,104,142,38,0.2676056338028169,8.0,1.3008872711759818,12,8.0,4.095025124371127,12,0,3,1.625,0.8569568250501305,5,38,0.36538461538461536,0.6666666666666666,0.7307692307692307,1,71,38,3,True,2,0.5352112676056338,0,0,8,6,False
6,4,21,24,3,0.125,3.5,0.7637626158259734,5,3.5,1.6072751268321592,5,0,3,1.5,0.8660254037844386,3,9,0.42857142857142855,0.7,0.8571428571428571,1,12,3,0,False,1,0.25,0,0,4,6,False
5,4,17,18,1,0.05555555555555555,3.4,0.4898979485566356,4,3.4,0.8,4,0,2,1.25,0.4330127018922193,3,8,0.47058823529411764,0.85,0.9411764705882353,1,9,1,0,False,1,0.1111111111111111,0,0,4,5,False
5,2,8,12,4,0.3333333333333333,1.6,0.4898979485566356,2,1.6,1.3564659966250536,3,0,3,2.5,0.5,0,2,0.25,0.4,0.5,1,6,4,0,False,1,0.6666666666666666,0,0,2,3,False
6,2,9,18,9,0.5,1.5,0.5,2,1.5,1.118033988749895,3,0,3,3.0,0.0,0,2,0.2222222222222222,0.3,0.4444444444444444,1,9,9,3,True,2,1.0,1,0,2,8,True
16,7,153,210,57,0.2714285714285714,9.5625,2.5731486062798625,15,9.5625,4.358450842902785,15,0,4,2.2857142857142856,1.1605769149479943,2,59,0.38562091503267976,0.6375,0.7712418300653595,1,105,57,8,True,2,0.5428571428571428,3,0,7,4,True
16,7,132,218,86,0.3944954128440367,8.25,2.1937410968480306,11,8.25,2.7726341266023544,14,0,3,2.2857142857142856,0.4517539514526256,0,63,0.4772727272727273,0.55,0.9545454545454546,1,109,86,4,True,2,0.7889908256880734,0,0,7,3,False
14,8,131,166,35,0.21084337349397592,9.357142857142858,0.8112726208286106,10,9.357142857142858,4.063902819021265,13,0,3,1.75,0.82915619758885,4,54,0.4122137404580153,0.7197802197802198,0.8244274809160306,2,83,35,0,False,1,0.42168674698795183,0,0,8,3,False
4,2,4,8,4,0.5,1.0,0.0,1,1.0,0.0,1,0,2,2.0,0.0,0,2,0.5,0.3333333333333333,1.0,2,4,4,0,False,1,1.0,0,0,2,7,False
35,10,546,1044,498,0.47701149425287354,15.6,6.118823416311342,34,15.6,7.079951573684263,34,0,7,3.5,2.4186773244895647,4,262,0.47985347985347987,0.4588235294117647,0.9597069597069597,1,522,498,0,False,1,0.9540229885057471,0,0,10,3,False
16,6,169,208,39,0.1875,10.5625,1.9675095298371492,15,10.5625,2.760632853169722,15,0,4,2.6666666666666665,0.9428090415820634,1,77,0.4556213017751479,0.7041666666666667,0.9112426035502958,1,104,39,4,True,3,0.375,0,0,6,2,False
3,3,6,6,0,0.0,2.0,0.0,2,2.0,0.0,2,0,1,1.0,0.0,3,3,0.5,1.0,1.0,1,3,0,0,False,0,0.0,0,0,3,7,False
5,5,20,20,0,0.0,4.0,0.0,4,4.0,0.0,4,0,1,1.0,0.0,5,10,0.5,1.0,1.0,1,10,0,0,False,0,0.0,0,0,5,7,False
3,3,6,6,0,0.0,2.0,0.0,2,2.0,0.0,2,0,1,1.0,0.0,3,3,0.5,1.0,1.0,1,3,0,0,False,0,0.0,0,0,3,1,False
19,9,250,316,66,0.2088607594936709,13.157894736842104,2.300186671938122,18,13.157894736842104,3.406853122669949,18,0,4,2.111111111111111,0.7370277311900889,1,112,0.448,0.7309941520467836,0.896,1,158,66,14,True,2,0.4177215189873418,0,0,9,7,False
5,2,5,8,3,0.375,1.0,0.0,1,1.0,1.5491933384829668,4,0,4,2.5,1.5,1,1,0.2,0.25,0.4,1,4,3,0,False,1,0.75,0,0,2,4,False
14,7,90,166,76,0.4578313253012048,6.428571428571429,0.49487165930539345,7,6.428571428571429,2.025349554108261,13,0,3,2.0,0.5345224838248488,1,42,0.4666666666666667,0.4945054945054945,0.9333333333333333,2,83,76,0,False,1,0.9156626506024096,0,0,7,2,False
8,5,47,50,3,0.06,5.875,0.5994789404140899,7,5.875,1.165922381636102,7,0,2,1.6,0.4898979485566356,2,22,0.46808510638297873,0.8392857142857143,0.9361702127659575,1,25,3,0,False,1,0.12,0,0,5,6,False
3,3,6,6,0,0.0,2.0,0.0,2,2.0,0.0,2,0,1,1.0,0.0,3,3,0.5,1.0,1.0,1,3,0,0,False,0,0.0,0,0,3,4,False
3,2,4,4,0,0.0,1.3333333333333333,0.4714045207910317,2,1.3333333333333333,0.4714045207910317,2,0,2,1.5,0.5,1,2,0.5,0.6666666666666666,1.0,1,2,0,0,False,0,0.0,0,0,2,8,False
11,6,75,100,25,0.25,6.818181818181818,1.6414063713879807,10,6.818181818181818,2.16661368869327,10,0,2,1.8333333333333333,0.3726779962499649,1,35,0.4666666666666667,0.6818181818181818,0.9333333333333333,1,50,25,3,True,2,0.5,0,0,6,5,False
4,4,12,12,0,0.0,3.0,0.0,3,3.0,0.0,3,0,1,1.0,0.0,4,6,0.5,1.0,1.0,1,6,0,0,False,0,0.0,0,0,4,8,False
12,2,21,70,49,0.7,1.75,0.924211375534118,4,1.75,1.6393596310755,6,0,7,6.0,1.0,0,8,0.38095238095238093,0.1590909090909091,0.7619047619047619,3,35,49,5,True,2,1.4,0,0,2,3,False
13,9,134,146,12,0.0821917808219178,10.307692307692308,0.910166120476864,12,10.307692307692308,2.75638044110291,12,0,3,1.4444444444444444,0.6849348892187752,6,61,0.4552238805970149,0.8589743589743589,0.9104477611940298,1,73,12,0,False,1,0.1643835616438356,0,0,9,2,False
21,10,257,386,129,0.33419689119170987,12.238095238095237,2.723876123061922,19,12.238095238095237,4.308405537625722,20,0,4,2.1,1.044030650891055,4,118,0.4591439688715953,0.611904761904762,0.9182879377431906,1,193,129,1,True,2,0.6683937823834197,0,0,10,5,False
10,7,72,84,12,0.14285714285714285,7.2,1.4696938456699067,9,7.2,1.4696938456699067,9,0,2,1.4285714285714286,0.4948716593053935,4,36,0.5,0.8,1.0,1,42,12,0,False,1,0.2857142857142857,0,0,7,2,False
3,3,6,6,0,0.0,2.0,0.0,2,2.0,0.0,2,0,1,1.0,0.0,3,3,0.5,1.0,1.0,1,3,0,0,False,0,0.0,0,0,3,5,False
5,2,8,8,0,0.0,1.6,1.2,4,1.6,1.2,4,0,4,2.5,1.5,1,4,0.5,0.4,1.0,1,4,0,0,False,0,0.0,0,0,2,1,False
16,7,142,218,76,0.3486238532110092,8.875,2.368411915187052,14,8.875,3.059309562630104,14,0,3,2.2857142857142856,0.4517539514526256,0,63,0.44366197183098594,0.5916666666666667,0.8873239436619719,1,109,76,10,True,3,0.6972477064220184,0,0,7,3,False
11,7,89,100,11,0.11,8.090909090909092,0.7925270806437588,9,8.090909090909092,2.7453943400984544,10,0,3,1.5714285714285714,0.7284313590846835,4,39,0.43820224719101125,0.8090909090909091,0.8764044943820225,1,50,11,1,True,2,0.22,0,0,7,6,False
6,6,30,30,0,0.0,5.0,0.0,5,5.0,0.0,5,0,1,1.0,0.0,6,15,0.5,1.0,1.0,1,15,0,0,False,0,0.0,0,0,6,7,False
3,2,4,4,0,0.0,1.3333333333333333,0.4714045207910317,2,1.3333333333333333,0.4714045207910317,2,0,2,1.5,0.5,1,2,0.5,0.6666666666666666,1.0,1,2,0,0,False,0,0.0,0,0,2,1,False
3,3,6,6,0,0.0,2.0,0.0,2,2.0,0.0,2,0,1,1.0,0.0,3,3,0.5,1.0,1.0,1,3,0,0,False,0,0.0,0,0,3,8,False
20,6,122,332,210,0.6325301204819277,6.1,1.6401219466856725,10,6.1,1.9209372712298547,10,0,4,3.3333333333333335,0.4714045207910317,0,55,0.45081967213114754,0.32105263157894737,0.9016393442622951,2,166,210,8,True,3,1.2650602409638554,0,0,6,1,False
5,4,16,18,2,0.1111111111111111,3.2,0.39999999999999997,4,3.2,1.16619037896906,4,0,2,1.25,0.4330127018922193,3,7,0.4375,0.8,0.875,1,9,2,0,False,1,0.2222222222222222,0,0,4,2,False
24,7,238,488,250,0.5122950819672131,9.916666666666666,3.4630991258633586,22,9.916666666666666,3.893548795407889,22,0,5,3.4285714285714284,0.9035079029052513,0,109,0.4579831932773109,0.4311594202898551,0.9159663865546218,1,244,250,11,True,2,1.0245901639344261,0,0,7,3,False
27,10,385,624,239,0.38301282051282054,14.25925925925926,4.888327689450791,26,14.25925925925926,5.706348593112584,26,0,6,2.7,1.7916472867168918,3,174,0.45194805194805193,0.5484330484330484,0.9038961038961039,1,312,239,2,True,2,0.7660256410256411,0,0,10,4,False
10,10,90,90,0,0.0,9.0,0.0,9,9.0,0.0,9,0,1,1.0,0.0,10,45,0.5,1.0,1.0,1,45,0,0,False,0,0.0,0,0,10,6,False
14,7,137,164,27,0.16463414634146342,9.785714285714286,1.4725377234348789,12,9.785714285714286,3.233277227930364,13,0,3,2.0,0.7559289460184544,2,59,0.4306569343065693,0.7527472527472527,0.8613138686131386,1,82,27,3,True,2,0.32926829268292684,0,0,7,6,False
21,8,274,376,102,0.2712765957446808,13.047619047619047,3.484334881890803,18,13.047619047619047,5.009288424670908,20,0,4,2.625,1.1110243021644486,2,118,0.4306569343065693,0.6523809523809524,0.8613138686131386,1,188,102,8,True,2,0.5425531914893617,0,0,8,1,False
7,7,42,42,0,0.0,6.0,0.0,6,6.0,0.0,6,0,1,1.0,0.0,7,21,0.5,1.0,1.0,1,21,0,0,False,0,0.0,0,0,7,6,False
5,4,15,18,3,0.16666666666666666,3.0,0.0,3,3.0,1.5491933384829668,4,0,2,1.25,0.4330127018922193,3,6,0.4,0.75,0.8,1,9,3,0,False,1,0.3333333333333333,0,0,4,5,False
3,3,6,6,0,0.0,2.0,0.0,2,2.0,0.0,2,0,1,1.0,0.0,3,3,0.5,1.0,1.0,1,3,0,0,False,0,0.0,0,0,3,3,False
11,8,92,98,6,0.061224489795918366,8.363636363636363,1.2984415324623362,10,8.363636363636363,2.3460887091934435,10,0,4,1.375,0.9921567416492215,7,43,0.4673913043478261,0.8363636363636363,0.9347826086956522,1,49,6,0,False,1,0.12244897959183673,0,0,8,8,False
10,9,88,88,0,0.0,8.8,0.4,9,8.8,0.4,9,0,2,1.1111111111111112,0.3142696805273545,8,44,0.5,0.9777777777777777,1.0,1,44,0,0,False,0,0.0,0,0,9,1,False
11,8,95,104,9,0.08653846153846154,8.636363636363637,0.4810456929208346,9,8.636363636363637,2.267266166061805,10,0,2,1.375,0.4841229182759271,5,43,0.45263157894736844,0.8636363636363636,0.9052631578947369,1,52,9,0,False,1,0.17307692307692307,0,0,8,3,False
20,4,105,300,195,0.65,5.25,2.5074887836239665,11,5.25,3.948100809249936,15,0,5,5.0,0.0,0,25,0.23809523809523808,0.27631578947368424,0.47619047619047616,1,150,195,14,True,2,1.3,0,0,4,4,False
4,2,5,8,3,0.375,1.25,0.4330127018922193,2,1.25,0.82915619758885,2,0,2,2.0,0.0,0,1,0.2,0.4166666666666667,0.4,1,4,3,1,True,2,0.75,0,0,2,2,False
6,3,16,24,8,0.3333333333333333,2.6666666666666665,0.7453559924999298,4,2.6666666666666665,0.7453559924999298,4,0,2,2.0,0.0,0,8,0.5,0.5333333333333333,1.0,1,12,8,0,False,1,0.6666666666666666,0,0,3,7,False
8,4,32,36,4,0.1111111111111111,4.0,1.4142135623730951,7,4.0,2.449489742783178,7,0,5,2.0,1.7320508075688772,3,14,0.4375,0.5714285714285714,0.875,1,18,4,0,False,1,0.2222222222222222,0,0,4,3,False
17,9,185,256,71,0.27734375,10.882352941176471,1.7449878793166267,15,10.882352941176471,3.3233992686648315,16,0,2,1.8888888888888888,0.3142696805273545,1,79,0.42702702702702705,0.6801470588235294,0.8540540540540541,1,128,71,9,True,2,0.5546875,0,0,9,4,False
12,10,122,126,4,0.031746031746031744,10.166666666666666,0.7993052538854533,11,10.166666666666666,1.7240134054647664,11,0,3,1.2,0.6000000000000001,9,59,0.48360655737704916,0.9242424242424242,0.9672131147540983,1,63,4,0,False,1,0.06349206349206349,0,0,10,5,False
61,5,361,2934,2573,0.8769597818677574,5.918032786885246,2.3836539107299397,13,5.918032786885246,2.431319428388513,13,0,16,12.2,2.9257477676655586,0,179,0.49584487534626037,0.09863387978142077,0.9916897506925207,6,1467,2573,2,True,3,1.7539195637355147,0,0,5,1,False
7,4,29,36,7,0.19444444444444445,4.142857142857143,0.989743318610787,6,4.142857142857143,1.5518257844571737,6,0,2,1.75,0.4330127018922193,1,12,0.41379310344827586,0.6904761904761905,0.8275862068965517,1,18,7,1,True,2,0.3888888888888889,0,0,4,5,False
7,5,36,36,0,0.0,5.142857142857143,0.989743318610787,6,5.142857142857143,0.989743318610787,6,0,3,1.4,0.8,4,18,0.5,0.8571428571428571,1.0,1,18,0,0,False,0,0.0,0,0,5,6,False
12,8,111,122,11,0.09016393442622951,9.25,1.689427911059441,11,9.25,2.0463381929681126,11,0,3,1.5,0.7071067811865476,5,50,0.45045045045045046,0.8409090909090909,0.9009009009009009,1,61,11,3,True,2,0.18032786885245902,0,0,8,6,False
10,10,90,90,0,0.0,9.0,0.0,9,9.0,0.0,9,0,1,1.0,0.0,10,45,0.5,1.0,1.0,1,45,0,0,False,0,0.0,0,0,10,2,False
6,5,26,28,2,0.07142857142857142,4.333333333333333,0.4714045207910317,5,4.333333333333333,1.1055415967851332,5,0,2,1.2,0.4,4,12,0.46153846153846156,0.8666666666666667,0.9230769230769231,1,14,2,0,False,1,0.14285714285714285,0,0,5,7,False
